area,rooms,floor,total_floors,year,price
55.3,2,7,9,1980,8142000.0
46.0,1,4,25,2006,6834000.0
22.3,1,5,17,2001,3209000.0
68.6,2,11,12,2017,10595000.0
45.1,1,3,5,1969,6021000.0
48.0,1,3,5,1966,5493000.0
51.0,2,1,5,1968,5683000.0
84.1,3,6,17,2018,13087000.0
56.9,2,1,12,2018,7169000.0
69.3,3,12,17,2023,9956000.0
78.0,3,4,5,1961,7903000.0
100.9,4,16,25,2024,13371000.0
66.0,3,11,17,2022,9111000.0
59.4,2,6,9,1998,7252000.0
56.8,2,4,5,1984,7131000.0
33.3,1,1,5,1971,3802000.0
56.7,2,8,9,1993,7770000.0
105.2,4,11,12,2005,12508000.0
53.0,2,2,9,1998,6683000.0
45.6,2,8,9,1975,6000000.0
47.8,2,6,12,2014,6431000.0
58.3,2,5,5,1981,7472000.0
53.7,2,5,9,1993,6540000.0
56.3,2,8,9,1988,7513000.0
52.4,2,7,9,1998,7563000.0
49.0,2,8,17,2024,5363000.0
82.6,3,4,5,1972,10391000.0
76.2,3,8,12,2004,11476000.0
33.9,1,7,12,2001,4608000.0
77.0,3,2,5,1974,9308000.0
44.3,1,11,12,2015,6023000.0
28.1,1,1,5,1966,3142000.0
65.6,2,5,5,1981,9680000.0
34.3,1,23,25,2005,3816000.0
36.0,1,12,25,2016,5095000.0
48.8,2,17,17,2000,6775000.0
73.4,2,2,9,1980,10256000.0
40.1,1,5,5,1965,3917000.0
44.5,2,1,12,2003,5139000.0
59.1,2,3,9,1982,6970000.0
64.8,2,3,5,1968,7105000.0
79.3,3,5,9,1996,10100000.0
61.7,2,1,5,1969,5610000.0
31.0,1,20,25,2023,4624000.0
30.7,1,8,9,1982,3595000.0
54.3,2,6,12,2001,7330000.0
56.2,2,1,9,1994,6205000.0
33.7,1,12,12,2016,4689000.0
36.5,1,1,12,2000,4113000.0
67.6,3,3,5,1973,8611000.0
45.0,2,14,25,2021,6408000.0
52.3,2,8,17,2022,7739000.0
88.2,3,11,25,2004,11579000.0
84.9,3,14,17,2023,12200000.0
58.7,2,8,12,2008,8212000.0
46.5,2,3,25,2019,7339000.0
103.9,4,4,5,1976,11511000.0
56.2,2,3,5,1965,6030000.0
35.0,1,4,5,1960,4091000.0
44.3,1,9,9,1992,5334000.0
49.5,2,4,9,1985,6234000.0
72.0,3,3,9,1978,7668000.0
41.1,1,5,17,2019,6846000.0
27.6,1,7,9,1980,3258000.0
68.7,3,5,9,1982,9326000.0
75.4,3,4,12,2018,10557000.0
22.6,1,4,5,1974,3056000.0
56.8,2,2,17,2021,7720000.0
55.9,2,2,5,1978,5521000.0
34.5,1,13,25,2001,4041000.0
72.3,3,16,17,2003,11994000.0
45.2,1,2,5,1963,5021000.0
42.3,1,3,5,1971,5764000.0
39.5,1,17,17,2017,4884000.0
31.2,1,5,17,2011,4639000.0
39.7,1,8,17,2018,6169000.0
37.4,1,15,17,2024,7376000.0
94.8,3,5,5,1984,10665000.0
26.5,1,6,9,1989,3281000.0
75.5,3,4,5,1969,8918000.0
54.1,2,13,17,2006,6812000.0
58.7,2,4,12,2001,8306000.0
27.8,1,2,9,1987,3653000.0
43.4,1,3,5,1975,5021000.0
45.3,2,7,9,1995,6301000.0
59.1,2,3,9,1982,7480000.0
75.5,3,13,17,2000,10646000.0
72.8,3,5,12,2016,11857000.0
51.1,2,6,17,2014,6953000.0
54.4,2,4,9,1996,6943000.0
75.8,3,3,5,1982,7952000.0
58.4,2,7,17,2013,8767000.0
103.3,4,4,17,2006,12552000.0
75.1,3,2,12,2018,10945000.0
35.3,1,7,17,2009,5712000.0
48.5,1,3,9,1994,6153000.0
62.9,2,1,12,2024,8029000.0
49.8,2,2,9,1985,6961000.0
55.6,2,2,5,1979,7353000.0
76.9,3,1,5,1980,8814000.0
33.1,1,4,5,1981,4091000.0
36.8,1,8,12,2022,4806000.0
26.1,1,6,9,1979,3090000.0
58.0,2,6,12,2006,7235000.0
70.1,2,14,25,2011,10501000.0
37.5,1,1,9,1976,4363000.0
57.5,2,2,9,1981,6738000.0
37.8,1,17,17,2020,5201000.0
28.0,1,8,9,1979,3739000.0
71.2,2,4,5,1981,8591000.0
58.8,2,9,9,1986,6706000.0
59.3,2,3,5,1984,8974000.0
73.1,3,14,25,2003,9166000.0
79.5,3,1,17,2020,10836000.0
51.4,1,10,12,2020,8083000.0
64.8,2,17,17,2018,7593000.0
32.2,2,17,17,2002,3892000.0
85.4,3,1,5,1976,9807000.0
69.1,3,4,17,2003,9048000.0
30.0,1,1,12,2008,3326000.0
30.4,1,2,17,2001,4432000.0
52.4,2,8,17,2009,6930000.0
62.2,2,7,9,1994,8567000.0
37.1,1,1,5,1984,5523000.0
41.9,1,6,9,1983,5646000.0
55.6,2,4,9,1982,7388000.0
29.7,1,15,17,2017,4330000.0
40.7,1,9,17,2010,5259000.0
32.9,1,3,5,1978,4602000.0
40.2,1,3,12,2021,5737000.0
57.0,2,2,9,1992,7287000.0
55.6,2,1,9,1993,7755000.0
49.7,1,1,5,1976,5433000.0
23.7,1,3,9,1994,3620000.0
27.2,1,23,25,2021,4292000.0
50.2,2,9,9,1991,5870000.0
44.0,1,2,12,2014,6726000.0
51.4,2,7,17,2015,6863000.0
34.2,1,1,9,1991,4513000.0
23.7,1,18,25,2007,3832000.0
43.6,1,6,25,2022,6681000.0
25.1,1,5,9,1981,3662000.0
55.1,2,8,9,1997,7483000.0
43.9,2,2,9,1995,6351000.0
83.0,3,1,9,1978,11515000.0
26.4,1,3,5,1966,3949000.0
33.6,1,8,12,2010,4800000.0
34.5,1,2,12,2002,5002000.0
78.9,3,1,5,1984,7769000.0
37.8,1,7,9,1976,5131000.0
71.7,2,18,25,2000,10083000.0
29.0,1,8,9,1998,3706000.0
47.8,1,1,5,1965,5742000.0
86.6,3,7,9,1988,10494000.0
69.2,2,4,25,2003,8990000.0
75.3,3,9,9,1990,9342000.0
48.2,2,4,12,2009,6454000.0
62.0,2,12,17,2024,9202000.0
25.7,1,4,9,1979,3848000.0
64.2,2,14,17,2010,8496000.0
35.9,1,8,9,1975,4796000.0
61.6,2,8,12,2016,8375000.0
70.8,2,7,12,2013,9119000.0
79.3,3,10,12,2006,10564000.0
48.3,2,5,5,1973,6992000.0
57.1,2,8,17,2000,8333000.0
30.6,1,7,9,1980,4099000.0
41.0,1,5,5,1966,4425000.0
35.6,1,4,5,1970,4184000.0
51.5,2,4,12,2009,6160000.0
101.9,4,12,12,2020,15675000.0
28.0,1,2,5,1962,3380000.0
36.7,1,11,12,2018,5611000.0
58.6,2,8,9,1976,7284000.0
86.3,3,9,12,2011,14299000.0
53.4,2,4,5,1971,6545000.0
49.7,1,4,12,2000,6808000.0
106.5,4,5,9,1988,15128000.0
73.1,3,18,25,2010,9849000.0
33.8,1,5,5,1967,3214000.0
62.6,3,6,9,1983,6458000.0
56.2,2,4,5,1977,6746000.0
52.5,2,24,25,2012,7679000.0
52.1,2,8,17,2003,7727000.0
79.4,3,5,9,1990,9055000.0
45.9,2,12,12,2002,5817000.0
29.1,1,16,17,2003,3782000.0
107.3,4,3,12,2003,15300000.0
24.6,1,1,12,2007,3591000.0
58.8,2,9,9,1985,8477000.0
57.9,2,1,5,1962,6145000.0
33.6,1,3,17,2018,5986000.0
20.0,1,20,25,2005,2654000.0
73.0,3,7,12,2002,9854000.0
54.3,2,2,9,1995,6433000.0
58.3,2,3,9,1978,7579000.0
60.7,2,16,17,2003,8556000.0
66.6,2,17,17,2001,6490000.0
57.3,2,15,17,2015,9155000.0
44.7,1,1,17,2024,6710000.0
44.5,2,2,12,2004,5784000.0
84.9,3,1,5,1974,9179000.0
52.3,2,2,5,1964,5119000.0
39.2,1,9,17,2022,5517000.0
81.6,3,9,12,2011,13049000.0
72.2,3,5,5,1978,7222000.0
36.0,1,3,5,1974,4488000.0
108.8,4,5,12,2005,12109000.0
68.3,2,2,5,1960,7965000.0
32.5,1,2,5,1964,4076000.0
39.7,1,11,12,2020,6442000.0
55.6,2,8,12,2024,8666000.0
64.2,3,6,12,2020,10414000.0
45.8,1,8,9,1998,5993000.0
30.5,1,2,17,2018,4095000.0
54.5,1,3,9,1985,6718000.0
49.6,2,7,9,1996,5713000.0
45.7,1,10,17,2013,6782000.0
44.2,1,12,12,2013,6097000.0
52.4,2,17,17,2001,7089000.0
80.9,3,7,12,2024,9777000.0
55.7,2,6,12,2021,8189000.0
49.1,2,4,5,1964,6335000.0
59.5,2,3,9,1983,7912000.0
63.4,2,3,9,1991,6694000.0
94.7,4,4,9,1993,11637000.0
86.0,3,25,25,2014,10500000.0
40.8,1,9,9,1976,4879000.0
55.3,2,13,17,2008,7440000.0
58.8,2,2,12,2010,9733000.0
67.0,2,16,17,2021,9947000.0
54.8,2,1,12,2005,7031000.0
76.7,3,4,12,2014,10590000.0
84.7,3,2,9,1995,11383000.0
69.3,2,4,5,1979,8374000.0
82.7,3,16,17,2003,11821000.0
68.0,3,5,9,1989,8169000.0
89.5,3,3,5,1977,12064000.0
104.4,4,4,12,2006,14234000.0
36.2,1,5,5,1975,4238000.0
45.8,1,21,25,2021,7543000.0
79.1,3,21,25,2002,10967000.0
75.9,3,19,25,2011,11262000.0
88.6,3,7,9,1981,10783000.0
37.2,1,3,5,1968,4395000.0
58.3,2,18,25,2009,8298000.0
50.5,1,3,9,1975,6003000.0
65.1,2,11,25,2011,10118000.0
39.7,1,3,25,2025,7023000.0
34.6,1,8,17,2023,5603000.0
40.1,1,4,9,1992,6182000.0
59.6,2,3,9,1975,8041000.0
58.9,2,10,17,2024,8535000.0
37.3,1,5,9,1992,5457000.0
34.5,1,4,5,1982,3886000.0
44.7,1,9,12,2006,6519000.0
76.0,3,8,25,2016,9367000.0
36.0,1,11,12,2012,5222000.0
21.0,1,7,12,2009,2605000.0
84.1,3,5,5,1973,10308000.0
50.9,2,5,12,2000,6618000.0
62.0,2,20,25,2022,9992000.0
48.0,2,1,5,1965,4957000.0
74.6,3,6,12,2003,8072000.0
35.6,1,15,17,2018,5087000.0
93.9,4,8,17,2014,11925000.0
77.4,3,7,12,2020,10971000.0
49.2,2,2,17,2020,8303000.0
64.1,2,7,9,1993,9833000.0
61.6,2,6,9,1996,8010000.0
32.5,1,5,17,2011,4149000.0
44.9,1,1,17,2013,5507000.0
100.1,4,15,17,2002,13404000.0
51.9,2,23,25,2003,7036000.0
46.7,2,10,12,2002,5370000.0
56.6,3,3,12,2011,7366000.0
67.7,2,5,17,2021,11273000.0
30.0,1,8,12,2008,4457000.0
54.1,2,13,17,2018,7909000.0
53.2,2,8,17,2015,7354000.0
42.8,1,2,17,2000,5703000.0
106.3,4,9,9,1988,12818000.0
38.8,1,1,9,1987,4679000.0
43.3,2,3,5,1982,5840000.0
26.4,1,2,12,2011,4067000.0
66.9,2,5,5,1964,7327000.0
47.4,2,1,9,1994,5846000.0
60.7,2,12,12,2002,7404000.0
80.1,3,4,9,1997,10315000.0
28.8,1,4,12,2001,4581000.0
59.1,3,5,5,1970,6444000.0
48.6,2,5,5,1979,5579000.0
102.1,4,8,17,2001,13265000.0
56.6,2,3,9,1990,6486000.0
31.3,1,4,5,1967,3854000.0
26.7,1,12,12,2002,4178000.0
72.3,3,1,17,2020,8490000.0
76.9,3,9,9,1978,8928000.0
30.0,1,11,12,2020,4529000.0
62.9,2,4,5,1963,7166000.0
62.5,2,2,5,1967,7248000.0
105.7,4,12,12,2005,13918000.0
68.8,3,11,12,2013,8460000.0
100.3,4,4,12,2014,14378000.0
82.1,3,6,17,2016,11555000.0
79.7,3,25,25,2004,8309000.0
47.6,1,9,12,2000,6901000.0
84.3,3,4,9,1986,10521000.0
56.8,2,10,17,2018,7545000.0
97.6,4,5,9,1986,11833000.0
64.5,2,9,9,1985,6752000.0
42.7,1,2,5,1981,5116000.0
66.6,2,2,5,1968,7842000.0
60.9,2,21,25,2018,7368000.0
30.1,1,1,17,2003,3390000.0
62.2,2,8,12,2012,7955000.0
59.8,2,5,9,1984,7615000.0
62.9,2,4,5,1960,7408000.0
53.3,2,2,5,1969,5722000.0
26.3,1,2,9,1992,3214000.0
79.8,3,12,12,2012,10575000.0
68.0,3,9,17,2006,9235000.0
40.9,1,2,12,2007,5468000.0
76.9,3,7,9,1991,11473000.0
51.4,2,24,25,2024,7794000.0
46.6,1,14,17,2021,6958000.0
53.8,2,11,12,2000,7001000.0
59.9,2,7,12,2015,9484000.0
52.6,2,1,9,1994,6588000.0
78.4,3,4,9,1978,7710000.0
61.9,2,7,9,1997,7698000.0
34.1,1,16,17,2016,4854000.0
99.8,4,1,5,1972,10042000.0
43.6,1,5,5,1969,5354000.0
43.8,2,1,5,1968,4130000.0
42.7,1,3,5,1973,5251000.0
45.4,1,6,17,2016,7914000.0
50.1,2,3,17,2025,7510000.0
24.8,1,5,9,1977,2915000.0
46.6,2,1,5,1960,4100000.0
31.5,1,3,9,1975,3750000.0
50.8,2,5,9,1994,5981000.0
63.2,2,2,5,1961,6882000.0
39.0,1,5,9,1990,5504000.0
80.0,3,9,9,1983,9288000.0
42.2,1,11,12,2013,5916000.0
42.4,1,12,12,2000,4619000.0
69.3,2,2,5,1962,8552000.0
65.0,2,4,9,1992,8205000.0
39.9,2,1,12,2000,4913000.0
37.8,1,10,12,2010,4998000.0
79.1,3,1,17,2024,9842000.0
69.3,2,6,12,2004,8984000.0
34.4,1,4,5,1970,3644000.0
60.1,2,2,5,1965,6318000.0
91.7,3,10,12,2023,13149000.0
59.5,2,1,5,1966,6407000.0
30.9,1,10,12,2012,4222000.0
46.3,2,20,25,2022,6019000.0
32.5,1,9,12,2015,4651000.0
55.7,2,1,9,1999,7284000.0
87.9,3,9,12,2002,10524000.0
63.9,2,8,9,1989,8264000.0
54.5,2,5,12,2007,7091000.0
68.8,3,6,25,2021,10911000.0
51.4,2,7,9,1998,6550000.0
72.8,2,20,25,2019,11338000.0
31.6,1,14,25,2015,5166000.0
63.1,2,3,5,1976,8872000.0
62.0,2,3,5,1972,6410000.0
56.2,2,5,5,1962,5232000.0
92.1,4,4,5,1962,10968000.0
80.6,3,2,5,1972,10264000.0
69.1,2,5,12,2016,9361000.0
46.8,2,3,5,1973,3802000.0
57.0,2,7,9,1979,7097000.0
42.2,1,4,17,2011,5229000.0
49.3,1,1,5,1975,5092000.0
62.7,3,6,17,2005,8539000.0
63.4,2,7,9,1983,8226000.0
88.6,3,3,5,1975,12045000.0
44.5,1,8,12,2023,6558000.0
55.2,2,3,12,2003,6827000.0
57.3,2,6,17,2005,8644000.0
65.3,2,2,17,2018,9860000.0
86.9,3,14,17,2000,10974000.0
108.7,4,9,9,1999,13073000.0
26.2,1,2,5,1967,3037000.0
37.2,1,12,17,2005,5671000.0
38.2,1,13,17,2002,6288000.0
63.1,2,12,25,2020,8582000.0
58.7,2,2,9,1988,7866000.0
59.1,2,9,9,1999,6410000.0
54.6,2,17,17,2022,6843000.0
50.8,2,5,9,1976,6537000.0
74.6,3,16,25,2015,10313000.0
64.4,2,17,17,2021,8007000.0
60.9,2,5,9,1987,7804000.0
38.9,1,8,17,2024,6502000.0
56.3,2,11,17,2015,6925000.0
63.4,2,2,5,1970,8821000.0
67.7,2,8,25,2010,10093000.0
70.2,3,12,12,2015,9836000.0
74.6,3,1,17,2009,9127000.0
91.7,3,7,9,1991,13586000.0
54.3,2,13,17,2011,8427000.0
57.5,2,6,9,1979,6841000.0
50.5,2,5,5,1984,6520000.0
43.4,1,17,25,2011,5875000.0
52.8,1,1,5,1962,5430000.0
30.8,1,6,9,1993,4789000.0
46.6,1,7,25,2009,7015000.0
53.0,2,1,25,2015,7314000.0
110.1,4,9,12,2024,17142000.0
32.5,1,4,12,2018,5148000.0
62.9,3,5,9,1985,7100000.0
52.5,1,2,9,1999,8516000.0
35.0,1,8,9,1990,4927000.0
47.3,2,2,12,2009,7032000.0
59.2,2,15,17,2014,8528000.0
41.6,1,12,17,2002,6510000.0
48.1,1,15,17,2023,8772000.0
55.5,2,1,5,1969,5667000.0
34.5,1,2,9,1986,5021000.0
53.0,2,4,5,1968,6239000.0
57.3,2,4,12,2018,6672000.0
44.3,1,7,9,1975,4765000.0
78.5,3,6,17,2012,11259000.0
33.4,1,9,9,1999,4860000.0
59.5,2,1,5,1966,6601000.0
69.0,3,2,5,1981,8966000.0
100.0,4,4,17,2019,17217000.0
54.8,2,1,12,2020,7614000.0
42.4,2,2,5,1966,4796000.0
47.1,1,2,5,1984,6063000.0
59.8,2,8,17,2005,9614000.0
57.1,2,2,5,1971,5933000.0
56.8,2,16,17,2003,8748000.0
77.7,3,4,17,2019,11006000.0
32.8,1,1,5,1969,3292000.0
84.4,3,4,5,1978,8589000.0
61.4,3,14,25,2001,9276000.0
56.4,2,8,9,1978,6340000.0
50.8,2,9,9,1989,6272000.0
56.3,2,3,17,2005,7021000.0
90.6,4,5,25,2000,13738000.0
40.8,1,6,25,2017,6163000.0
54.9,2,8,17,2007,6618000.0
56.0,2,6,9,1987,6862000.0
82.0,3,4,5,1978,11120000.0
83.3,3,7,17,2015,10465000.0
61.3,2,8,12,2000,7998000.0
38.2,1,3,9,1976,5372000.0
66.6,2,7,25,2018,10023000.0
31.5,1,3,5,1973,3429000.0
77.2,3,8,9,1989,9868000.0
53.7,2,1,5,1961,5395000.0
72.8,3,1,9,1987,8163000.0
49.6,2,2,5,1979,6706000.0
64.6,2,1,5,1979,7354000.0
40.6,1,4,5,1970,4916000.0
35.0,1,4,12,2009,5000000.0
42.2,1,6,17,2001,6556000.0
62.6,2,12,12,2016,7968000.0
50.4,1,21,25,2002,5560000.0
49.5,2,1,9,1978,5354000.0
57.9,2,6,9,1996,7998000.0
68.6,2,9,17,2004,9047000.0
54.8,1,3,9,1976,6527000.0
39.5,1,11,25,2003,5383000.0
41.0,1,3,5,1971,5023000.0
39.9,2,14,25,2005,4798000.0
38.2,1,2,5,1979,5191000.0
75.9,3,4,17,2014,7724000.0
81.5,3,10,12,2006,11538000.0
48.4,1,19,25,2005,7118000.0
56.8,2,4,5,1981,7432000.0
58.1,2,2,12,2025,7009000.0
54.0,2,17,25,2013,7931000.0
24.0,1,3,12,2017,3395000.0
32.4,1,10,12,2006,5382000.0
26.1,1,6,12,2024,4155000.0
46.7,2,9,9,1980,4857000.0
82.4,3,11,12,2023,9832000.0
47.5,2,5,12,2005,6160000.0
76.3,3,15,25,2005,11035000.0
52.5,1,3,5,1979,7463000.0
33.3,1,5,9,1996,4657000.0
48.7,2,21,25,2009,6894000.0
51.0,1,12,17,2003,6973000.0
33.1,1,7,9,1984,4306000.0
53.1,2,5,12,2021,8767000.0
45.7,1,7,9,1975,5520000.0
51.7,2,1,5,1982,6210000.0
32.1,1,5,9,1988,4034000.0
50.1,2,2,9,1992,7220000.0
82.2,3,5,12,2021,12392000.0
27.4,1,4,5,1968,3639000.0
83.3,3,20,25,2009,13456000.0
59.4,2,2,25,2018,6412000.0
72.6,3,10,12,2003,10358000.0
37.7,1,3,12,2020,5972000.0
52.4,2,9,9,1998,6981000.0
52.1,2,8,17,2012,7583000.0
65.3,3,8,12,2009,9091000.0
51.4,2,1,5,1972,5717000.0
56.6,2,6,25,2021,9087000.0
75.2,3,12,17,2011,11157000.0
61.6,2,25,25,2023,8659000.0
36.5,1,17,17,2002,4792000.0
40.2,2,2,12,2018,5861000.0
58.9,2,2,9,1983,7102000.0
50.4,2,23,25,2012,8438000.0
58.0,2,11,17,2021,7453000.0
89.4,4,2,5,1967,10504000.0
65.0,2,1,5,1963,7196000.0
40.5,1,7,9,1995,5245000.0
33.5,1,13,17,2008,4978000.0
109.4,4,13,25,2006,16004000.0
48.6,2,1,5,1980,5248000.0
73.0,3,4,12,2022,11813000.0
45.5,1,4,9,1985,6624000.0
35.5,2,24,25,2024,4911000.0
56.4,2,4,17,2014,7184000.0
38.6,1,4,17,2012,5755000.0
55.0,2,2,9,1977,5896000.0
65.0,2,7,9,1977,5644000.0
67.2,2,4,9,1994,8435000.0
82.0,3,3,5,1970,11446000.0
68.5,3,6,17,2025,9468000.0
80.5,3,3,17,2022,11953000.0
92.0,3,7,25,2020,13975000.0
57.4,2,6,25,2004,7867000.0
54.0,2,3,12,2019,7625000.0
70.4,3,4,17,2023,11351000.0
58.3,2,10,25,2018,8517000.0
36.0,1,9,17,2011,5211000.0
41.9,2,6,9,1992,5920000.0
44.0,1,4,9,1978,5008000.0
47.1,2,3,5,1967,4804000.0
53.2,1,11,25,2013,6561000.0
37.6,1,7,12,2015,5897000.0
100.2,4,2,9,1994,12177000.0
78.2,3,4,12,2007,11418000.0
78.3,3,5,12,2004,10485000.0
55.9,2,4,9,1983,6067000.0
64.9,3,4,5,1961,6869000.0
86.7,3,11,12,2007,12741000.0
58.7,2,9,12,2006,7931000.0
109.0,4,14,17,2017,16546000.0
27.9,1,11,12,2020,4030000.0
71.3,3,2,17,2021,10892000.0
55.8,2,6,12,2008,6414000.0
50.6,2,8,12,2010,6973000.0
40.0,1,7,17,2011,5617000.0
53.3,2,4,9,1982,5741000.0
59.8,2,5,5,1982,7904000.0
98.7,4,2,5,1976,10536000.0
108.6,4,6,17,2025,14066000.0
108.7,4,11,12,2018,16734000.0
40.6,1,6,17,2000,5763000.0
101.1,4,2,9,1996,13580000.0
65.3,2,3,5,1962,6173000.0
83.5,3,3,5,1973,8935000.0
34.9,1,9,9,1992,5411000.0
54.8,2,8,12,2025,8890000.0
101.2,4,9,9,1976,9788000.0
78.4,3,9,9,1982,9231000.0
45.5,2,22,25,2016,5915000.0
72.4,3,2,9,1983,10044000.0
48.4,1,12,12,2011,5192000.0
66.5,2,13,17,2006,9480000.0
54.8,2,7,9,1975,6818000.0
59.6,1,9,12,2020,8015000.0
41.4,1,10,17,2020,6094000.0
37.0,1,10,25,2013,5653000.0
62.5,2,2,5,1961,5825000.0
33.1,1,14,25,2016,4301000.0
51.8,2,6,9,1981,6356000.0
56.7,2,6,9,1989,6713000.0
59.9,2,9,9,1983,6826000.0
54.7,2,13,25,2007,7605000.0
66.2,2,9,9,1981,7125000.0
80.6,2,5,9,1978,9884000.0
52.5,2,5,12,2009,7593000.0
44.7,2,9,9,1981,5705000.0
78.6,3,3,5,1974,8040000.0
36.4,1,1,5,1972,3788000.0
41.1,1,3,5,1967,5243000.0
52.6,2,2,5,1968,5256000.0
60.9,2,2,5,1968,7220000.0
79.6,3,8,12,2004,10634000.0
42.7,1,1,5,1980,3648000.0
57.9,2,3,9,1980,6829000.0
32.4,1,17,17,2015,4719000.0
58.8,2,6,9,1990,7466000.0
29.7,1,12,12,2023,4114000.0
63.9,3,3,5,1973,7548000.0
99.6,4,3,5,1978,12598000.0
67.6,2,4,5,1978,8758000.0
89.4,3,1,5,1975,8731000.0
45.6,2,3,9,1979,4811000.0
107.4,4,1,5,1960,10738000.0
90.9,3,3,5,1964,8932000.0
30.9,1,5,5,1968,3366000.0
65.5,2,7,9,1995,8856000.0
46.3,2,5,9,1981,6433000.0
35.8,1,1,9,1984,4741000.0
41.1,1,11,12,2024,6353000.0
68.7,3,8,12,2023,9363000.0
88.6,3,2,5,1974,9109000.0
78.5,3,8,17,2020,13327000.0
107.0,4,10,12,2011,13769000.0
69.4,3,4,5,1972,8578000.0
48.8,1,10,17,2017,7443000.0
38.9,1,13,25,2020,5595000.0
41.3,1,2,5,1969,4753000.0
39.7,1,2,9,1998,4738000.0
41.3,1,10,17,2000,6416000.0
61.7,2,17,17,2025,8655000.0
73.9,3,4,5,1963,9362000.0
67.4,3,5,9,1991,8119000.0
50.1,2,3,9,1995,6442000.0
76.2,3,2,9,1987,8374000.0
69.2,2,6,12,2001,9113000.0
75.9,3,8,9,1989,8313000.0
68.3,2,7,9,1986,9056000.0
37.6,1,17,17,2001,5064000.0
88.3,3,4,5,1966,11396000.0
59.6,2,3,9,1978,6260000.0
60.0,2,9,17,2013,9603000.0
45.9,1,15,17,2017,6194000.0
59.1,2,12,12,2010,8189000.0
107.1,4,9,12,2002,12117000.0
40.0,1,5,5,1962,4558000.0
81.6,3,9,9,1992,7354000.0
28.1,1,7,12,2022,3997000.0
67.5,2,5,9,1975,8272000.0
48.4,1,8,9,1987,7517000.0
74.4,3,7,9,1999,7643000.0
36.3,1,1,5,1964,3878000.0
70.4,2,1,9,1978,7386000.0
34.5,1,9,9,1977,3346000.0
42.3,1,7,9,1993,5091000.0
77.3,3,1,5,1972,7673000.0
28.8,1,1,17,2015,4026000.0
39.1,1,5,12,2018,5923000.0
30.2,1,8,12,2000,3665000.0
67.9,2,9,17,2017,8037000.0
57.3,2,6,9,1981,7440000.0
30.8,1,4,5,1962,3550000.0
46.0,1,10,12,2021,8113000.0
45.6,2,12,12,2019,6105000.0
25.9,1,8,17,2009,4182000.0
91.1,3,6,9,1995,12325000.0
86.1,3,3,5,1967,10531000.0
56.0,2,6,9,1976,7117000.0
41.2,1,4,9,1984,5615000.0
49.4,2,11,12,2020,5584000.0
80.9,3,5,12,2017,11083000.0
49.5,2,2,9,1986,5891000.0
72.2,3,3,25,2013,11241000.0
66.5,2,3,12,2024,8910000.0
53.8,2,5,9,1976,6370000.0
32.2,1,5,5,1976,4154000.0
59.0,2,5,5,1979,7131000.0
35.0,1,6,9,1986,4681000.0
77.8,3,2,5,1966,9721000.0
90.6,3,4,5,1974,10861000.0
69.1,3,6,9,1976,7705000.0
69.1,2,4,5,1984,7598000.0
60.5,1,17,17,2011,8805000.0
27.2,1,1,5,1976,2840000.0
49.4,2,3,12,2000,6526000.0
81.3,3,2,9,1982,10917000.0
44.2,2,25,25,2004,5651000.0
38.8,1,5,5,1984,4592000.0
71.7,3,6,9,1982,8448000.0
110.8,4,12,25,2021,14883000.0
56.9,2,11,17,2019,7488000.0
60.9,2,16,17,2013,10148000.0
83.4,3,4,9,1980,9468000.0
60.0,2,1,5,1977,7127000.0
101.0,4,4,12,2004,11687000.0
41.6,1,9,25,2009,6360000.0
49.0,2,1,12,2014,6425000.0
64.0,2,10,12,2002,8757000.0
74.6,3,3,9,1977,8993000.0
81.7,3,9,17,2016,11895000.0
103.1,4,3,5,1973,11332000.0
53.5,2,7,9,1998,7054000.0
74.7,3,4,9,1984,9664000.0
59.1,2,3,12,2018,7618000.0
61.6,2,7,9,1990,6955000.0
41.5,1,3,5,1976,5310000.0
74.6,3,11,12,2019,8429000.0
95.7,4,7,9,1987,9540000.0
33.5,1,4,12,2000,5524000.0
37.4,1,4,5,1960,5028000.0
84.2,3,7,9,1991,10014000.0
61.5,2,11,12,2017,9805000.0
98.0,4,2,5,1976,12332000.0
39.5,1,1,9,1986,4896000.0
27.7,1,4,5,1965,3279000.0
55.3,2,2,5,1966,6827000.0
34.2,1,20,25,2016,5502000.0
33.4,1,8,9,1990,4758000.0
40.5,1,3,17,2000,4781000.0
52.3,1,6,9,1985,8241000.0
38.8,1,6,12,2009,6974000.0
109.6,4,13,17,2024,12361000.0
44.5,1,9,12,2024,7187000.0
56.1,2,9,9,1975,7785000.0
83.8,3,4,9,1985,11327000.0
70.2,2,9,9,1998,9859000.0
51.0,2,15,25,2002,5960000.0
64.1,2,13,17,2022,10221000.0
78.0,3,22,25,2015,11120000.0
74.7,3,2,5,1960,8793000.0
60.9,2,14,17,2006,7575000.0
79.0,3,6,25,2010,9628000.0
73.0,2,2,5,1976,8766000.0
35.1,1,4,5,1978,4284000.0
79.6,3,14,17,2013,10823000.0
60.4,2,11,12,2022,8497000.0
72.4,3,14,17,2015,9878000.0
32.2,1,4,5,1976,3778000.0
55.6,2,16,17,2013,7895000.0
77.8,3,6,9,1983,8124000.0
30.9,1,4,5,1980,4160000.0
85.4,3,1,5,1972,9128000.0
106.9,4,12,17,2001,11886000.0
71.0,3,7,12,2019,11372000.0
53.3,2,8,12,2007,6811000.0
60.0,2,9,9,1978,7842000.0
82.3,3,2,17,2025,12300000.0
77.9,3,1,9,1979,9222000.0
63.3,2,13,17,2014,9228000.0
105.3,4,5,9,1976,12690000.0
64.3,2,1,9,1995,8429000.0
95.4,4,5,9,1997,14215000.0
39.5,1,6,9,1983,5677000.0
37.8,1,3,17,2007,5677000.0
43.4,2,12,12,2025,5331000.0
65.8,2,7,9,1985,6333000.0
70.8,3,6,17,2021,9958000.0
38.3,1,4,9,1987,4698000.0
103.2,4,3,12,2024,13410000.0
37.1,1,5,25,2006,5268000.0
56.8,2,3,12,2018,8813000.0
37.6,1,2,5,1974,4392000.0
68.6,2,25,25,2011,10052000.0
38.3,1,9,12,2012,5636000.0
50.4,1,6,9,1975,6330000.0
57.4,2,5,5,1980,8035000.0
40.1,1,4,17,2024,6271000.0
35.3,1,2,12,2007,5047000.0
88.2,3,10,12,2014,12873000.0
45.3,1,4,17,2021,8118000.0
52.5,2,8,17,2013,7456000.0
29.6,1,5,5,1967,3537000.0
35.8,1,2,9,1998,4905000.0
65.4,2,9,9,1977,7526000.0
29.2,1,1,17,2011,3651000.0
70.0,3,5,5,1974,7335000.0
74.0,3,2,12,2021,12334000.0
28.5,1,15,17,2015,3995000.0
96.1,4,2,17,2006,10559000.0
26.0,1,6,9,1992,3555000.0
38.6,1,15,17,2012,6237000.0
39.2,1,5,5,1982,5409000.0
55.8,2,15,17,2025,7344000.0
46.5,2,3,5,1965,5975000.0
32.2,1,9,9,1976,4637000.0
81.0,3,5,17,2001,9929000.0
60.9,2,5,5,1981,7086000.0
43.1,2,4,9,1993,4966000.0
57.1,2,4,17,2005,9353000.0
70.6,3,3,17,2024,8658000.0
36.3,1,4,12,2009,5050000.0
26.5,1,7,12,2016,4258000.0
44.8,2,10,12,2018,6073000.0
55.3,2,8,9,1990,6464000.0
54.6,2,8,9,1992,7107000.0
30.7,1,4,5,1978,4826000.0
66.3,2,15,25,2001,8781000.0
54.9,2,7,12,2002,7338000.0
54.0,2,1,9,1989,5577000.0
36.5,1,6,9,1989,5052000.0
54.8,2,22,25,2011,8443000.0
52.2,2,4,5,1979,6057000.0
61.0,2,2,12,2012,9134000.0
81.7,3,8,12,2022,10988000.0
59.2,2,5,12,2001,6523000.0
37.1,1,5,5,1977,4655000.0
56.2,2,2,17,2014,9721000.0
78.3,3,20,25,2017,9673000.0
67.7,3,12,12,2012,9008000.0
58.0,2,9,12,2005,9064000.0
45.2,1,9,25,2007,6431000.0
57.7,2,9,17,2015,7114000.0
54.3,2,4,5,1979,6737000.0
108.8,4,11,12,2025,17492000.0
59.7,2,1,12,2002,6962000.0
54.0,2,2,9,1999,7448000.0
63.0,2,1,17,2016,7324000.0
52.8,2,8,25,2025,7813000.0
68.8,3,25,25,2017,9526000.0
52.5,2,6,9,1986,6776000.0
98.9,4,2,5,1966,10293000.0
49.5,2,22,25,2011,7318000.0
44.5,1,9,17,2002,6687000.0
46.1,2,4,5,1971,5890000.0
40.3,1,19,25,2024,6011000.0
40.5,1,5,17,2014,5615000.0
57.2,2,11,12,2016,9880000.0
59.9,2,2,12,2011,8596000.0
58.2,2,7,9,1983,7131000.0
43.3,1,3,5,1981,4747000.0
57.4,2,9,9,1975,5996000.0
56.4,2,7,17,2024,7858000.0
69.3,3,4,5,1975,8493000.0
61.6,2,5,9,1999,8008000.0
57.8,2,4,9,1989,7477000.0
35.0,1,12,12,2010,4144000.0
81.8,3,20,25,2004,12428000.0
66.4,2,8,9,1981,7666000.0
74.7,3,1,9,1977,8153000.0
39.3,1,14,17,2012,5458000.0
46.7,2,2,9,1998,6069000.0
58.3,2,9,9,1987,6528000.0
33.8,1,7,9,1993,4719000.0
60.9,2,2,5,1969,6475000.0
72.9,3,1,5,1966,7611000.0
64.4,2,6,9,1994,8398000.0
103.2,4,7,9,1995,13612000.0
27.0,1,7,25,2022,4417000.0
47.4,2,9,9,1989,5631000.0
60.8,2,11,12,2017,9135000.0
47.6,2,8,12,2019,6642000.0
103.8,4,5,5,1966,12137000.0
42.6,1,1,12,2002,5206000.0
72.1,3,4,5,1979,8447000.0
57.9,2,7,25,2009,7750000.0
46.4,1,3,5,1974,5355000.0
74.4,3,8,9,1986,11048000.0
47.8,2,4,5,1975,6078000.0
73.0,3,19,25,2023,10554000.0
70.8,2,4,12,2018,9812000.0
82.2,3,12,12,2011,11893000.0
49.2,2,1,5,1984,5289000.0
47.0,1,9,17,2020,7198000.0
63.1,2,7,9,1976,9381000.0
32.4,1,8,17,2007,4212000.0
50.9,2,6,9,1998,7201000.0
44.0,1,1,5,1972,5027000.0
51.6,1,1,5,1960,5691000.0
32.3,1,6,9,1999,4365000.0
61.3,2,2,12,2001,7839000.0
51.0,2,1,5,1973,5639000.0
54.7,2,13,17,2003,7155000.0
39.8,1,2,9,1980,3908000.0
51.7,2,8,12,2012,6742000.0
56.1,2,6,9,1983,6832000.0
64.0,2,2,9,1990,7407000.0
68.9,3,2,12,2000,9165000.0
62.4,2,3,5,1968,6766000.0
61.0,2,5,5,1983,7257000.0
38.0,1,12,17,2006,6620000.0
39.1,1,23,25,2017,6566000.0
87.1,3,9,9,1990,11006000.0
77.8,3,4,9,1981,11086000.0
36.5,1,10,12,2017,5420000.0
56.4,2,4,9,1983,7049000.0
55.2,2,2,5,1979,6098000.0
55.1,2,3,5,1961,7045000.0
84.8,3,1,17,2004,12157000.0
33.7,1,1,12,2008,4775000.0
45.6,2,5,5,1963,5666000.0
39.6,1,3,9,1990,3850000.0
55.0,2,7,9,1995,8995000.0
46.4,1,2,12,2023,7028000.0
83.6,3,3,5,1962,11393000.0
66.4,2,1,5,1965,8106000.0
81.8,3,16,17,2016,12317000.0
46.0,1,2,5,1978,5636000.0
39.1,1,7,12,2007,5710000.0
41.9,1,9,9,1984,4198000.0
49.5,2,2,5,1969,6378000.0
82.4,3,2,9,1990,7704000.0
46.2,2,14,17,2005,6193000.0
35.5,1,14,17,2025,6320000.0
33.8,1,14,17,2019,5462000.0
37.4,1,9,9,1982,3888000.0
72.4,3,4,12,2002,8284000.0
47.1,2,4,9,1976,5395000.0
49.5,2,2,9,1984,6303000.0
47.1,2,14,17,2007,7137000.0
40.7,1,2,5,1971,5300000.0
38.7,1,1,5,1979,3969000.0
72.5,3,4,9,1986,9500000.0
58.4,2,2,5,1968,7348000.0
58.4,2,2,5,1978,7531000.0
39.0,1,11,12,2024,7477000.0
39.3,1,8,9,1996,5790000.0
45.5,1,2,17,2014,7377000.0
32.9,1,8,17,2013,5753000.0
24.1,1,1,9,1979,3000000.0
56.5,2,1,9,1992,6287000.0
36.3,1,4,9,1986,5368000.0
32.0,1,7,12,2005,4380000.0
69.8,3,9,9,1994,7640000.0
61.4,2,5,12,2020,8196000.0
80.2,3,2,9,1985,11066000.0
33.7,1,12,12,2014,5026000.0
46.9,2,7,9,1996,6905000.0
42.9,1,2,9,1997,6287000.0
59.8,2,25,25,2003,7933000.0
35.6,1,13,17,2023,5622000.0
46.2,1,3,5,1973,6066000.0
61.5,3,17,17,2004,7315000.0
56.2,2,5,9,1997,6543000.0
81.5,3,13,17,2021,11051000.0
28.4,1,1,17,2020,4078000.0
25.8,1,8,9,1997,3328000.0
68.3,2,5,5,1970,9322000.0
60.8,2,8,9,1994,8378000.0
65.3,2,3,12,2006,9168000.0
84.2,3,6,12,2012,10883000.0
41.1,1,7,9,1993,6084000.0
72.1,2,1,5,1983,7172000.0
40.1,1,10,17,2025,6380000.0
38.5,1,10,25,2003,5208000.0
64.0,2,10,12,2019,9462000.0
62.5,2,4,5,1971,7799000.0
41.3,1,1,9,1988,4367000.0
33.2,1,1,5,1960,2897000.0
63.8,2,21,25,2007,8060000.0
51.5,2,5,5,1975,6454000.0
35.7,1,3,12,2020,5604000.0
32.6,1,5,9,1999,4352000.0
32.1,1,5,12,2018,5769000.0
90.0,4,1,12,2004,11776000.0
77.3,3,14,17,2013,11792000.0
61.4,2,8,9,1986,7260000.0
114.9,4,5,5,1971,13416000.0
53.8,2,5,5,1979,6528000.0
36.8,1,9,25,2011,4988000.0
38.5,1,8,17,2010,5543000.0
82.3,3,1,12,2014,9206000.0
53.6,2,3,12,2006,6906000.0
82.3,3,12,12,2009,9413000.0
71.8,3,1,5,1964,7886000.0
57.6,2,1,25,2014,7374000.0
40.0,1,5,9,1976,4555000.0
44.3,1,9,9,1996,6080000.0
39.9,1,6,12,2012,5853000.0
36.9,1,2,5,1973,5055000.0
50.7,2,2,5,1979,6346000.0
49.8,1,16,17,2005,6080000.0
34.4,1,5,5,1960,3615000.0
49.1,2,5,12,2014,6220000.0
31.3,1,3,9,1985,4329000.0
49.9,2,6,9,1987,7081000.0
58.8,2,4,9,1991,6478000.0
58.8,2,2,9,1978,7140000.0
73.3,3,3,17,2022,11694000.0
37.0,1,9,9,1985,3885000.0
35.2,1,11,12,2022,5134000.0
63.3,3,9,9,1975,7059000.0
63.4,2,6,12,2013,10012000.0
75.8,3,10,25,2020,11347000.0
26.5,1,14,17,2021,4327000.0
68.0,3,9,9,1979,8190000.0
85.6,3,4,5,1982,9989000.0
54.7,2,5,9,1996,8477000.0
33.3,1,10,12,2020,4701000.0
79.4,3,5,5,1964,6067000.0
72.9,3,9,9,1999,7410000.0
88.7,3,5,12,2002,11583000.0
28.4,1,8,9,1983,3564000.0
74.5,3,11,17,2012,9701000.0
36.4,1,1,5,1970,4064000.0
33.1,1,5,5,1977,4448000.0
51.3,2,10,17,2009,7531000.0
32.1,1,1,9,1997,4243000.0
60.5,2,10,12,2005,7457000.0
56.1,2,6,9,1998,7139000.0
41.3,1,7,9,1983,5736000.0
58.1,2,14,17,2012,8347000.0
73.4,3,5,17,2021,10959000.0
30.9,1,1,12,2017,4415000.0
55.7,2,6,9,1984,7154000.0
25.3,1,10,12,2014,4332000.0
58.9,2,5,9,1986,7109000.0
34.6,1,3,5,1979,4049000.0
64.6,2,10,25,2014,7621000.0
38.8,1,2,5,1973,5170000.0
88.7,4,12,25,2018,11394000.0
58.3,2,3,9,1993,8631000.0
69.7,2,4,5,1980,8863000.0
60.5,2,6,12,2009,8208000.0
62.2,2,3,17,2000,7531000.0
67.6,2,2,17,2024,10917000.0
52.9,2,5,17,2019,7686000.0
54.5,2,11,12,2006,7764000.0
29.1,1,10,12,2022,4705000.0
39.8,1,3,17,2022,6230000.0
50.1,2,3,9,1985,5817000.0
77.0,3,6,9,1995,10395000.0
43.8,1,5,9,1978,6013000.0
41.0,1,22,25,2003,6007000.0
37.9,1,23,25,2020,6098000.0
111.3,4,3,5,1981,13930000.0
81.7,3,3,17,2009,10668000.0
51.2,2,13,25,2022,7238000.0
66.6,3,5,5,1964,8617000.0
52.6,2,8,12,2015,8568000.0
107.7,4,20,25,2011,14204000.0
40.5,1,2,5,1984,5640000.0
47.0,1,2,12,2024,6544000.0
60.8,2,4,9,1975,6931000.0
64.3,2,18,25,2004,7745000.0
59.8,2,19,25,2017,8915000.0
33.3,1,4,25,2003,4850000.0
52.9,2,4,9,1989,7573000.0
32.3,1,9,17,2022,4821000.0
35.0,1,16,17,2025,5974000.0
87.0,3,6,9,1980,11133000.0
82.3,3,4,17,2006,13773000.0
98.9,4,1,5,1978,11953000.0
60.4,2,11,12,2013,9905000.0
62.0,2,9,9,1989,8243000.0
67.6,2,5,5,1980,7256000.0
33.2,1,3,5,1975,4276000.0
40.0,1,5,12,2021,7442000.0
40.0,1,3,9,1989,5601000.0
71.7,3,5,17,2005,8803000.0
44.4,1,5,5,1965,5202000.0
81.0,3,2,9,1999,9524000.0
48.8,2,9,12,2005,6166000.0
69.9,2,15,17,2011,10304000.0
44.2,1,7,9,1976,5967000.0
43.4,1,6,12,2024,6136000.0
89.3,4,15,17,2003,10816000.0
33.9,1,4,12,2022,4432000.0
38.5,1,8,9,1980,4866000.0
36.9,1,2,5,1984,3874000.0
38.7,1,8,17,2009,5441000.0
30.4,1,1,5,1978,3499000.0
54.9,2,17,17,2023,6378000.0
58.2,2,3,12,2004,7203000.0
43.1,2,5,25,2005,5920000.0
39.1,1,16,17,2013,5644000.0
90.0,3,7,25,2014,12294000.0
76.6,3,7,9,1993,10026000.0
42.3,1,2,17,2018,5290000.0
48.9,2,2,9,1981,6527000.0
39.3,1,9,9,1996,4965000.0
79.8,3,5,12,2017,10530000.0
61.9,2,11,17,2025,7526000.0
83.9,3,8,25,2011,11190000.0
40.6,1,5,17,2007,6135000.0
53.2,2,5,9,1995,7151000.0
34.0,1,1,9,1997,4293000.0
65.4,2,4,17,2002,8624000.0
49.2,2,3,9,1989,6316000.0
31.1,1,2,5,1969,3364000.0
51.7,2,8,9,1995,6849000.0
59.5,2,1,9,1993,6692000.0
86.3,3,9,9,1986,8979000.0
47.8,1,8,9,1977,6492000.0
62.6,3,1,5,1973,5520000.0
106.4,4,2,5,1976,12771000.0
78.0,3,25,25,2002,10366000.0
72.3,3,2,9,1981,8264000.0
61.0,3,3,9,1999,8780000.0
56.3,2,2,12,2016,7683000.0
30.9,1,8,9,1989,3867000.0
60.5,2,16,25,2019,7777000.0
59.9,2,16,17,2009,8405000.0
87.8,4,1,5,1966,7771000.0
56.5,2,7,9,1996,6925000.0
26.4,1,12,17,2019,3953000.0
60.7,2,2,25,2002,8265000.0
105.8,4,5,9,1996,14839000.0
33.4,1,5,12,2014,5397000.0
47.4,1,3,5,1979,6374000.0
59.2,2,19,25,2004,8027000.0
38.7,1,3,9,1976,4668000.0
38.7,1,6,25,2008,5571000.0
37.2,1,4,12,2017,5255000.0
75.2,3,3,12,2012,9622000.0
27.4,1,2,12,2019,4098000.0
65.9,2,3,9,1998,8069000.0
75.4,3,4,5,1966,7788000.0
114.4,4,6,9,1978,14425000.0
107.6,4,4,5,1967,10138000.0
56.5,2,3,17,2005,6995000.0
104.5,4,3,9,1998,14804000.0
41.2,1,3,5,1963,4677000.0
65.8,2,24,25,2004,10301000.0
58.5,2,4,17,2019,7548000.0
43.8,1,1,25,2022,6055000.0
59.6,2,2,25,2019,9378000.0
40.3,1,5,5,1980,4458000.0
84.5,3,2,9,1983,12011000.0
53.5,2,16,17,2007,7162000.0
65.1,2,12,12,2001,8834000.0
37.4,1,1,5,1966,3762000.0
45.0,1,9,17,2017,7735000.0
101.6,4,1,9,1984,11143000.0
80.4,3,2,9,1977,11524000.0
99.3,4,3,12,2016,15005000.0
32.5,1,7,12,2001,4940000.0
35.0,1,9,12,2002,4459000.0
64.3,2,3,5,1964,7460000.0
54.4,2,15,17,2012,7487000.0
24.7,1,9,9,1987,3108000.0
63.2,2,2,5,1965,7415000.0
51.6,2,4,17,2013,6700000.0
37.8,1,6,25,2022,5674000.0
49.6,1,4,17,2004,6976000.0
77.9,2,5,17,2020,10269000.0
57.4,2,9,12,2023,9196000.0
65.5,2,12,12,2000,8610000.0
59.7,2,5,5,1968,7194000.0
33.3,1,5,9,1977,4410000.0
78.3,3,7,9,1980,7794000.0
71.8,3,8,9,1978,7834000.0
65.3,2,12,17,2001,10343000.0
47.3,1,2,9,1990,6829000.0
52.9,2,2,5,1965,5124000.0
45.1,2,7,9,1988,6072000.0
103.0,4,12,12,2009,11794000.0
95.6,4,2,5,1983,8896000.0
69.9,3,12,17,2003,10811000.0
31.5,1,2,9,1998,4396000.0
99.7,4,2,9,1981,11886000.0
58.1,2,12,12,2016,6968000.0
79.9,3,16,17,2004,9417000.0
57.7,2,4,9,1988,6239000.0
30.7,1,1,12,2015,4682000.0
52.2,2,2,12,2007,6077000.0
35.7,1,3,9,1990,5551000.0
55.8,2,10,17,2005,6950000.0
77.2,3,1,17,2024,8785000.0
39.2,1,6,12,2010,5672000.0
35.9,1,3,17,2022,5100000.0
43.5,1,4,17,2001,6161000.0
56.4,2,3,17,2000,6965000.0
107.7,4,8,17,2008,13661000.0
28.2,1,8,12,2004,3701000.0
26.5,1,11,12,2001,4037000.0
73.6,3,7,12,2013,10688000.0
82.5,3,2,17,2019,11956000.0
40.6,1,5,5,1972,5260000.0
75.8,3,6,17,2011,10661000.0
55.0,2,16,17,2021,8241000.0
83.9,3,2,5,1968,9414000.0
59.3,2,4,17,2023,8166000.0
93.7,4,5,5,1965,8947000.0
29.1,1,5,9,1978,3746000.0
42.6,1,14,17,2009,6802000.0
55.6,2,1,5,1964,6086000.0
48.8,2,11,17,2003,7066000.0
67.0,3,11,17,2019,8427000.0
61.5,2,1,12,2023,8639000.0
34.4,1,2,5,1963,3902000.0
60.4,2,3,9,1987,7869000.0
56.4,2,11,12,2015,8559000.0
97.5,4,18,25,2010,11382000.0
58.9,2,11,12,2018,8706000.0
70.7,2,3,9,1992,9470000.0
49.9,2,10,12,2025,8203000.0
85.7,3,11,12,2000,10650000.0
61.4,2,11,17,2020,8949000.0
32.5,1,4,5,1963,3905000.0
79.2,3,11,17,2025,10867000.0
56.6,2,3,12,2008,7493000.0
56.6,2,1,25,2008,6716000.0
100.5,4,5,9,1985,11787000.0
85.0,3,10,12,2004,13302000.0
80.0,3,10,25,2020,11252000.0
98.8,4,2,5,1965,11215000.0
34.7,1,4,25,2019,5247000.0
46.4,2,2,12,2005,6214000.0
53.3,2,2,5,1967,6208000.0
40.4,1,3,9,1995,5951000.0
69.9,3,5,17,2023,9984000.0
90.9,3,4,5,1983,10890000.0
44.7,2,2,12,2018,6352000.0
98.5,4,2,9,1996,11055000.0
43.0,1,6,12,2000,6631000.0
46.4,2,4,5,1964,5100000.0
64.3,2,10,17,2022,10898000.0
39.8,1,22,25,2020,6170000.0
37.1,1,23,25,2018,6354000.0
72.9,3,17,17,2001,8931000.0
59.5,2,3,5,1975,6686000.0
80.8,3,17,17,2001,11154000.0
53.4,2,4,5,1968,5913000.0
38.8,1,2,5,1977,5530000.0
27.5,1,8,9,1990,3894000.0
63.9,2,4,9,1981,9131000.0
115.5,4,4,17,2008,13647000.0
36.9,1,12,12,2011,5611000.0
96.1,4,4,9,1993,10944000.0
110.2,4,6,9,1997,10485000.0
107.8,4,9,25,2000,14884000.0
60.5,2,5,9,1980,7502000.0
95.5,4,8,9,1976,11940000.0
39.5,2,4,5,1976,4856000.0
38.6,1,5,17,2020,5853000.0
59.8,1,6,12,2013,10124000.0
80.9,3,5,9,1987,10146000.0
36.0,1,3,5,1981,4410000.0
65.8,2,11,12,2010,9196000.0
34.3,1,8,12,2015,5171000.0
24.5,1,9,9,1992,2249000.0
36.5,1,15,25,2019,5772000.0
78.4,3,4,5,1962,9822000.0
49.5,2,9,9,1975,5674000.0
78.4,3,9,25,2013,10374000.0
56.5,2,7,9,1991,7646000.0
111.8,4,8,12,2002,16776000.0
61.4,2,3,9,1986,8193000.0
72.3,2,5,9,1976,8997000.0
48.5,2,19,25,2001,6335000.0
63.6,2,7,9,1986,7240000.0
65.4,3,6,17,2025,9485000.0
64.9,2,3,9,1995,8638000.0
66.3,3,9,9,1979,6076000.0
80.5,3,4,5,1982,9048000.0
38.9,1,1,12,2015,5798000.0
62.0,2,3,9,1979,7460000.0
21.7,1,11,17,2002,2306000.0
61.5,2,7,9,1980,8853000.0
47.3,2,3,25,2018,6269000.0
114.6,4,3,5,1971,12167000.0
33.7,1,11,17,2007,5359000.0
21.8,1,15,17,2005,2878000.0
35.3,1,7,17,2013,4174000.0
67.4,2,10,17,2022,10176000.0
76.3,3,10,17,2002,10885000.0
79.0,3,7,12,2010,10278000.0
61.0,2,2,5,1966,7000000.0
72.4,3,4,5,1968,7252000.0
33.7,1,20,25,2023,4645000.0
37.5,1,1,12,2010,4753000.0
49.0,1,3,17,2012,7653000.0
83.7,3,5,9,1992,10706000.0
65.3,2,5,5,1969,8058000.0
65.9,2,2,5,1961,8706000.0
43.4,1,4,12,2006,6765000.0
61.8,2,1,9,1989,6041000.0
98.8,4,9,9,1984,10786000.0
24.8,1,1,9,1986,3193000.0
72.2,3,3,5,1979,8530000.0
30.3,1,12,12,2024,3707000.0
46.2,1,1,9,1996,5396000.0
62.5,2,7,17,2008,6755000.0
20.3,1,3,9,1993,2676000.0
56.6,2,6,9,1996,7018000.0
41.3,2,5,5,1965,4373000.0
57.0,2,4,5,1983,8016000.0
86.1,3,6,9,1997,9658000.0
62.1,2,4,9,1993,7575000.0
33.0,1,12,12,2000,3879000.0
60.1,2,6,9,1976,8106000.0
51.0,2,11,12,2014,8133000.0
27.3,1,10,17,2010,4115000.0
72.1,3,9,17,2025,10754000.0
61.7,2,2,5,1977,6645000.0
85.0,3,7,9,1975,10177000.0
85.3,3,1,5,1963,7554000.0
64.1,2,9,9,1996,8139000.0
52.4,2,12,25,2003,6935000.0
54.4,2,5,5,1963,5565000.0
54.3,2,1,9,1999,6606000.0
73.6,3,6,12,2017,11027000.0
72.6,3,15,17,2000,11203000.0
41.1,1,8,12,2006,6209000.0
59.9,2,1,5,1973,7952000.0
100.4,4,2,9,1990,12438000.0
69.6,2,1,12,2014,10574000.0
75.7,3,5,5,1964,8359000.0
77.0,3,2,9,1987,9772000.0
49.9,2,2,5,1964,5645000.0
60.2,2,2,5,1977,7588000.0
63.5,2,4,9,1996,8817000.0
46.8,2,1,5,1964,4159000.0
58.2,2,7,12,2004,8570000.0
54.3,2,8,12,2005,6390000.0
84.4,3,5,17,2013,12476000.0
41.1,1,2,9,1976,5476000.0
38.2,1,1,5,1974,4891000.0
40.7,1,1,5,1975,4188000.0
69.0,2,12,12,2004,8130000.0
28.5,1,6,17,2015,4698000.0
44.4,2,5,5,1960,4247000.0
42.9,1,22,25,2007,5444000.0
52.5,2,5,5,1960,5743000.0
63.5,2,2,12,2006,8769000.0
60.2,2,6,17,2005,8448000.0
50.0,2,2,17,2007,7340000.0
54.1,1,17,17,2004,7695000.0
86.1,3,4,17,2014,11848000.0
35.2,1,3,9,1996,4858000.0
61.2,2,2,17,2019,8880000.0
83.6,3,2,5,1975,9848000.0
49.6,2,2,17,2016,6168000.0
80.2,3,4,12,2010,11775000.0
37.2,1,2,17,2022,6267000.0
66.5,2,4,9,1976,8618000.0
45.1,2,3,12,2000,6447000.0
39.5,1,9,12,2016,5302000.0
47.7,2,7,17,2000,5543000.0
61.7,2,5,5,1961,7197000.0
57.7,2,3,5,1976,7049000.0
76.7,3,3,9,1978,9284000.0
43.4,1,5,5,1971,5172000.0
43.7,1,15,17,2009,6496000.0
52.2,2,8,9,1984,7021000.0
42.8,2,9,25,2014,6073000.0
67.7,3,7,9,1985,6732000.0
54.9,2,4,5,1966,6818000.0
37.1,1,8,17,2009,5687000.0
57.7,2,3,12,2018,7309000.0
76.8,3,2,9,1999,8853000.0
65.1,2,3,12,2017,10269000.0
55.5,2,8,17,2001,8388000.0
45.1,1,1,9,1981,3830000.0
38.2,1,13,25,2024,6128000.0
44.6,1,7,25,2013,6422000.0
61.0,2,9,12,2021,9046000.0
86.4,3,4,5,1970,10037000.0
63.3,2,3,12,2000,7915000.0
44.4,1,3,5,1981,6084000.0
32.1,1,4,5,1979,3810000.0
66.8,2,8,9,1979,8867000.0
66.3,2,5,9,1978,8942000.0
60.8,2,4,17,2013,7919000.0
58.0,2,14,17,2002,7245000.0
64.1,2,16,17,2017,9397000.0
44.6,1,4,9,1992,6928000.0
49.0,1,8,9,1978,5848000.0
41.5,1,6,9,1977,5030000.0
38.0,1,23,25,2021,5958000.0
35.9,1,1,5,1969,4188000.0
32.8,1,6,17,2015,5124000.0
73.1,3,3,12,2002,9690000.0
45.0,2,3,9,1993,5733000.0
54.1,2,11,17,2019,8165000.0
83.4,3,3,9,1989,7090000.0
52.6,1,10,17,2004,8866000.0
76.7,3,18,25,2010,10275000.0
62.5,2,1,9,1983,7204000.0
56.9,2,1,9,1987,7933000.0
56.1,2,4,12,2010,7324000.0
28.4,1,3,25,2020,5300000.0
111.2,4,5,9,1988,14377000.0
28.4,1,12,12,2000,3937000.0
20.0,1,9,12,2008,3073000.0
38.0,1,12,17,2012,5104000.0
27.9,1,5,5,1961,2589000.0
35.4,1,12,17,2003,4415000.0
49.8,1,25,25,2015,7785000.0
29.6,1,5,5,1969,3100000.0
77.3,3,5,9,1980,7749000.0
46.5,1,24,25,2008,6658000.0
41.6,1,4,5,1961,5146000.0
59.3,2,15,17,2024,8864000.0
106.9,4,3,9,1999,14308000.0
30.8,1,5,9,1975,4299000.0
46.4,1,11,17,2011,7165000.0
109.4,4,5,9,1996,13422000.0
38.8,1,6,12,2021,5573000.0
58.1,2,9,9,1999,8014000.0
26.6,1,1,12,2021,3737000.0
70.0,3,4,5,1975,7510000.0
104.3,4,6,9,1976,13444000.0
64.4,3,1,25,2012,8184000.0
30.7,1,6,9,1982,4226000.0
57.2,2,2,12,2000,7439000.0
28.1,1,8,9,1979,3987000.0
71.0,3,11,17,2009,8122000.0
79.6,3,3,5,1962,10250000.0
57.7,2,10,25,2010,6558000.0
62.8,2,6,9,1996,7208000.0
33.9,1,6,9,1979,4430000.0
55.8,2,4,5,1971,6288000.0
58.3,2,5,5,1971,6375000.0
52.7,2,2,12,2012,7092000.0
62.0,2,8,9,1988,7348000.0
28.8,1,10,17,2003,4202000.0
73.6,3,7,9,1977,8678000.0
73.5,3,6,9,1991,10091000.0
100.0,4,7,12,2007,13146000.0
56.2,2,17,17,2015,7358000.0
51.4,2,5,5,1970,6231000.0
36.9,1,1,5,1964,3221000.0
110.4,4,2,5,1975,9297000.0
68.1,2,9,17,2023,8497000.0
35.3,2,12,12,2008,4529000.0
58.5,2,3,9,1987,7783000.0
64.3,3,7,17,2007,6355000.0
39.5,1,9,17,2021,5993000.0
45.7,1,5,12,2025,6798000.0
56.7,2,16,17,2023,8526000.0
84.7,3,4,9,1979,8196000.0
52.9,2,3,5,1968,7829000.0
63.3,2,2,9,1980,7880000.0
65.4,2,3,5,1961,6512000.0
47.9,2,5,12,2006,6732000.0
56.6,2,11,25,2016,9394000.0
44.7,2,5,5,1971,4403000.0
31.5,1,2,5,1960,3119000.0
85.6,3,4,9,1989,10577000.0
60.5,2,17,25,2023,8945000.0
73.7,3,4,9,1995,10127000.0
24.5,1,7,12,2010,4091000.0
28.5,1,4,5,1969,3737000.0
77.4,3,3,5,1975,7825000.0
44.6,1,10,25,2008,5748000.0
60.6,2,8,25,2011,7894000.0
56.1,2,1,5,1981,6783000.0
74.8,3,21,25,2014,11003000.0
38.5,1,3,12,2015,6435000.0
43.1,1,16,17,2000,6356000.0
72.1,3,1,9,1980,7305000.0
60.6,2,8,12,2012,8443000.0
30.7,1,7,9,1975,3280000.0
37.6,1,7,12,2012,5861000.0
103.5,4,4,5,1964,10450000.0
25.9,1,2,5,1962,3418000.0
57.7,2,4,9,1986,7796000.0
53.0,2,11,17,2025,9457000.0
73.6,3,6,9,1984,9379000.0
72.7,3,9,12,2008,10239000.0
59.5,2,15,25,2016,8434000.0
38.9,1,3,5,1965,4463000.0
81.4,3,9,12,2013,10954000.0
59.0,2,4,9,1977,7942000.0
73.6,3,7,17,2024,9178000.0
62.9,2,2,5,1977,7747000.0
63.6,2,8,12,2006,7354000.0
34.7,1,8,17,2008,5195000.0
55.3,2,19,25,2014,7559000.0
35.5,1,10,12,2018,5599000.0
59.5,2,6,9,1990,7145000.0
29.6,1,7,12,2018,4330000.0
43.9,1,9,17,2018,7009000.0
32.0,1,10,12,2016,4828000.0
34.1,1,2,5,1984,5131000.0
82.1,3,12,25,2024,11264000.0
58.6,2,4,12,2005,7637000.0
60.2,2,5,12,2024,10072000.0
30.6,1,8,9,1999,4100000.0
58.7,2,1,12,2000,6856000.0
63.8,2,6,9,1993,8705000.0
104.8,4,4,12,2014,13825000.0
77.6,3,5,5,1962,7877000.0
57.5,2,11,12,2016,7727000.0
76.7,3,5,25,2005,11658000.0
46.7,1,2,5,1963,5434000.0
53.7,2,24,25,2007,7060000.0
41.1,1,2,9,1996,5478000.0
37.3,1,13,17,2003,5462000.0
45.7,1,5,17,2020,7926000.0
64.9,2,1,12,2001,7805000.0
56.6,2,14,17,2009,7263000.0
75.3,3,5,17,2011,12300000.0
62.7,2,6,9,1975,7706000.0
35.1,1,8,9,1986,4568000.0
46.2,2,9,12,2022,6876000.0
64.5,3,16,17,2009,7677000.0
76.3,3,12,17,2011,10409000.0
38.7,2,2,17,2018,6059000.0
74.3,3,7,9,1977,9877000.0
83.9,3,13,17,2021,11528000.0
44.0,1,3,5,1978,5687000.0
44.3,1,1,12,2022,6832000.0
36.0,1,1,5,1966,3899000.0
30.5,1,5,9,1995,4472000.0
67.2,2,2,9,1975,8494000.0
104.6,4,8,9,1987,11704000.0
47.8,2,3,12,2008,6073000.0
59.5,2,1,9,1990,7682000.0
64.3,2,2,9,1992,6163000.0
24.0,1,7,9,1989,2985000.0
37.1,1,6,9,1994,4348000.0
65.2,2,8,9,1989,9314000.0
56.6,2,2,5,1974,7764000.0
94.5,4,8,12,2009,11524000.0
65.5,2,3,12,2025,12496000.0
82.2,3,6,12,2017,13123000.0
59.6,2,7,9,1989,7849000.0
50.1,2,1,9,1986,6609000.0
58.2,2,1,17,2000,6635000.0
41.8,1,7,12,2012,5961000.0
25.9,1,3,9,1991,3643000.0
39.1,1,3,5,1976,4575000.0
53.8,2,5,9,1981,5845000.0
44.6,2,6,9,1985,5129000.0
38.2,1,2,9,1986,4926000.0
56.8,2,3,12,2008,8318000.0
38.0,1,6,12,2014,5428000.0
75.4,3,3,12,2000,8260000.0
66.2,3,5,17,2025,10029000.0
85.8,3,9,17,2021,13784000.0
75.3,2,13,17,2010,9917000.0
36.2,1,6,25,2004,5995000.0
75.4,3,3,5,1978,9754000.0
55.4,1,5,5,1977,5946000.0
29.5,1,5,5,1977,3310000.0
34.0,1,11,12,2017,4926000.0
61.9,2,14,17,2022,8977000.0
57.9,2,6,9,1994,5778000.0
62.4,2,6,25,2006,8006000.0
59.7,2,1,5,1973,6097000.0
25.3,1,11,25,2025,4640000.0
86.1,3,9,9,1975,9820000.0
59.7,2,5,5,1979,6446000.0
49.1,2,1,9,1983,5314000.0
57.2,2,8,9,1990,7735000.0
42.3,1,7,9,1997,5614000.0
24.8,1,7,9,1980,2990000.0
57.9,2,1,17,2006,6830000.0
37.5,1,9,12,2017,5878000.0
38.8,1,9,9,1975,3975000.0
72.7,3,8,12,2025,9376000.0
53.3,2,5,17,2024,7200000.0
58.4,2,3,9,1990,6739000.0
65.1,2,8,9,1992,7817000.0
92.8,4,1,5,1977,10428000.0
39.9,1,3,5,1978,5587000.0
83.9,3,12,12,2012,11265000.0
59.4,2,3,5,1978,7460000.0
40.3,1,7,12,2002,5296000.0
48.4,1,15,17,2019,5777000.0
59.1,2,4,5,1976,7303000.0
69.2,2,7,12,2010,10048000.0
32.4,1,5,9,1991,4062000.0
65.5,2,22,25,2011,8275000.0
60.7,2,7,9,1986,6752000.0
60.5,2,15,17,2019,8986000.0
82.9,3,10,12,2015,11637000.0
77.2,3,4,5,1960,9437000.0
58.3,2,7,12,2019,7830000.0
113.9,4,16,25,2012,14719000.0
38.8,1,7,12,2001,5452000.0
46.8,1,13,17,2015,6564000.0
54.4,2,3,17,2006,8181000.0
46.7,2,3,9,1996,6986000.0
47.0,2,7,9,1976,5093000.0
46.8,2,2,12,2017,6473000.0
46.9,1,2,9,1991,7141000.0
27.2,1,14,17,2015,4167000.0
75.4,3,20,25,2019,10788000.0
94.0,3,6,9,1992,12313000.0
61.5,2,8,9,1995,8686000.0
53.4,2,7,17,2019,8104000.0
52.6,2,4,9,1990,6969000.0
36.1,1,15,17,2000,5047000.0
58.2,2,4,9,1995,8754000.0
54.5,2,6,12,2004,7300000.0
64.2,2,3,5,1974,7750000.0
50.2,1,6,12,2012,8505000.0
98.7,4,5,9,1979,11785000.0
90.6,3,5,12,2017,12629000.0
38.5,1,2,5,1979,5217000.0
53.2,2,8,17,2004,7488000.0
71.4,3,11,17,2015,9206000.0
43.0,1,2,9,1985,5769000.0
52.7,2,5,5,1970,5450000.0
62.0,2,1,5,1981,8226000.0
60.1,2,9,12,2022,9093000.0
76.8,3,1,12,2025,9063000.0
59.8,2,7,12,2002,7842000.0
39.1,1,9,9,1993,5420000.0
37.5,1,6,9,1984,4355000.0
34.7,1,1,12,2001,5572000.0
51.7,2,2,9,1999,5955000.0
61.1,2,4,25,2016,9638000.0
31.7,1,4,5,1962,3545000.0
51.7,2,2,12,2002,6486000.0
47.8,2,8,9,1982,6307000.0
36.3,1,2,9,1990,4639000.0
52.8,2,14,17,2011,8664000.0
56.7,2,4,12,2021,7177000.0
59.2,2,25,25,2018,8644000.0
36.6,1,2,5,1960,4143000.0
53.1,2,1,5,1978,6050000.0
105.1,4,8,17,2003,14178000.0
56.7,2,12,12,2016,6431000.0
52.5,2,5,9,1993,7061000.0
46.7,2,5,5,1963,5633000.0
41.9,1,2,5,1974,5462000.0
54.8,2,8,17,2006,7323000.0
41.6,1,1,5,1979,4097000.0
33.4,1,2,9,1991,4718000.0
69.7,2,3,9,1999,11158000.0
52.3,1,1,9,1996,6893000.0
62.0,2,4,5,1968,8115000.0
39.5,1,5,12,2006,6183000.0
38.4,1,3,5,1963,4358000.0
73.7,3,17,17,2016,9875000.0
81.5,3,8,9,1989,11075000.0
39.0,1,2,12,2022,5007000.0
51.8,2,17,17,2008,7332000.0
38.2,1,2,12,2015,6383000.0
49.8,2,5,12,2005,6846000.0
51.5,2,9,9,1991,6893000.0
31.5,1,9,9,1999,3932000.0
70.7,2,2,12,2006,9847000.0
41.7,1,2,25,2016,6043000.0
34.1,1,3,12,2013,5252000.0
76.3,3,7,12,2014,10471000.0
59.2,2,3,17,2019,7198000.0
54.3,2,1,9,1995,6012000.0
59.3,2,3,5,1977,8667000.0
56.5,2,1,12,2018,7819000.0
58.6,2,16,25,2017,6712000.0
56.6,2,5,5,1973,7240000.0
71.0,2,4,12,2019,9176000.0
50.5,2,1,9,1997,6618000.0
63.3,2,1,12,2004,8853000.0
56.5,2,4,5,1966,6631000.0
56.8,2,2,9,1986,6518000.0
58.3,2,8,17,2016,7816000.0
68.4,2,2,9,1993,9554000.0
61.4,2,11,12,2015,7828000.0
55.5,2,16,17,2001,7105000.0
57.3,3,10,25,2011,8255000.0
52.6,2,8,9,1991,6407000.0
94.2,3,6,9,1995,13804000.0
63.7,2,4,5,1962,6504000.0
106.8,4,11,25,2007,9349000.0
46.4,2,20,25,2004,5888000.0
99.4,4,3,12,2020,14069000.0
43.4,1,1,17,2022,6470000.0
27.1,1,11,12,2023,3979000.0
59.8,2,3,12,2016,8395000.0
113.1,4,4,5,1980,13097000.0
51.4,2,9,17,2024,8986000.0
32.8,1,5,5,1984,4216000.0
65.8,2,5,17,2013,8926000.0
54.6,2,1,17,2022,8751000.0
32.9,1,10,17,2013,4850000.0
67.6,2,1,5,1963,5520000.0
104.2,4,4,9,1989,10852000.0
70.8,3,3,9,1976,8816000.0
46.2,1,8,9,1995,5196000.0
29.1,1,4,5,1963,3609000.0
58.7,2,23,25,2016,7814000.0
61.1,2,11,12,2022,10092000.0
35.7,1,7,9,1977,4584000.0
84.5,3,8,9,1996,9106000.0
49.9,2,7,9,1995,7218000.0
81.4,3,10,12,2015,12879000.0
78.6,3,2,12,2011,9396000.0
30.7,1,4,25,2019,4256000.0
102.1,4,6,9,1977,12286000.0
59.8,2,3,25,2024,9511000.0
45.0,2,15,17,2004,7650000.0
68.4,2,3,9,1990,9663000.0
56.0,2,15,25,2025,10379000.0
35.7,1,1,5,1966,3860000.0
57.0,2,14,17,2019,8646000.0
35.7,1,1,9,1990,4057000.0
56.5,2,17,17,2016,7345000.0
37.4,1,8,17,2001,5323000.0
42.0,1,16,17,2011,5778000.0
53.4,2,6,17,2025,5935000.0
41.8,2,5,9,1987,4995000.0
64.1,2,2,5,1964,8169000.0
37.2,1,4,9,1990,5016000.0
69.6,3,1,5,1967,7135000.0
62.1,2,3,12,2023,8508000.0
31.4,1,4,9,1988,4305000.0
63.8,2,18,25,2007,10362000.0
52.2,2,12,12,2024,8418000.0
33.6,1,2,17,2017,5210000.0
48.4,2,2,5,1979,5468000.0
75.3,3,17,17,2011,11536000.0
54.4,2,10,25,2010,8483000.0
35.3,1,2,9,1990,4026000.0
73.3,3,6,12,2025,8743000.0
32.5,1,1,17,2021,3810000.0
75.0,3,5,5,1974,7914000.0
34.7,1,4,12,2012,5548000.0
59.5,2,9,9,1996,8184000.0
54.1,2,4,5,1980,6941000.0
31.2,1,2,9,1992,4154000.0
80.7,3,3,5,1983,12156000.0
58.0,2,5,5,1960,6236000.0
28.9,1,4,5,1960,3335000.0
66.6,2,10,25,2000,8557000.0
64.8,2,6,12,2008,11069000.0
41.0,1,23,25,2020,6651000.0
89.4,4,4,9,1988,9649000.0
64.4,3,7,9,1992,7217000.0
44.0,1,10,12,2000,5113000.0
49.9,2,3,9,1994,6522000.0
39.9,1,4,5,1970,4146000.0
73.5,3,8,12,2001,8542000.0
66.3,3,9,9,1993,8869000.0
54.2,2,7,12,2001,8023000.0
81.1,3,8,12,2023,13383000.0
57.3,2,2,5,1978,6009000.0
68.8,2,1,5,1961,6316000.0
83.4,3,6,17,2005,10455000.0
59.7,2,4,9,1997,9289000.0
59.1,2,5,5,1974,6819000.0
49.2,2,5,25,2024,8660000.0
31.7,1,1,5,1970,3706000.0
38.8,1,7,12,2025,5917000.0
74.9,3,9,25,2015,11027000.0
68.2,2,4,9,1994,7444000.0
83.8,3,2,5,1980,7998000.0
46.2,1,2,5,1981,6096000.0
42.5,2,4,9,1977,5209000.0
105.3,4,1,5,1962,12062000.0
26.9,1,1,12,2018,3134000.0
46.2,1,1,5,1980,5522000.0
58.9,2,8,12,2010,8882000.0
60.6,2,7,25,2005,8661000.0
44.2,1,9,17,2024,7538000.0
72.7,3,11,12,2008,9222000.0
117.0,4,3,9,1979,14655000.0
63.3,2,10,12,2023,9917000.0
79.5,3,12,12,2006,11327000.0
72.9,3,5,9,1994,8838000.0
58.9,2,3,5,1960,5856000.0
43.1,1,15,17,2002,5689000.0
32.8,1,5,9,1985,3839000.0
34.4,1,2,5,1980,4156000.0
41.1,1,1,9,1984,4661000.0
36.5,1,4,9,1987,4383000.0
51.9,2,6,17,2002,7089000.0
44.8,1,2,17,2010,5750000.0
28.3,1,8,17,2019,4235000.0
56.8,2,1,5,1968,5700000.0
33.4,1,4,9,1999,4590000.0
89.1,3,4,9,1985,11377000.0
42.8,1,5,5,1968,4716000.0
79.4,3,5,9,1987,9075000.0
97.5,4,9,17,2008,11931000.0
68.4,2,5,5,1973,8605000.0
45.4,2,2,12,2015,7363000.0
75.7,3,1,9,1991,8151000.0
37.1,1,1,5,1984,4286000.0
91.1,4,1,9,1989,8224000.0
79.3,3,22,25,2010,10628000.0
50.3,2,15,17,2011,6087000.0
64.9,2,2,25,2010,8704000.0
47.6,2,4,9,1992,6899000.0
60.7,2,5,5,1983,6163000.0
57.8,2,11,12,2024,7830000.0
61.4,2,6,9,1986,7124000.0
36.3,1,5,17,2007,4347000.0
50.7,2,2,5,1984,6958000.0
67.3,2,7,9,1995,9167000.0
49.5,1,3,5,1969,7110000.0
41.6,1,1,9,1997,4650000.0
42.7,1,3,17,2002,4948000.0
60.1,2,7,9,1994,8678000.0
59.5,2,9,9,1978,6699000.0
51.0,1,8,9,1987,6423000.0
69.2,3,3,9,1994,10148000.0
77.9,3,15,17,2007,10684000.0
51.5,2,10,17,2001,7633000.0
35.8,1,23,25,2001,4709000.0
46.2,2,7,17,2020,6283000.0
51.4,2,9,9,1980,5837000.0
97.3,4,5,12,2019,14198000.0
62.4,2,4,9,1981,7817000.0
56.7,2,8,9,1978,7298000.0
65.8,3,14,17,2007,6564000.0
26.2,1,4,5,1977,2686000.0
26.2,1,20,25,2009,2979000.0
56.2,2,2,9,1994,7136000.0
34.6,1,1,12,2010,3898000.0
35.2,1,4,12,2006,5891000.0
51.5,2,7,17,2004,7072000.0
35.0,1,12,12,2025,5239000.0
53.5,2,9,12,2010,6721000.0
77.9,3,1,5,1977,7376000.0
40.7,1,12,12,2015,6628000.0
45.8,1,2,5,1978,6847000.0
30.3,1,17,17,2019,4519000.0
40.7,1,5,12,2004,4605000.0
33.7,1,7,12,2006,4620000.0
40.4,1,5,5,1962,4653000.0
55.9,2,2,5,1984,6901000.0
52.6,1,16,17,2009,6007000.0
59.3,2,3,5,1978,8640000.0
85.0,3,2,5,1964,8677000.0
59.8,3,4,5,1964,5767000.0
62.6,2,3,25,2022,9222000.0
33.5,1,9,17,2021,5691000.0
54.3,2,4,9,1985,7244000.0
52.4,2,8,9,1993,5980000.0
31.4,1,1,9,1986,3167000.0
88.6,3,7,17,2016,9670000.0
45.4,1,12,12,2021,6360000.0
32.2,1,5,5,1981,3748000.0
71.1,3,4,5,1979,8939000.0
80.1,3,1,5,1974,7846000.0
42.5,1,4,12,2017,6976000.0
57.6,2,15,17,2008,8584000.0
52.0,2,5,9,1996,6417000.0
56.2,2,3,5,1976,7114000.0
27.2,1,4,5,1983,3999000.0
45.0,2,3,25,2025,6080000.0
110.9,4,2,9,1997,13582000.0
32.9,1,10,17,2010,4676000.0
75.0,3,4,12,2005,9674000.0
105.7,4,5,9,1986,13624000.0
34.1,1,7,9,1985,4859000.0
77.1,3,1,5,1976,8516000.0
43.6,1,2,12,2009,6545000.0
51.7,2,16,17,2012,6935000.0
81.9,3,11,12,2004,11272000.0
39.9,1,10,12,2003,4918000.0
58.6,2,1,5,1966,7646000.0
82.1,3,12,25,2014,12923000.0
58.0,2,1,17,2001,7774000.0
53.6,1,2,9,1991,7500000.0
28.7,1,14,25,2022,4555000.0
63.0,2,6,12,2023,7766000.0
96.6,4,5,12,2020,11592000.0
77.9,3,1,17,2007,8383000.0
56.8,2,17,17,2015,7806000.0
57.0,2,11,12,2019,8092000.0
33.0,1,4,5,1983,4630000.0
54.5,1,4,9,1977,6218000.0
63.0,2,15,25,2022,10265000.0
51.7,2,6,9,1996,6317000.0
50.3,2,6,9,1991,6279000.0
95.7,4,6,9,1979,12057000.0
65.4,2,1,9,1988,7951000.0
64.3,2,10,12,2013,8027000.0
32.3,1,9,25,2013,5262000.0
106.2,4,7,9,1985,12729000.0
68.3,3,3,5,1979,6417000.0
78.8,3,2,5,1972,8353000.0
57.0,2,2,17,2021,8047000.0
55.8,2,6,12,2008,6892000.0
54.5,2,7,9,1994,8158000.0
55.1,1,14,17,2001,7439000.0
59.9,2,3,17,2011,8870000.0
90.9,3,7,17,2007,12512000.0
36.1,1,7,25,2015,5736000.0
31.4,1,4,9,1975,4586000.0
60.1,2,5,17,2015,9228000.0
37.5,1,1,9,1980,5074000.0
60.6,2,4,17,2019,9474000.0
64.1,2,13,17,2005,8974000.0
23.2,1,16,17,2002,3373000.0
90.7,3,2,12,2008,9057000.0
60.2,2,2,5,1978,7065000.0
81.7,3,1,12,2002,9576000.0
87.3,3,18,25,2020,12936000.0
73.6,3,8,25,2006,9860000.0
36.5,1,3,5,1973,4676000.0
28.6,1,1,5,1981,2873000.0
32.6,1,1,5,1973,3062000.0
62.4,2,12,17,2022,8130000.0
87.6,3,10,17,2024,14611000.0
45.0,2,4,9,1977,4809000.0
81.5,3,6,12,2004,10002000.0
47.1,1,8,17,2004,6759000.0
45.3,1,13,17,2018,5719000.0
80.5,3,2,12,2009,9990000.0
59.5,2,3,12,2008,8886000.0
78.4,3,6,12,2015,10437000.0
38.1,1,4,9,1983,5777000.0
79.9,3,12,12,2005,8429000.0
53.8,2,2,12,2004,7148000.0
89.5,3,7,17,2003,11355000.0
31.8,1,4,12,2019,4789000.0
67.1,2,4,17,2020,8632000.0
70.7,3,2,5,1977,7890000.0
81.5,3,1,9,1990,9938000.0
32.2,1,4,5,1983,4067000.0
42.5,1,2,9,1981,4882000.0
54.9,2,16,17,2013,9463000.0
41.0,1,5,25,2022,6283000.0
52.2,2,3,5,1976,6749000.0
32.5,1,4,9,1982,4520000.0
49.5,1,6,17,2010,7151000.0
69.9,2,1,9,1991,7549000.0
54.9,2,7,12,2013,7990000.0
60.2,2,7,17,2008,7831000.0
92.6,4,9,12,2005,12424000.0
35.5,1,5,5,1967,3996000.0
55.5,2,4,9,1991,7975000.0
50.6,1,14,17,2021,6809000.0
55.8,2,7,12,2012,8501000.0
52.3,1,1,5,1972,6164000.0
31.5,1,15,17,2016,4581000.0
40.1,1,5,5,1978,5186000.0
47.9,1,8,17,2001,7000000.0
74.6,3,5,9,1992,10080000.0
69.1,2,25,25,2003,9540000.0
109.9,4,9,9,1981,12244000.0
57.4,2,3,9,1990,7002000.0
42.3,1,5,5,1978,4789000.0
47.2,1,6,9,1989,6156000.0
39.6,1,6,17,2022,6547000.0
27.8,1,4,25,2024,4541000.0
66.0,2,3,9,1988,9341000.0
65.3,2,1,9,1987,8357000.0
60.6,2,12,17,2019,8660000.0
34.7,1,15,17,2006,5943000.0
43.5,1,5,12,2014,6364000.0
28.6,1,7,9,1975,3402000.0
39.3,1,1,9,1976,4595000.0
82.3,3,8,12,2023,12390000.0
36.7,1,3,5,1962,3995000.0
67.6,2,7,12,2020,9756000.0
53.8,2,3,9,1998,6899000.0
30.7,1,3,17,2004,4421000.0
74.0,3,2,5,1975,9378000.0
66.2,2,9,12,2016,9304000.0
40.5,1,2,9,1992,5782000.0
82.5,3,4,12,2025,10279000.0
38.3,1,3,5,1975,5219000.0
36.4,1,12,12,2010,4803000.0
72.5,3,10,12,2002,9128000.0
49.9,2,10,12,2009,7288000.0
39.6,1,7,12,2017,6191000.0
36.0,1,7,12,2015,5283000.0
71.5,3,5,17,2008,8821000.0
35.8,1,3,9,1995,4662000.0
45.8,1,15,17,2000,6458000.0
56.1,2,4,9,1985,7468000.0
92.6,3,5,5,1970,9257000.0
39.1,1,4,5,1972,4515000.0
98.7,3,8,9,1982,12278000.0
60.0,2,8,17,2018,8658000.0
58.4,2,13,17,2008,8288000.0
57.6,2,8,17,2024,6334000.0
97.4,4,1,12,2005,11005000.0
33.8,1,5,9,1978,4654000.0
50.2,1,4,5,1968,5703000.0
76.7,3,4,9,1999,10496000.0
57.7,2,2,9,1989,6552000.0
58.9,2,2,5,1977,6082000.0
54.6,2,1,9,1996,6814000.0
56.1,2,6,12,2003,7647000.0
76.4,3,16,17,2018,10401000.0
84.3,3,15,25,2025,13230000.0
69.0,2,8,25,2015,9614000.0
29.0,1,9,12,2005,3874000.0
68.5,2,2,9,1986,8084000.0
61.2,2,11,12,2014,7932000.0
64.6,2,13,17,2014,9686000.0
50.8,2,4,5,1974,5940000.0
54.7,1,9,9,1990,7751000.0
52.3,2,5,17,2013,5260000.0
61.7,2,3,9,1982,8438000.0
80.3,3,6,12,2024,11991000.0
67.6,2,3,12,2024,9974000.0
31.5,1,5,5,1961,3049000.0
58.0,2,3,9,1989,6248000.0
68.3,3,6,9,1982,8901000.0
58.4,2,4,5,1970,7084000.0
60.1,2,2,5,1975,7450000.0
53.5,2,5,17,2007,7377000.0
26.4,1,9,9,1979,3468000.0
91.6,3,3,12,2019,12195000.0
28.6,1,6,9,1999,3844000.0
53.9,2,24,25,2003,7257000.0
30.8,1,7,9,1986,3965000.0
44.2,1,6,9,1984,6532000.0
57.1,2,8,17,2003,6844000.0
47.8,2,1,17,2018,5036000.0
51.7,2,1,5,1969,4687000.0
68.2,2,4,17,2018,10602000.0
50.2,2,8,9,1993,6530000.0
52.9,2,7,9,1985,5640000.0
53.5,2,5,5,1982,6427000.0
56.1,2,2,5,1972,6490000.0
61.2,2,1,17,2020,8529000.0
57.4,2,4,9,1999,8352000.0
78.8,3,2,9,1976,11634000.0
30.5,1,8,17,2013,3960000.0
78.2,3,10,17,2019,8999000.0
36.4,1,3,5,1977,4868000.0
31.4,1,6,12,2015,5120000.0
50.0,1,1,5,1983,5095000.0
64.4,2,12,17,2003,7701000.0
27.3,1,9,12,2000,3945000.0
82.0,3,6,25,2025,13899000.0
78.8,3,4,5,1962,7929000.0
58.4,2,5,5,1971,6660000.0
57.8,2,1,9,1997,5633000.0
81.5,3,1,9,1977,8518000.0
74.3,3,8,9,1995,9425000.0
51.8,2,22,25,2017,8610000.0
60.8,2,8,9,1998,7585000.0
45.3,2,8,9,1978,5952000.0
61.4,2,11,17,2016,8181000.0
38.0,1,8,9,1986,5043000.0
55.9,2,10,17,2019,9862000.0
42.6,1,2,5,1967,6052000.0
57.0,2,4,9,1999,9190000.0
67.8,2,1,5,1976,7729000.0
111.1,4,4,5,1973,12232000.0
97.2,4,18,25,2021,13777000.0
53.1,2,3,5,1979,6864000.0
53.3,2,9,12,2010,7808000.0
20.0,1,3,9,1982,2400000.0
51.9,2,2,9,1975,5820000.0
47.1,1,4,17,2020,6702000.0
27.7,1,5,5,1976,3662000.0
64.9,2,2,12,2019,10598000.0
50.2,1,17,25,2017,9899000.0
45.8,1,10,12,2009,6920000.0
79.7,3,21,25,2008,9941000.0
29.1,1,1,5,1961,2917000.0
27.2,1,5,9,1994,3646000.0
42.0,1,9,9,1977,5798000.0
38.2,1,14,17,2000,5727000.0
29.6,1,13,25,2000,3578000.0
81.6,3,6,9,1992,10278000.0
39.9,1,3,12,2007,4892000.0
80.9,3,4,5,1977,10153000.0
42.3,1,4,12,2000,5491000.0
65.3,2,1,9,1996,7344000.0
57.1,2,19,25,2016,6695000.0
48.0,2,3,12,2009,7251000.0
69.2,2,1,9,1983,8780000.0
68.7,3,5,5,1981,7330000.0
28.3,1,1,5,1969,3048000.0
51.7,2,1,9,1996,5896000.0
87.4,3,9,9,1975,9534000.0
36.3,1,17,17,2015,4698000.0
26.7,1,2,12,2006,3402000.0
31.9,1,2,12,2002,5108000.0
50.9,2,3,5,1976,4564000.0
37.0,1,17,17,2008,5329000.0
33.2,1,3,17,2014,5047000.0
36.6,2,2,5,1967,4980000.0
78.9,2,8,17,2003,10558000.0
24.4,1,9,12,2018,3528000.0
27.6,1,5,5,1961,2819000.0
63.2,2,2,9,1976,7973000.0
71.0,3,2,9,1987,8177000.0
61.5,2,2,5,1978,6708000.0
79.8,3,9,25,2000,9686000.0
53.7,2,6,17,2025,7266000.0
40.5,1,10,12,2022,5554000.0
54.8,2,9,9,1989,6781000.0
84.0,3,9,9,1976,9228000.0
66.9,2,7,12,2015,10150000.0
70.9,3,12,12,2021,9740000.0
105.4,4,2,5,1973,10428000.0
37.1,1,9,12,2005,4167000.0
40.7,1,5,17,2010,5296000.0
43.1,1,5,9,1988,6156000.0
58.7,2,4,5,1979,7788000.0
29.6,1,9,17,2003,4598000.0
72.1,3,7,9,1991,9856000.0
37.5,1,7,9,1990,5565000.0
39.7,1,5,5,1965,4683000.0
40.0,1,3,9,1982,6100000.0
82.0,3,11,17,2012,11614000.0
61.4,2,11,12,2025,11012000.0
80.7,3,5,9,1978,9004000.0
102.8,4,12,17,2015,12939000.0
68.8,2,3,17,2016,9743000.0
28.6,1,17,17,2003,3828000.0
24.9,1,7,9,1990,3226000.0
40.5,1,6,9,1976,5366000.0
60.6,2,10,25,2019,8762000.0
38.3,1,15,17,2023,5506000.0
33.4,1,2,5,1972,3958000.0
60.4,2,5,5,1962,7333000.0
48.9,2,4,9,1995,6687000.0
45.9,2,18,25,2009,5365000.0
63.6,2,8,12,2017,10611000.0
72.5,3,7,9,1999,9871000.0
58.7,2,1,5,1962,6403000.0
34.3,1,2,12,2000,5236000.0
71.7,3,2,17,2022,11263000.0
106.7,4,4,9,1985,11511000.0
35.3,1,3,17,2004,4476000.0
55.8,2,17,25,2024,10299000.0
48.8,2,2,9,1977,5556000.0
37.4,1,11,12,2010,5648000.0
71.0,3,9,9,1975,9210000.0
53.9,1,13,17,2014,7615000.0
71.6,3,1,12,2006,8344000.0
69.1,2,9,12,2023,11199000.0
57.8,2,2,17,2001,8024000.0
30.4,1,2,9,1989,4252000.0
45.4,1,21,25,2017,6736000.0
47.1,1,5,12,2024,6856000.0
49.6,1,4,5,1963,5665000.0
37.1,1,12,12,2000,5511000.0
71.5,3,3,17,2008,9395000.0
54.4,2,4,9,1983,7135000.0
81.7,3,10,17,2021,10515000.0
46.9,2,20,25,2005,7803000.0
69.3,3,2,9,1988,8902000.0
102.1,4,21,25,2008,13823000.0
41.0,1,5,5,1961,4979000.0
77.7,3,5,9,1983,9006000.0
68.7,2,3,5,1972,9195000.0
81.3,3,10,17,2019,9754000.0
53.1,2,1,12,2019,6552000.0
50.4,2,3,5,1984,5857000.0
30.9,1,2,9,1997,3461000.0
44.0,1,7,12,2011,6088000.0
52.1,2,4,5,1969,6109000.0
104.3,4,4,17,2004,11973000.0
50.6,2,13,17,2023,6579000.0
30.9,1,2,12,2011,4532000.0
76.1,3,20,25,2000,9892000.0
72.1,3,9,9,1997,8628000.0
45.3,1,24,25,2003,5595000.0
24.3,1,11,12,2012,3423000.0
29.4,1,12,12,2017,3899000.0
85.5,3,3,5,1961,9464000.0
84.8,3,17,17,2010,10382000.0
47.2,1,1,9,1999,5886000.0
28.8,1,3,5,1981,3219000.0
75.5,3,4,5,1963,7199000.0
77.9,3,1,12,2017,10386000.0
73.3,3,8,12,2006,10599000.0
61.1,2,17,17,2008,7800000.0
42.9,1,15,17,2001,6034000.0
58.4,2,2,5,1963,6386000.0
27.7,1,7,17,2013,4526000.0
81.8,3,1,5,1976,8506000.0
57.7,2,4,17,2000,7421000.0
83.8,3,12,17,2002,12143000.0
63.2,2,4,12,2000,7893000.0
88.8,3,1,17,2019,11479000.0
37.9,1,1,9,1996,4194000.0
69.9,2,7,9,1995,9880000.0
69.7,2,9,17,2024,11224000.0
43.4,1,1,9,1987,4495000.0
82.1,3,2,9,1988,8744000.0
68.8,2,6,9,1986,9023000.0
54.5,2,15,17,2010,9176000.0
88.0,3,6,9,1992,12133000.0
80.5,3,2,5,1961,8647000.0
64.1,2,9,17,2002,8001000.0
83.6,3,4,17,2003,9743000.0
44.4,1,5,5,1968,5472000.0
40.0,1,7,9,1985,5721000.0
64.4,2,3,5,1981,7520000.0
74.4,2,3,9,1999,9781000.0
75.0,2,8,9,1995,9987000.0
42.6,1,7,17,2024,7732000.0
65.6,2,9,12,2008,9235000.0
93.6,3,3,12,2016,11800000.0
55.8,2,1,9,1989,5736000.0
108.2,4,15,17,2008,12877000.0
81.3,3,1,9,1981,9945000.0
54.0,1,11,25,2007,8161000.0
47.4,1,5,12,2002,6445000.0
36.9,1,2,5,1960,3039000.0
78.9,3,2,12,2003,9576000.0
31.1,1,3,9,1991,4325000.0
30.1,1,8,12,2000,4352000.0
81.0,3,2,5,1963,9286000.0
60.2,2,5,5,1967,5777000.0
37.6,1,16,17,2016,5701000.0
33.2,1,5,9,1986,3941000.0
77.3,3,12,17,2024,11144000.0
93.0,3,7,9,1996,11064000.0
31.4,1,9,12,2015,5159000.0
46.9,2,1,12,2004,6005000.0
82.0,3,4,12,2024,11651000.0
75.6,3,9,9,1999,10666000.0
82.4,3,5,9,1999,10352000.0
64.2,2,4,5,1972,6590000.0
68.4,3,1,9,1987,8435000.0
40.2,1,4,12,2011,6021000.0
36.8,1,16,25,2002,5018000.0
67.5,2,12,17,2011,8940000.0
66.4,2,9,17,2023,10352000.0
70.0,3,13,17,2025,10952000.0
25.7,1,1,12,2019,3219000.0
86.7,3,1,9,1994,10533000.0
44.2,1,4,25,2022,6909000.0
52.1,2,3,12,2023,7087000.0
44.3,1,7,12,2019,6680000.0
58.8,2,3,5,1970,6584000.0
44.8,2,3,9,1984,6362000.0
53.3,2,1,9,1990,5819000.0
34.8,1,12,17,2005,5711000.0
41.8,2,11,12,2016,6115000.0
86.2,3,2,9,1987,8819000.0
46.0,1,4,25,2017,5385000.0
48.0,1,1,5,1971,5194000.0
29.8,1,1,9,1979,3874000.0
73.8,3,4,5,1979,9911000.0
55.7,2,8,17,2015,8144000.0
26.6,1,23,25,2002,3470000.0
81.0,3,8,9,1990,9748000.0
53.5,2,4,17,2010,7700000.0
38.4,1,6,9,1988,5650000.0
97.5,4,19,25,2021,14201000.0
64.3,2,4,17,2025,10541000.0
62.7,2,3,17,2021,9824000.0
54.5,2,4,5,1972,7128000.0
78.5,3,6,25,2010,8292000.0
40.0,1,7,17,2013,5364000.0
23.4,1,4,9,1984,2714000.0
34.9,1,8,17,2023,4701000.0
73.7,3,7,9,1992,9341000.0
64.9,2,2,17,2006,7701000.0
76.5,2,5,5,1982,8241000.0
28.4,1,8,17,2017,4206000.0
61.0,2,9,12,2021,7539000.0
68.0,3,5,5,1980,7382000.0
51.6,2,4,9,1976,6688000.0
80.7,3,4,5,1984,8660000.0
37.9,1,4,9,1982,5287000.0
76.5,3,6,9,1997,9101000.0
31.2,1,11,12,2014,4738000.0
60.5,2,4,9,1980,6676000.0
113.4,4,7,9,1995,14709000.0
105.8,4,13,17,2012,13650000.0
27.2,1,5,5,1984,3526000.0
70.7,2,15,25,2004,9199000.0
31.5,1,8,17,2021,5051000.0
72.1,3,7,12,2002,10334000.0
64.8,2,7,12,2024,9764000.0
57.8,2,7,17,2014,7883000.0
36.4,1,2,5,1983,4614000.0
73.8,3,2,5,1968,7322000.0
55.8,2,2,9,1991,7417000.0
34.9,1,14,17,2016,5524000.0
61.9,2,2,5,1972,8560000.0
41.8,1,7,12,2017,7070000.0
55.7,2,7,25,2019,7341000.0
88.3,3,7,17,2025,13047000.0
77.4,3,5,12,2004,10174000.0
60.0,2,1,5,1972,7243000.0
83.6,3,14,17,2006,10433000.0
54.1,2,2,12,2003,8066000.0
39.3,1,5,5,1972,4152000.0
95.3,4,1,5,1976,9678000.0
31.2,1,8,25,2007,4088000.0
47.3,1,8,12,2002,5353000.0
115.5,4,10,17,2024,14644000.0
39.0,1,17,17,2015,5357000.0
75.4,3,6,12,2001,11337000.0
82.0,3,9,12,2000,9577000.0
56.2,2,8,9,1982,6610000.0
41.2,1,3,9,1977,4454000.0
56.4,2,4,9,1991,8197000.0
39.1,1,15,17,2018,5601000.0
52.4,2,3,12,2023,7510000.0
73.9,3,6,17,2015,9931000.0
57.5,2,9,9,1994,5803000.0
60.3,2,8,12,2009,7226000.0
51.1,2,10,12,2022,6832000.0
69.2,2,4,12,2023,10897000.0
79.2,3,15,17,2014,8239000.0
26.7,1,2,9,1981,3620000.0
76.9,3,8,12,2015,11074000.0
63.0,2,4,5,1976,6282000.0
35.3,1,6,9,1994,4655000.0
31.8,1,8,9,1987,4690000.0
55.4,2,9,12,2009,6947000.0
52.4,2,1,25,2008,6232000.0
39.5,1,9,12,2006,7217000.0
75.6,3,2,17,2011,10698000.0
46.2,2,1,12,2000,5483000.0
71.0,3,8,12,2023,9709000.0
43.9,1,3,5,1975,5698000.0
40.4,1,4,9,1978,5477000.0
28.5,1,8,9,1988,2967000.0
42.9,1,7,9,1997,4595000.0
88.6,3,5,5,1981,9143000.0
41.2,1,2,5,1982,5241000.0
51.2,2,5,9,1991,6721000.0
43.4,1,20,25,2011,5260000.0
54.3,2,3,9,1989,6870000.0
74.2,3,1,9,1996,8543000.0
57.9,2,5,5,1971,5990000.0
62.7,2,10,12,2002,8100000.0
43.2,1,8,9,1984,5223000.0
80.0,3,9,9,1994,10161000.0
59.4,2,7,12,2016,8582000.0
49.0,2,4,5,1973,5214000.0
60.0,2,3,5,1972,7859000.0
81.3,3,1,9,1987,7829000.0
61.5,2,1,5,1967,5355000.0
55.6,2,1,5,1973,5864000.0
60.8,2,2,9,1976,7222000.0
41.9,1,17,17,2018,6020000.0
55.8,2,4,12,2022,7271000.0
59.4,2,10,12,2001,8795000.0
62.4,2,9,9,1986,8852000.0
62.2,2,12,25,2019,9066000.0
45.7,1,4,9,1986,6201000.0
73.7,3,5,5,1982,6692000.0
78.0,3,4,12,2018,10510000.0
86.9,3,3,5,1975,9491000.0
51.1,1,9,9,1976,5579000.0
61.8,2,7,12,2007,8043000.0
76.8,3,1,17,2001,8588000.0
73.7,2,1,9,1984,7161000.0
70.9,2,4,17,2015,9700000.0
83.3,3,1,25,2006,9021000.0
55.0,2,2,5,1978,7295000.0
58.4,2,2,9,1994,7962000.0
26.9,1,5,9,1996,3817000.0
42.6,1,8,9,1977,5906000.0
34.6,1,3,9,1991,4267000.0
87.2,3,25,25,2007,11473000.0
46.1,2,9,17,2003,6994000.0
55.6,2,1,12,2000,6166000.0
80.7,3,5,9,1992,8148000.0
59.0,2,13,17,2021,8085000.0
50.6,2,3,25,2000,7504000.0
39.1,1,4,17,2008,5106000.0
79.2,3,4,5,1973,8782000.0
39.2,1,11,12,2006,5175000.0
33.0,1,4,5,1967,3900000.0
47.2,1,7,9,1982,5459000.0
39.3,1,2,5,1981,4305000.0
36.8,1,11,12,2023,5385000.0
60.8,2,8,12,2022,8741000.0
31.8,1,3,5,1960,4115000.0
55.8,2,5,9,1977,6875000.0
28.3,1,7,9,1983,3243000.0
42.6,1,3,9,1982,5101000.0
60.5,2,3,5,1964,7458000.0
73.2,3,3,9,1975,8229000.0
71.1,3,12,17,2001,8333000.0
107.9,4,4,5,1969,12005000.0
53.0,2,5,5,1973,5571000.0
63.0,2,8,9,1989,8526000.0
46.2,2,14,25,2009,6724000.0
49.5,2,12,12,2008,5823000.0
43.0,1,5,12,2011,7403000.0
45.9,2,5,9,1984,5728000.0
58.5,2,10,12,2023,6366000.0
60.9,2,2,5,1968,7416000.0
55.5,2,12,12,2017,5657000.0
35.3,1,5,25,2018,5852000.0
65.5,2,12,12,2018,9106000.0
20.0,1,2,17,2016,2936000.0
101.7,4,6,17,2001,12832000.0
44.9,1,5,5,1969,5449000.0
35.8,1,25,25,2004,4557000.0
95.0,3,4,5,1966,10584000.0
59.0,2,10,12,2005,8180000.0
43.1,1,1,5,1961,3192000.0
53.1,2,2,5,1967,6515000.0
50.1,1,3,9,1978,6788000.0
39.1,1,9,9,1992,5200000.0
37.3,1,1,9,1978,4386000.0
59.8,2,8,12,2007,9590000.0
71.5,3,5,5,1976,7907000.0
60.5,2,3,5,1984,7571000.0
52.5,2,5,12,2013,6939000.0
42.5,1,4,9,1982,4394000.0
26.3,1,10,17,2013,4017000.0
67.6,3,10,12,2007,8543000.0
36.9,1,14,17,2025,4547000.0
88.0,3,10,12,2024,12481000.0
47.7,2,6,9,1988,6018000.0
73.3,3,12,12,2022,9647000.0
31.8,1,1,9,1985,3767000.0
32.9,1,5,9,1983,3567000.0
76.8,3,7,17,2016,11709000.0
78.0,3,9,9,1991,9672000.0
22.6,1,8,17,2011,3684000.0
89.5,4,13,17,2019,11456000.0
32.1,1,14,17,2001,4658000.0
32.7,1,12,25,2023,4027000.0
52.4,2,8,9,1991,6200000.0
56.1,2,5,9,1994,6325000.0
102.9,4,6,12,2010,13820000.0
57.7,2,2,9,1983,6394000.0
50.3,1,11,12,2017,7131000.0
71.1,2,16,17,2005,9737000.0
36.9,1,3,12,2003,4962000.0
52.9,2,5,9,1988,5849000.0
56.1,2,2,5,1979,8011000.0
41.6,1,3,9,1996,5731000.0
50.5,2,4,5,1969,6887000.0
60.7,2,5,17,2003,7390000.0
54.0,2,4,9,1989,6653000.0
69.8,2,5,5,1968,7781000.0
31.8,1,2,5,1971,4470000.0
46.2,1,12,12,2007,7296000.0
40.7,1,11,12,2023,5906000.0
31.7,1,5,9,1979,3711000.0
65.0,2,5,5,1975,7420000.0
85.6,4,7,9,1996,11856000.0
52.9,2,1,9,1989,6180000.0
56.3,2,4,12,2016,8318000.0
53.4,2,11,12,2000,8028000.0
43.6,1,5,9,1999,6638000.0
94.2,3,8,9,1986,12767000.0
96.3,4,12,25,2019,13988000.0
63.4,2,8,9,1993,9458000.0
24.8,1,1,12,2004,2784000.0
77.5,3,5,5,1974,10538000.0
44.2,1,1,9,1983,5710000.0
79.8,3,1,5,1984,8643000.0
78.0,3,2,12,2002,11450000.0
54.9,1,2,25,2011,7741000.0
105.7,4,9,9,1997,13162000.0
106.7,4,4,5,1978,13009000.0
74.1,3,3,5,1974,9405000.0
69.5,2,1,9,1977,7303000.0
36.8,1,4,5,1979,5105000.0
49.0,2,2,5,1977,5732000.0
55.2,2,6,17,2021,8720000.0
39.4,1,9,9,1990,5001000.0
58.6,2,5,9,1989,6188000.0
55.5,2,20,25,2004,7075000.0
37.6,1,5,5,1969,4713000.0
29.2,1,21,25,2009,4103000.0
38.4,1,9,9,1987,5404000.0
52.5,2,8,17,2017,6686000.0
63.7,2,4,12,2009,9569000.0
40.3,1,8,17,2015,5952000.0
96.8,4,22,25,2001,12014000.0
41.4,1,5,9,1992,4931000.0
63.4,2,23,25,2003,8872000.0
79.9,3,6,9,1993,9139000.0
72.1,3,3,9,1999,8810000.0
50.3,1,5,9,1979,6321000.0
77.5,3,9,12,2016,10436000.0
78.3,3,4,5,1961,9476000.0
44.2,2,4,12,2014,4692000.0
57.1,2,7,12,2022,8287000.0
41.0,1,5,17,2023,6048000.0
53.6,2,11,17,2005,7400000.0
60.0,2,2,9,1997,7584000.0
81.9,3,6,9,1992,11437000.0
61.7,2,7,9,1988,7730000.0
59.2,2,2,5,1971,7139000.0
33.3,1,1,5,1965,3895000.0
30.5,1,6,9,1996,4211000.0
42.1,1,4,9,1994,5006000.0
51.7,1,7,25,2019,7461000.0
52.1,2,3,12,2017,7458000.0
81.1,3,5,9,1977,8027000.0
70.6,2,1,12,2025,8821000.0
54.3,2,2,5,1965,6235000.0
64.4,2,3,9,1978,9511000.0
30.9,1,8,12,2018,4812000.0
66.4,2,9,9,1991,8348000.0
27.9,1,9,9,1985,4058000.0
43.2,2,15,25,2013,6527000.0
30.4,1,10,17,2010,4746000.0
39.5,1,2,12,2018,5690000.0
59.2,2,4,12,2016,7466000.0
87.3,3,5,12,2003,11886000.0
57.4,2,3,9,1986,8650000.0
68.8,3,1,9,1978,8485000.0
60.5,2,2,5,1971,7673000.0
60.1,2,2,9,1991,7292000.0
59.3,2,9,12,2014,7178000.0
82.7,3,1,9,1981,8243000.0
45.5,1,11,25,2020,7035000.0
37.0,1,9,25,2000,4925000.0
45.7,1,11,17,2004,7140000.0
49.0,2,10,12,2011,5904000.0
83.7,3,2,17,2006,11097000.0
43.4,1,2,5,1981,5154000.0
57.5,2,16,17,2025,9446000.0
78.5,3,5,5,1974,9186000.0
60.6,2,12,17,2004,7647000.0
77.3,2,6,9,1998,11262000.0
75.5,3,3,17,2008,8564000.0
55.4,2,14,25,2000,6159000.0
50.9,2,4,5,1965,5364000.0
46.4,1,2,9,1990,4980000.0
43.3,1,11,25,2014,6329000.0
53.5,2,6,9,1976,6465000.0
56.1,2,3,17,2012,7650000.0
109.1,4,2,12,2023,15967000.0
104.3,4,1,9,1979,10069000.0
83.2,3,8,9,1990,9092000.0
30.3,1,1,9,1975,3140000.0
95.8,4,12,17,2020,11546000.0
65.1,2,5,9,1984,7721000.0
52.5,2,11,12,2015,8001000.0
65.2,2,6,9,1987,6881000.0
34.3,1,11,12,2020,5014000.0
24.2,1,12,17,2001,3719000.0
84.2,3,12,25,2003,12369000.0
53.1,2,3,9,1996,6586000.0
67.2,2,2,17,2000,11109000.0
52.3,2,7,17,2010,6599000.0
69.6,3,2,12,2008,9209000.0
51.3,2,21,25,2022,6693000.0
56.8,2,7,9,1980,7353000.0
53.7,1,3,5,1960,8002000.0
46.6,1,11,17,2007,7934000.0
110.5,4,3,9,1982,14049000.0
67.4,2,14,17,2003,8676000.0
58.4,2,11,17,2003,7869000.0
52.7,2,4,5,1960,6608000.0
85.5,3,17,17,2024,12586000.0
55.4,2,3,9,1982,6994000.0
53.2,2,9,12,2025,8064000.0
34.9,2,10,12,2022,5702000.0
30.6,1,21,25,2017,5174000.0
80.0,3,2,5,1982,8242000.0
72.6,3,3,9,1994,9486000.0
84.1,3,7,12,2018,12532000.0
68.2,3,10,17,2010,8814000.0
73.1,3,4,12,2025,11930000.0
70.9,2,1,5,1979,7654000.0
86.5,3,7,9,1984,11962000.0
58.4,2,1,9,1980,6281000.0
37.6,1,4,17,2006,5523000.0
52.6,2,6,9,1976,6560000.0
112.6,4,6,9,1997,16433000.0
67.8,2,22,25,2025,10884000.0
77.6,3,5,5,1977,8335000.0
36.3,1,3,25,2017,5282000.0
32.6,1,2,12,2016,4723000.0
60.2,2,3,17,2012,8572000.0
24.8,1,9,9,1989,2843000.0
35.2,1,3,5,1970,4267000.0
43.8,1,17,17,2006,6772000.0
76.7,3,11,17,2016,12140000.0
41.0,1,12,17,2018,5193000.0
40.0,1,3,5,1967,3989000.0
40.2,1,6,17,2016,5634000.0
60.5,2,7,17,2015,7153000.0
62.4,2,1,12,2013,7001000.0
54.5,2,6,17,2021,8304000.0
50.2,2,13,17,2017,7249000.0
48.5,1,6,12,2008,5796000.0
62.1,2,3,5,1977,8490000.0
66.0,3,7,9,1996,8146000.0
37.6,1,3,5,1979,4544000.0
45.5,2,9,9,1999,6419000.0
27.7,1,3,9,1990,3860000.0
39.6,1,4,5,1976,4957000.0
66.1,2,4,9,1991,8186000.0
73.9,2,2,5,1975,9472000.0
50.3,1,8,17,2025,7422000.0
24.2,1,9,25,2018,3551000.0
114.3,4,5,5,1970,10623000.0
83.1,3,8,25,2005,12386000.0
83.0,3,6,12,2018,13507000.0
54.0,2,1,9,1981,6186000.0
62.3,2,1,5,1968,6258000.0
59.9,2,7,12,2011,9273000.0
42.4,1,2,17,2025,6924000.0
60.5,2,3,17,2001,7858000.0
60.2,2,5,5,1963,7302000.0
37.8,1,4,5,1962,4255000.0
77.7,3,3,9,1996,8724000.0
47.2,1,1,9,1995,5772000.0
66.6,2,5,9,1986,9410000.0
45.2,1,5,9,1977,5767000.0
62.8,2,10,17,2008,7754000.0
30.6,1,21,25,2011,4290000.0
35.5,1,9,9,1982,4879000.0
62.2,2,6,25,2018,9299000.0
66.6,2,6,9,1979,8211000.0
66.4,2,3,9,1995,8686000.0
41.0,1,5,9,1979,5790000.0
59.5,2,10,12,2007,9130000.0
47.9,2,23,25,2002,5622000.0
36.7,1,3,12,2018,6029000.0
67.3,3,2,9,1998,9197000.0
52.9,2,5,12,2008,8578000.0
42.0,1,3,5,1980,5341000.0
77.7,3,5,17,2025,12519000.0
63.6,3,9,12,2023,9561000.0
103.7,4,1,9,1988,9984000.0
49.8,2,4,12,2020,8048000.0
49.6,2,10,12,2019,7832000.0
28.7,1,5,5,1961,2982000.0
70.7,2,2,12,2014,10421000.0
96.1,4,2,9,1978,13393000.0
41.3,2,1,17,2001,4808000.0
69.7,3,14,17,2022,10695000.0
41.9,1,8,17,2022,5690000.0
62.9,2,2,12,2008,8296000.0
87.6,3,3,12,2003,12565000.0
81.3,3,4,5,1964,9288000.0
83.5,4,2,17,2010,10800000.0
73.7,3,4,9,1978,10266000.0
57.1,2,1,9,1978,5736000.0
50.6,2,3,9,1989,6440000.0
68.6,3,5,5,1964,7616000.0
60.0,2,10,12,2002,7476000.0
39.0,1,1,5,1975,4616000.0
50.7,2,15,17,2024,8360000.0
49.0,2,4,9,1997,6475000.0
45.3,1,1,5,1960,4420000.0
61.8,2,2,12,2000,8104000.0
43.0,1,5,5,1960,3481000.0
62.5,2,8,9,1977,8419000.0
81.5,3,8,17,2008,11328000.0
63.0,2,3,5,1972,7400000.0
74.6,3,10,17,2023,8927000.0
40.6,1,3,5,1972,5565000.0
105.6,4,4,9,1999,12743000.0
29.2,1,11,17,2020,4668000.0
39.5,1,6,9,1997,5442000.0
88.4,3,5,5,1972,8151000.0
81.5,3,1,9,1999,10786000.0
39.1,1,3,9,1995,5925000.0
96.4,4,7,17,2007,13533000.0
50.2,2,8,9,1982,6483000.0
104.7,4,3,17,2018,12555000.0
58.4,2,11,17,2004,8735000.0
54.4,2,5,9,1998,8912000.0
47.8,2,19,25,2009,6791000.0
29.7,1,5,9,1993,4082000.0
47.6,2,24,25,2002,5781000.0
55.1,2,2,5,1981,5446000.0
37.8,1,6,12,2006,5218000.0
39.5,1,4,9,1997,6256000.0
48.4,1,9,9,1980,6678000.0
60.9,3,10,12,2006,8126000.0
71.7,2,2,17,2006,10376000.0
82.8,3,1,5,1979,7825000.0
105.7,4,3,5,1967,11681000.0
52.7,2,6,17,2023,7407000.0
100.9,4,11,12,2001,12910000.0
42.6,1,10,25,2014,6125000.0
30.4,1,13,17,2009,4277000.0
62.9,2,1,25,2020,9128000.0
59.0,2,2,17,2014,10112000.0
76.7,3,3,9,1976,8892000.0
62.9,2,1,5,1962,7364000.0
29.7,1,5,17,2018,3906000.0
55.5,2,10,12,2004,7567000.0
57.0,2,2,5,1983,6240000.0
43.8,1,2,9,1993,5754000.0
66.9,2,21,25,2006,9946000.0
68.3,3,5,12,2020,10780000.0
76.9,3,1,9,1988,7945000.0
47.5,2,3,9,1986,6332000.0
59.3,2,5,9,1984,8413000.0
39.2,1,9,9,1984,5383000.0
54.4,2,1,9,1978,6176000.0
86.5,3,1,5,1977,8680000.0
58.7,2,9,17,2005,7552000.0
42.3,1,6,9,1994,5275000.0
76.9,3,17,17,2003,9662000.0
83.7,3,8,17,2004,10233000.0
68.3,2,5,9,1988,9378000.0
36.8,1,7,12,2008,5433000.0
37.0,1,7,9,1989,5022000.0
53.6,1,15,17,2000,6109000.0
57.0,2,7,9,1995,7576000.0
37.5,1,6,12,2020,5414000.0
82.3,3,11,12,2012,13777000.0
89.8,4,8,9,1976,8931000.0
49.4,2,1,5,1974,5256000.0
43.3,2,12,12,2014,6119000.0
44.7,2,15,17,2015,5803000.0
69.4,3,2,9,1977,9808000.0
74.0,3,7,12,2012,12166000.0
34.8,1,2,9,1994,4333000.0
37.6,1,10,17,2000,4941000.0
78.2,3,2,5,1973,11047000.0
53.8,2,1,17,2002,7531000.0
40.1,1,7,9,1991,5192000.0
64.7,2,3,9,1991,8793000.0
91.6,3,4,5,1968,8960000.0
46.1,1,5,5,1979,6808000.0
89.2,3,4,12,2019,12706000.0
38.1,1,6,9,1978,5117000.0
65.6,3,5,17,2010,8117000.0
54.6,2,4,5,1974,5841000.0
31.5,1,9,9,1999,4350000.0
58.0,2,6,9,1987,8849000.0
67.3,3,2,5,1983,7751000.0
76.1,3,1,5,1979,7388000.0
52.5,2,3,9,1986,6896000.0
52.0,2,7,9,1989,7816000.0
67.8,2,7,9,1980,7875000.0
56.8,2,1,12,2017,7225000.0
78.5,3,8,12,2021,12123000.0
41.5,1,4,5,1976,5710000.0
38.9,1,5,9,1995,5169000.0
62.4,2,22,25,2023,10271000.0
34.6,1,3,12,2016,5428000.0
84.6,3,5,12,2010,11567000.0
45.7,2,5,9,1992,6519000.0
57.3,2,17,17,2002,7998000.0
80.6,3,3,17,2022,10323000.0
56.4,2,3,12,2023,9607000.0
58.9,2,1,25,2003,7516000.0
42.5,1,5,5,1972,5667000.0
61.9,2,1,5,1983,7043000.0
40.3,1,9,17,2000,5769000.0
68.5,2,5,17,2018,10365000.0
51.4,2,1,5,1979,6026000.0
35.3,1,6,9,1979,5187000.0
54.4,2,1,5,1972,6127000.0
44.6,1,6,9,1990,5953000.0
80.4,3,17,17,2015,11708000.0
48.4,1,12,12,2010,6978000.0
65.9,3,4,9,1983,10395000.0
58.5,2,8,9,1992,7878000.0
56.0,2,5,5,1974,7216000.0
20.0,1,5,9,1987,2875000.0
94.5,4,10,12,2006,9758000.0
29.8,1,11,25,2002,3888000.0
51.7,2,8,17,2011,6997000.0
107.9,4,1,5,1977,9458000.0
84.6,3,13,17,2008,11003000.0
53.1,2,5,17,2002,6254000.0
94.2,4,8,17,2023,11630000.0
47.8,2,1,9,1975,5343000.0
47.7,1,7,9,1995,7776000.0
50.3,2,7,9,1995,5759000.0
20.0,1,5,5,1981,2147000.0
31.6,1,9,9,1981,3656000.0
68.3,3,2,9,1993,8561000.0
56.3,2,3,9,1986,6070000.0
39.6,1,17,17,2013,5152000.0
75.6,3,7,9,1987,8628000.0
28.0,1,2,5,1964,3430000.0
102.4,4,3,25,2011,14148000.0
102.1,4,19,25,2007,13112000.0
77.0,3,9,17,2005,9911000.0
74.9,3,10,25,2017,9764000.0
40.4,1,2,12,2006,5814000.0
65.9,2,15,25,2018,8653000.0
27.6,1,2,5,1974,3969000.0
41.1,1,1,9,1984,4100000.0
66.6,2,9,9,1983,7435000.0
52.9,1,1,5,1979,6595000.0
103.2,4,2,5,1975,11248000.0
71.9,3,1,12,2019,9766000.0
65.0,2,3,17,2003,10438000.0
52.8,2,1,12,2009,7229000.0
66.1,2,4,5,1969,6855000.0
74.4,3,17,17,2007,8432000.0
52.6,2,8,12,2000,6987000.0
38.9,1,1,9,1977,4617000.0
55.5,2,9,12,2023,9225000.0
55.7,2,9,9,1986,6215000.0
86.5,4,9,9,1981,9124000.0
44.3,1,19,25,2021,6561000.0
43.8,1,4,9,1997,5878000.0
83.0,3,5,9,1975,11201000.0
80.5,3,11,17,2023,11439000.0
70.6,3,4,17,2019,10137000.0
41.3,2,5,5,1960,4829000.0
59.0,2,1,5,1963,7047000.0
58.4,2,2,5,1977,7122000.0
39.8,1,8,12,2004,6364000.0
37.7,2,4,9,1975,5407000.0
42.2,1,2,5,1960,4858000.0
29.5,1,7,25,2004,3953000.0
58.1,3,4,12,2017,9936000.0
27.0,1,9,9,1983,3702000.0
91.0,3,9,12,2009,12387000.0
49.6,1,4,12,2006,7563000.0
21.9,1,5,5,1974,2320000.0
51.5,2,8,9,1988,7357000.0
73.8,3,6,17,2003,8029000.0
64.7,2,1,9,1988,8290000.0
81.5,3,7,12,2006,10157000.0
26.2,1,1,9,1982,2543000.0
76.1,3,3,5,1983,7411000.0
32.6,1,1,5,1967,3366000.0
76.2,3,3,9,1979,9759000.0
51.4,2,1,9,1997,5324000.0
74.3,3,1,5,1970,6720000.0
60.4,2,7,17,2022,8484000.0
34.9,1,21,25,2001,5290000.0
78.4,3,13,17,2014,11887000.0
40.8,1,1,17,2018,5591000.0
39.9,1,6,9,1992,5917000.0
85.1,3,22,25,2014,12614000.0
32.6,1,4,5,1978,3964000.0
35.0,1,23,25,2024,5867000.0
54.8,2,23,25,2006,6627000.0
75.1,3,12,17,2003,10449000.0
34.3,1,25,25,2013,4239000.0
65.5,2,12,12,2007,8792000.0
52.3,2,1,9,1997,7058000.0
83.4,3,5,9,1984,10418000.0
92.8,3,10,12,2012,12752000.0
69.2,3,3,5,1965,7921000.0
46.5,2,7,12,2003,6796000.0
41.7,2,20,25,2004,6963000.0
47.1,1,4,5,1969,6103000.0
64.5,2,12,17,2023,9087000.0
94.7,4,1,25,2012,11104000.0
64.1,2,1,25,2018,7638000.0
29.4,1,10,25,2010,3748000.0
57.6,2,2,12,2018,6343000.0
66.1,2,15,25,2004,8677000.0
60.1,2,2,17,2024,7692000.0
52.4,2,1,5,1964,5479000.0
58.3,2,8,9,1975,6709000.0
36.4,1,9,17,2020,4910000.0
84.8,3,5,9,1983,8153000.0
59.5,2,4,12,2006,7967000.0
41.8,1,11,12,2008,4976000.0
28.6,1,1,5,1969,3352000.0
68.2,3,7,12,2020,9928000.0
79.4,3,9,17,2002,10253000.0
65.6,2,8,9,1992,9829000.0
46.9,1,3,5,1968,5683000.0
26.3,1,2,5,1964,3243000.0
39.7,1,3,9,1985,5556000.0
63.5,2,4,25,2000,8151000.0
61.0,2,4,9,1976,7051000.0
58.4,2,6,12,2017,8500000.0
64.6,2,7,9,1994,7378000.0
30.9,1,4,9,1988,4832000.0
40.1,1,10,17,2021,6189000.0
63.2,2,6,17,2007,8627000.0
27.7,1,1,5,1978,3823000.0
40.0,1,6,9,1988,4723000.0
61.5,2,3,5,1973,8523000.0
81.9,3,1,9,1996,10270000.0
64.4,3,11,12,2019,10124000.0
71.0,3,2,5,1967,7884000.0
38.0,2,5,9,1983,4806000.0
68.0,2,3,9,1999,8851000.0
33.1,1,24,25,2013,5359000.0
95.7,4,15,25,2011,13180000.0
29.9,1,1,5,1972,3135000.0
31.9,1,12,17,2005,4315000.0
45.3,1,8,9,1988,6002000.0
97.7,4,5,9,1989,11421000.0
115.7,4,16,17,2001,16845000.0
69.2,3,15,25,2017,10495000.0
71.1,2,15,25,2009,10790000.0
55.4,2,11,12,2024,8442000.0
112.8,4,6,9,1995,12839000.0
65.7,2,12,17,2006,9750000.0
86.2,3,2,9,1996,8777000.0
34.9,1,11,12,2024,5456000.0
30.4,1,4,9,1979,3560000.0
78.4,3,9,12,2007,9633000.0
33.3,1,4,9,1994,4325000.0
67.7,3,5,5,1972,7382000.0
65.1,2,21,25,2006,9011000.0
79.7,3,2,5,1984,10518000.0
38.9,1,8,12,2017,5717000.0
51.3,2,6,9,1983,6386000.0
53.7,2,2,5,1971,5499000.0
62.8,2,5,5,1983,6554000.0
61.0,2,5,5,1976,7262000.0
107.8,4,3,17,2009,15067000.0
62.7,2,7,9,1981,7612000.0
46.5,1,10,25,2020,7693000.0
69.7,3,5,12,2004,7978000.0
41.3,1,7,9,1997,5924000.0
62.3,2,2,12,2014,8165000.0
25.8,1,9,12,2015,3473000.0
81.3,3,8,17,2015,10454000.0
45.2,1,5,9,1984,5845000.0
39.3,1,2,9,1988,5444000.0
66.3,3,8,17,2019,9716000.0
70.3,3,23,25,2016,9541000.0
40.5,1,8,17,2005,6140000.0
71.7,3,4,9,1975,9837000.0
83.7,3,1,17,2010,10160000.0
40.1,1,4,9,1975,5065000.0
85.4,3,2,9,1986,9893000.0
54.8,2,6,9,1998,7068000.0
57.9,2,12,12,2019,9038000.0
51.7,2,1,5,1974,6323000.0
73.8,2,7,9,1979,8932000.0
38.0,1,1,17,2009,5199000.0
69.9,3,8,9,1991,9628000.0
44.9,1,2,5,1969,5218000.0
55.2,2,3,5,1966,5576000.0
44.4,1,13,25,2017,7099000.0
76.5,3,9,12,2005,11151000.0
25.3,1,8,9,1983,3530000.0
49.9,2,5,17,2001,6529000.0
57.6,2,1,17,2021,8793000.0
66.3,3,1,9,1986,7572000.0
56.1,2,11,12,2004,6834000.0
82.5,3,1,17,2014,8654000.0
41.5,1,11,12,2012,5906000.0
40.9,1,4,5,1961,4892000.0
57.2,2,5,17,2014,7958000.0
90.0,3,9,12,2013,14911000.0
37.3,1,9,9,1983,4785000.0
34.7,1,2,9,1990,4193000.0
41.5,1,3,5,1961,3753000.0
59.8,2,1,5,1960,6214000.0
50.0,2,10,17,2024,8181000.0
84.9,3,2,5,1968,11439000.0
40.6,1,7,9,1999,5533000.0
40.6,1,4,12,2023,7285000.0
44.3,1,2,5,1979,4879000.0
46.2,2,19,25,2013,6366000.0
51.6,2,6,9,1999,6250000.0
47.2,1,9,9,1976,6083000.0
73.7,3,8,9,1975,7526000.0
37.7,1,9,9,1984,4857000.0
67.2,2,4,5,1982,7369000.0
47.5,2,9,17,2021,8221000.0
21.7,1,8,25,2018,3136000.0
70.5,3,2,9,1992,9268000.0
76.5,3,8,12,2023,9020000.0
55.3,2,1,17,2019,6183000.0
52.9,2,9,17,2021,7185000.0
33.6,1,9,9,1994,4717000.0
53.0,2,8,9,1985,7169000.0
32.9,1,5,9,1983,4733000.0
81.2,3,5,17,2014,9561000.0
40.6,1,3,17,2015,6331000.0
42.2,1,5,5,1972,4670000.0
34.6,1,4,9,1995,4350000.0
34.4,1,17,25,2005,4642000.0
65.5,2,16,17,2024,9639000.0
43.0,1,16,25,2014,6777000.0
90.3,3,3,17,2014,13929000.0
35.5,1,6,9,1996,5130000.0
49.3,2,1,12,2017,6839000.0
57.8,2,5,12,2010,9636000.0
104.7,4,2,5,1960,11827000.0
109.2,4,10,12,2013,14275000.0
75.3,3,15,17,2024,11485000.0
77.9,3,2,5,1961,10009000.0
62.8,2,17,17,2001,7403000.0
77.2,3,12,12,2019,9924000.0
100.3,4,1,25,2025,14462000.0
58.6,1,1,5,1969,6229000.0
61.0,2,4,9,1990,8518000.0
23.5,1,4,12,2002,3737000.0
44.9,2,8,9,1988,5049000.0
55.2,2,1,17,2022,7041000.0
70.1,2,11,17,2006,10898000.0
61.6,2,1,5,1978,6730000.0
118.9,4,9,12,2018,12928000.0
60.6,2,10,12,2024,8563000.0
84.8,3,9,9,1997,11253000.0
35.3,1,7,25,2018,5977000.0
53.2,2,12,17,2002,7298000.0
53.7,2,8,12,2012,8002000.0
43.2,1,17,17,2018,5935000.0
49.9,2,5,9,1999,7334000.0
43.5,2,14,25,2013,7092000.0
50.5,2,2,12,2007,7575000.0
63.1,2,16,17,2022,9214000.0
52.6,2,17,17,2007,7263000.0
42.5,1,3,9,1991,6258000.0
53.4,2,1,17,2024,7176000.0
54.9,1,3,5,1980,7592000.0
49.5,1,2,9,1979,6543000.0
60.4,1,2,9,1979,8791000.0
27.6,1,4,25,2024,4538000.0
39.5,1,15,17,2020,5679000.0
23.5,1,10,17,2001,3759000.0
40.4,1,5,17,2021,6419000.0
51.3,2,3,12,2022,7475000.0
39.9,1,11,25,2010,5019000.0
39.9,2,7,9,1989,5273000.0
61.4,3,5,9,1997,9403000.0
74.1,3,4,5,1966,6060000.0
34.3,1,12,17,2010,3648000.0
87.7,3,15,17,2001,12426000.0
33.5,1,4,9,1980,4391000.0
40.5,1,4,5,1968,5232000.0
88.0,4,17,17,2016,10705000.0
82.3,3,3,5,1978,7698000.0
61.3,2,16,17,2011,7956000.0
65.1,2,11,25,2005,10399000.0
60.9,2,2,9,1990,7543000.0
52.0,1,1,9,1997,6169000.0
35.0,1,17,17,2001,3437000.0
53.3,2,13,17,2025,6529000.0
84.6,3,5,12,2023,13497000.0
39.0,1,25,25,2010,5251000.0
70.9,3,5,5,1974,8650000.0
43.4,1,11,12,2005,5722000.0
64.4,2,6,17,2024,8181000.0
61.5,2,1,17,2008,7540000.0
58.7,2,2,5,1968,6492000.0
27.9,1,5,17,2024,3930000.0
55.9,2,12,12,2017,7076000.0
51.3,2,1,9,1987,5831000.0
44.3,1,2,5,1982,5442000.0
60.4,1,11,17,2004,7778000.0
48.1,2,2,5,1984,7173000.0
46.4,2,5,9,1991,6322000.0
28.9,1,4,9,1997,4049000.0
52.9,2,10,17,2025,7854000.0
71.5,3,9,12,2020,10826000.0
36.6,1,15,17,2010,5609000.0
53.2,2,4,9,1983,5999000.0
42.6,1,12,12,2022,5225000.0
33.1,1,8,12,2019,3855000.0
34.9,1,8,17,2023,6299000.0
62.0,2,18,25,2008,8286000.0
84.5,3,5,5,1968,9656000.0
36.7,1,2,12,2009,5426000.0
59.8,2,4,5,1979,8060000.0
47.1,2,10,12,2005,6466000.0
44.3,1,4,9,1978,4874000.0
38.8,2,7,9,1975,4217000.0
76.6,3,1,9,1980,7991000.0
84.3,3,9,12,2023,10186000.0
77.6,3,1,9,1980,7672000.0
34.3,1,15,17,2011,4410000.0
78.3,3,5,9,1977,8972000.0
34.1,1,2,5,1972,3999000.0
74.3,2,2,17,2023,11153000.0
68.8,3,4,9,1984,9134000.0
43.8,1,6,9,1983,5547000.0
58.7,2,6,12,2016,7202000.0
57.6,2,2,9,1985,5812000.0
51.4,2,3,5,1965,6039000.0
41.6,1,4,9,1984,5062000.0
102.9,4,4,25,2023,14064000.0
47.1,2,1,12,2017,6347000.0
41.5,1,2,12,2013,6993000.0
41.4,1,3,12,2003,4832000.0
73.4,3,5,5,1972,7254000.0
46.8,1,5,9,1975,5806000.0
45.5,1,3,17,2019,6077000.0
48.8,2,2,5,1961,4708000.0
61.2,2,6,9,1977,8471000.0
61.6,2,1,9,1994,6550000.0
48.7,2,3,9,1977,5180000.0
64.2,3,7,25,2005,7602000.0
100.6,4,4,5,1966,12130000.0
34.9,1,12,12,2010,4489000.0
55.1,2,4,5,1966,5515000.0
88.3,3,23,25,2016,11305000.0
61.6,2,1,5,1980,6846000.0
52.3,2,2,9,1993,7486000.0
41.3,1,9,17,2011,6521000.0
60.2,2,4,17,2000,7515000.0
65.6,2,1,9,1975,6779000.0
65.3,2,9,9,1992,9824000.0
101.6,4,6,9,1984,13213000.0
41.6,1,8,9,1998,5617000.0
47.5,1,2,9,1994,4984000.0
42.0,1,7,9,1977,5061000.0
53.5,2,6,9,1988,5967000.0
31.0,1,2,9,1982,3660000.0
44.8,2,2,12,2015,5821000.0
32.5,1,4,25,2017,4749000.0
51.4,2,4,12,2008,7240000.0
23.4,1,3,5,1963,2562000.0
68.6,3,2,5,1984,7318000.0
48.1,2,3,25,2000,6394000.0
93.4,3,9,9,1995,10818000.0
42.8,2,5,5,1982,4125000.0
34.9,1,5,12,2013,5451000.0
36.2,1,2,12,2010,4883000.0
98.6,4,3,12,2003,12310000.0
70.4,2,8,9,1995,9126000.0
30.1,1,4,5,1975,3761000.0
39.5,2,2,25,2008,5606000.0
55.0,2,2,9,1996,6366000.0
44.1,1,6,12,2013,6696000.0
34.4,1,14,17,2005,4736000.0
75.7,3,12,12,2001,10489000.0
48.8,1,7,9,1975,6604000.0
43.3,1,5,9,1994,6677000.0
36.7,1,2,12,2025,5129000.0
36.1,1,16,17,2018,6118000.0
44.7,2,23,25,2022,6667000.0
44.1,1,3,5,1966,5652000.0
35.4,1,5,5,1981,4617000.0
68.6,3,6,25,2014,9950000.0
41.1,1,13,17,2004,5201000.0
65.6,2,10,17,2002,9809000.0
54.6,2,8,9,1989,7300000.0
50.9,2,3,12,2003,5948000.0
78.3,3,5,17,2004,9927000.0
33.8,1,9,12,2003,4200000.0
67.9,3,5,9,1977,6898000.0
76.1,3,3,5,1961,9064000.0
62.3,2,7,12,2004,7305000.0
51.3,1,5,9,1992,6012000.0
35.1,1,2,9,1976,5285000.0
70.4,2,21,25,2014,9634000.0
69.8,3,7,9,1992,9423000.0
62.5,2,4,17,2017,10078000.0
34.4,1,1,5,1967,4019000.0
54.3,1,6,12,2011,8051000.0
50.3,2,15,25,2022,7405000.0
57.9,2,3,5,1968,7158000.0
26.7,1,3,5,1978,3311000.0
32.4,1,5,9,1975,4336000.0
62.6,2,4,5,1981,7601000.0
63.4,2,13,17,2024,9303000.0
59.4,2,18,25,2016,10190000.0
80.8,3,7,9,1975,9029000.0
57.6,2,5,9,1994,7616000.0
50.7,1,7,9,1991,7110000.0
43.7,2,9,17,2024,6829000.0
102.0,4,4,5,1965,11364000.0
68.4,3,5,12,2004,7973000.0
69.8,3,9,12,2004,9450000.0
33.2,1,10,12,2010,4948000.0
75.8,3,4,9,1985,10374000.0
77.2,3,13,17,2010,11317000.0
55.3,2,5,5,1971,7006000.0
33.8,1,5,5,1971,3548000.0
102.5,4,15,17,2001,11744000.0
47.2,2,13,17,2002,6654000.0
45.1,1,3,5,1966,6020000.0
42.3,1,5,9,1994,5645000.0
67.0,2,6,9,1988,7978000.0
60.8,2,6,9,1996,6797000.0
43.3,1,6,9,1990,6007000.0
63.4,2,2,5,1983,7884000.0
70.2,3,5,9,1988,8360000.0
58.0,2,13,17,2016,9132000.0
32.7,1,5,12,2014,4792000.0
58.6,2,9,12,2010,8263000.0
39.5,1,5,5,1972,5047000.0
43.7,1,24,25,2005,7596000.0
61.8,2,8,17,2016,8526000.0
82.5,3,9,17,2011,10316000.0
54.7,2,15,17,2023,7311000.0
58.5,1,22,25,2003,8668000.0
62.0,2,10,12,2020,8100000.0
58.3,2,5,9,1984,7090000.0
87.4,3,9,12,2017,11914000.0
75.9,3,11,17,2018,12356000.0
28.9,1,2,17,2006,4631000.0
31.2,1,6,12,2022,4026000.0
30.0,1,5,5,1971,4055000.0
78.3,3,7,9,1985,8449000.0
45.2,1,21,25,2023,7029000.0
28.1,1,1,12,2002,3265000.0
63.1,2,3,12,2001,8244000.0
39.3,1,3,9,1976,4456000.0
50.1,1,4,9,1996,8034000.0
65.5,2,5,17,2001,8778000.0
31.2,1,1,12,2014,4245000.0
53.4,2,15,17,2003,6534000.0
98.6,4,6,9,1999,10682000.0
47.8,1,9,12,2025,7045000.0
69.8,2,1,9,1977,8089000.0
78.7,3,8,17,2016,10867000.0
65.6,3,8,9,1976,8491000.0
57.5,2,3,9,1984,7355000.0
72.2,2,9,12,2006,10024000.0
39.2,1,11,25,2008,5961000.0
39.4,2,5,5,1984,4776000.0
104.5,4,13,17,2019,15640000.0
67.6,2,8,9,1989,9216000.0
48.0,2,3,9,1982,6557000.0
28.7,1,2,5,1976,3866000.0
67.3,2,5,9,1985,9702000.0
60.3,2,3,12,2015,9391000.0
59.3,2,5,5,1981,8249000.0
24.1,1,9,9,1998,3000000.0
50.7,2,20,25,2017,7962000.0
62.7,2,3,5,1983,6797000.0
31.0,1,5,17,2003,4799000.0
41.2,1,8,9,1992,5594000.0
27.9,1,8,12,2019,4600000.0
48.6,2,3,9,1982,7107000.0
79.7,2,5,5,1974,9871000.0
78.3,3,3,5,1972,8689000.0
38.6,1,5,5,1963,3861000.0
74.8,3,3,5,1973,9165000.0
59.2,2,10,12,2014,8238000.0
57.9,2,7,17,2014,8845000.0
25.0,1,16,17,2023,3633000.0
41.3,1,6,12,2022,5712000.0
111.5,4,4,5,1964,11720000.0
48.7,1,1,9,1998,6375000.0
37.3,1,8,9,1989,5032000.0
24.8,1,3,9,1992,3076000.0
85.2,3,3,12,2002,13285000.0
35.9,1,6,12,2019,5336000.0
40.6,1,4,9,1984,4096000.0
53.3,2,4,9,1979,7197000.0
58.9,2,4,17,2004,8097000.0
61.2,2,10,17,2014,8618000.0
56.1,2,9,9,1975,6340000.0
75.1,3,8,25,2000,9659000.0
76.5,3,19,25,2015,12429000.0
79.2,3,1,9,1991,9408000.0
32.3,1,1,9,1988,3958000.0
70.3,3,1,12,2014,8544000.0
41.5,1,20,25,2013,7167000.0
38.5,1,14,17,2020,6317000.0
76.9,3,4,5,1961,9274000.0
70.3,3,3,9,1977,8561000.0
50.4,2,8,12,2023,8223000.0
70.8,3,8,12,2011,10084000.0
99.0,4,1,5,1983,10101000.0
51.0,2,10,17,2025,7904000.0
52.5,2,1,12,2001,7769000.0
78.4,3,8,17,2007,10789000.0
42.5,1,1,17,2011,6297000.0
40.4,1,7,17,2008,6526000.0
81.7,3,8,9,1988,10743000.0
29.4,1,9,12,2025,5286000.0
38.8,1,4,5,1965,3623000.0
31.8,1,12,12,2016,3674000.0
62.9,2,2,5,1970,8737000.0
98.9,4,9,12,2018,12600000.0
49.8,2,4,9,1995,6674000.0
62.0,2,3,5,1972,8711000.0
108.4,4,4,5,1962,11792000.0
75.1,3,2,5,1962,9682000.0
63.0,2,4,17,2024,9016000.0
79.2,3,9,17,2020,11936000.0
48.9,2,6,12,2013,7018000.0
35.2,1,1,5,1967,4386000.0
39.0,1,5,5,1966,4326000.0
58.1,2,1,5,1963,5409000.0
46.1,2,5,5,1962,4756000.0
70.4,2,6,17,2018,9810000.0
40.8,2,3,9,1976,4649000.0
52.0,1,8,9,1979,6171000.0
37.9,1,2,5,1971,5176000.0
55.8,2,4,9,1976,7755000.0
38.1,1,4,12,2017,5922000.0
57.9,2,11,12,2014,7758000.0
49.2,2,5,9,1990,6009000.0
64.2,2,2,5,1971,6056000.0
40.8,1,9,9,1986,5292000.0
57.9,2,8,9,1978,6633000.0
75.8,3,7,9,1996,11204000.0
100.2,4,21,25,2021,11905000.0
83.3,3,9,12,2007,10569000.0
56.3,2,9,12,2010,7862000.0
35.2,1,2,9,1996,5060000.0
49.5,2,4,9,1996,7777000.0
81.6,3,8,12,2003,9343000.0
32.4,1,1,12,2011,4131000.0
30.5,1,13,17,2020,3956000.0
41.7,1,5,5,1982,5523000.0
59.3,2,8,12,2009,7789000.0
74.0,2,2,9,1983,9211000.0
25.8,1,13,17,2015,3763000.0
71.5,3,8,12,2003,9597000.0
59.1,2,10,12,2025,8695000.0
37.4,1,4,5,1976,4245000.0
39.1,1,9,12,2021,5990000.0
36.9,1,5,5,1977,4076000.0
46.0,2,1,9,1981,5581000.0
39.7,1,4,5,1981,5136000.0
62.7,2,2,12,2008,7858000.0
71.8,3,3,9,1980,10700000.0
52.2,2,3,9,1996,8101000.0
34.6,1,13,17,2019,6490000.0
47.9,2,4,9,1999,6235000.0
70.4,3,2,12,2002,8525000.0
37.8,1,3,9,1989,5444000.0
44.3,1,3,5,1960,5728000.0
54.6,2,14,17,2025,8321000.0
68.5,2,5,5,1983,6463000.0
32.1,1,6,9,1998,4010000.0
65.0,2,4,12,2016,9781000.0
50.2,2,6,12,2008,6558000.0
78.6,3,11,12,2001,8931000.0
46.7,1,1,9,1980,5243000.0
83.2,3,5,5,1984,6528000.0
38.6,1,10,17,2015,5383000.0
53.9,2,8,12,2012,7334000.0
57.7,2,17,17,2005,7809000.0
61.9,2,2,17,2022,9648000.0
82.4,3,6,17,2014,11859000.0
37.5,1,9,9,1999,5400000.0
58.1,2,5,9,1979,7056000.0
29.6,1,4,17,2016,3768000.0
62.1,2,2,9,1983,7845000.0
29.9,1,4,5,1972,3366000.0
78.9,3,3,17,2006,9160000.0
75.7,3,6,17,2015,11150000.0
87.2,3,8,9,1982,9076000.0
39.8,1,5,5,1977,5100000.0
67.3,2,5,9,1979,7239000.0
36.7,1,14,17,2012,5226000.0
90.4,3,3,25,2023,12249000.0
61.3,2,7,9,1997,9125000.0
48.0,2,5,5,1966,5613000.0
54.3,2,6,17,2019,7278000.0
33.5,1,1,9,1987,3920000.0
48.2,2,4,12,2001,7423000.0
30.8,1,22,25,2025,5460000.0
100.0,4,3,5,1978,9935000.0
67.9,3,6,12,2013,10614000.0
46.2,2,3,5,1973,6238000.0
75.6,3,3,9,1983,9369000.0
40.0,1,10,17,2003,5606000.0
92.0,3,6,9,1991,10965000.0
47.6,1,25,25,2025,6100000.0
56.3,2,9,12,2019,8503000.0
59.0,2,2,9,1990,7523000.0
41.9,1,4,9,1998,6056000.0
58.3,2,9,9,1982,7253000.0
36.0,1,4,9,1989,6006000.0
97.1,4,2,5,1977,12457000.0
37.2,1,3,9,1984,5115000.0
57.5,2,3,9,1978,5559000.0
68.1,3,16,17,2006,9506000.0
42.8,1,11,12,2023,7588000.0
62.7,2,10,17,2016,8666000.0
61.4,2,1,5,1967,7865000.0
30.4,1,2,9,1975,4011000.0
87.3,3,3,12,2021,12807000.0
34.0,1,2,9,1995,4189000.0
30.3,1,3,5,1969,4240000.0
67.3,2,8,17,2014,8840000.0
53.0,2,14,17,2022,7390000.0
80.3,3,6,12,2005,8721000.0
75.6,3,2,5,1969,9400000.0
45.7,2,15,17,2000,6549000.0
49.6,2,10,12,2005,6861000.0
45.2,1,17,17,2012,6764000.0
35.8,1,17,17,2002,5100000.0
56.1,2,12,17,2011,7651000.0
77.3,3,10,12,2014,9879000.0
32.0,1,4,5,1981,3410000.0
29.3,1,9,12,2006,4120000.0
62.9,2,9,12,2005,7555000.0
36.3,1,5,17,2008,5325000.0
58.6,2,4,5,1975,6992000.0
57.7,2,4,5,1971,6590000.0
47.0,2,16,17,2008,7262000.0
35.4,1,9,17,2007,4587000.0
81.1,3,25,25,2004,8367000.0
30.8,1,3,17,2025,4643000.0
77.7,3,5,12,2002,9507000.0
44.1,2,3,12,2003,6117000.0
86.4,3,17,17,2010,10180000.0
66.8,2,12,12,2009,9287000.0
45.7,1,10,12,2007,5930000.0
66.0,3,2,5,1968,6758000.0
63.4,2,8,9,1987,8617000.0
21.8,1,11,17,2023,3321000.0
43.3,1,8,9,1993,5175000.0
57.2,2,3,9,1997,6918000.0
53.6,2,7,9,1985,6548000.0
63.7,2,7,9,1998,7573000.0
56.9,2,2,9,1977,6763000.0
51.2,2,9,9,1975,5749000.0
81.6,3,19,25,2022,10603000.0
65.7,2,2,12,2013,9984000.0
41.3,1,4,5,1978,4705000.0
82.3,3,3,5,1960,10107000.0
27.5,1,2,12,2022,4102000.0
52.2,2,8,9,1986,6215000.0
58.1,2,3,17,2013,8738000.0
67.6,2,5,12,2014,9717000.0
31.8,1,11,17,2006,4899000.0
44.4,1,8,9,1978,4506000.0
45.2,2,7,12,2013,6783000.0
110.2,4,6,9,1992,12798000.0
64.5,2,14,25,2015,9311000.0
68.5,2,1,12,2025,9133000.0
45.2,1,1,9,1988,6125000.0
41.9,1,1,9,1995,4198000.0
35.1,1,2,5,1970,4982000.0
32.8,1,8,12,2024,5396000.0
55.8,2,8,9,1980,7029000.0
33.3,1,7,12,2014,4217000.0
40.0,1,6,9,1984,4343000.0
62.3,2,4,12,2011,8325000.0
73.9,3,1,17,2008,9578000.0
84.3,3,15,17,2016,11776000.0
59.1,2,15,17,2017,9062000.0
34.3,1,1,5,1970,3221000.0
63.8,2,4,5,1965,7409000.0
31.8,1,3,12,2018,5298000.0
49.4,2,7,9,1976,6892000.0
73.1,3,5,9,1996,8238000.0
55.4,2,5,5,1982,6358000.0
109.9,4,4,9,1994,13116000.0
75.2,2,1,5,1972,7585000.0
65.0,2,14,17,2025,10597000.0
36.1,1,8,9,1983,6031000.0
63.6,3,2,12,2011,7745000.0
33.4,1,1,5,1975,3921000.0
91.7,3,4,12,2018,13299000.0
44.6,1,3,9,1976,5784000.0
25.3,1,5,17,2015,4255000.0
61.4,3,5,17,2004,8485000.0
42.5,1,5,9,1999,4649000.0
84.9,3,20,25,2016,10162000.0
32.8,1,24,25,2005,4178000.0
70.2,3,12,17,2023,9326000.0
65.5,2,1,17,2006,8065000.0
57.4,2,7,9,1980,6969000.0
55.0,2,1,12,2002,5524000.0
37.2,1,2,5,1984,4070000.0
76.4,3,3,5,1980,7233000.0
42.0,1,7,25,2014,5244000.0
68.5,2,1,9,1990,8790000.0
56.7,2,3,17,2016,7965000.0
56.7,2,6,17,2008,7175000.0
29.8,1,11,17,2025,3715000.0
37.7,1,18,25,2008,4890000.0
42.8,1,2,9,1991,6103000.0
73.2,3,2,5,1966,8625000.0
32.0,1,5,9,1999,4339000.0
107.5,4,5,5,1961,10549000.0
41.4,1,2,5,1965,4065000.0
29.4,1,6,9,1984,3535000.0
57.2,2,15,17,2016,8718000.0
31.5,1,5,12,2013,4325000.0
55.4,2,4,9,1977,7881000.0
77.5,3,7,12,2015,12091000.0
43.0,1,4,9,1990,5495000.0
83.3,3,5,5,1964,8580000.0
64.5,2,1,17,2015,10205000.0
33.8,1,1,12,2022,5032000.0
38.6,1,14,17,2004,5520000.0
68.4,3,3,5,1983,8483000.0
30.0,1,2,17,2004,4324000.0
66.4,3,6,12,2005,8867000.0
64.6,2,1,12,2017,7525000.0
46.9,1,6,12,2011,6576000.0
58.1,2,5,17,2020,7296000.0
79.3,3,7,12,2006,11423000.0
60.3,2,1,12,2016,7732000.0
66.3,2,13,25,2009,10033000.0
75.1,3,1,17,2008,7986000.0
38.5,1,7,9,1983,5707000.0
70.7,3,3,17,2023,11470000.0
70.6,3,9,9,1985,6942000.0
62.8,2,1,9,1999,7233000.0
71.4,3,8,12,2013,9471000.0
54.7,2,17,25,2004,6445000.0
61.9,2,13,25,2006,8365000.0
55.2,2,5,9,1991,7593000.0
62.1,2,10,12,2022,8746000.0
61.2,2,8,9,1983,6379000.0
38.2,1,22,25,2018,6179000.0
45.6,2,23,25,2024,6252000.0
39.0,1,11,12,2020,5496000.0
48.9,1,6,17,2012,8378000.0
34.1,1,6,17,2008,5117000.0
95.2,3,5,12,2012,12039000.0
60.5,2,5,5,1973,6084000.0
49.2,2,2,9,1982,6755000.0
38.2,1,7,12,2013,6129000.0
62.9,2,4,12,2012,8487000.0
30.4,1,1,9,1997,3299000.0
38.7,1,5,25,2009,5825000.0
55.1,2,3,5,1981,7276000.0
52.8,2,4,12,2001,6909000.0
34.7,1,7,12,2011,4510000.0
48.9,2,5,12,2015,7050000.0
62.1,3,4,12,2006,8726000.0
29.6,1,1,9,1976,3186000.0
37.3,1,3,5,1975,4790000.0
53.4,2,10,12,2021,8144000.0
39.1,1,6,12,2005,6214000.0
104.6,4,1,5,1975,10237000.0
55.0,2,14,17,2024,7256000.0
61.3,2,4,9,1987,7795000.0
73.5,2,12,12,2009,11461000.0
52.4,2,9,17,2019,6305000.0
42.9,1,4,5,1968,3992000.0
73.1,3,2,5,1961,7936000.0
58.6,2,6,17,2020,8267000.0
30.0,1,4,12,2015,4360000.0
57.2,2,10,12,2002,7615000.0
32.4,1,12,17,2021,5417000.0
35.8,1,13,17,2001,5000000.0
61.0,2,19,25,2009,9269000.0
51.3,2,6,12,2024,5746000.0
48.7,2,4,9,1994,6087000.0
34.3,1,3,9,1997,4345000.0
62.4,2,4,5,1964,5539000.0
34.9,1,3,12,2007,5069000.0
73.2,2,2,9,1986,9237000.0
73.7,2,19,25,2003,9629000.0
57.5,2,12,12,2013,7696000.0
91.1,3,10,12,2022,13167000.0
62.0,3,1,9,1989,7684000.0
98.4,4,3,5,1980,12165000.0
101.9,4,1,5,1962,10103000.0
77.6,3,4,9,1998,12411000.0
108.5,4,3,5,1981,11764000.0
70.1,3,8,12,2014,8400000.0
60.0,2,17,17,2003,8729000.0
47.9,1,1,17,2014,7563000.0
23.1,1,7,12,2024,3324000.0
72.5,3,5,9,1983,10044000.0
68.4,2,12,17,2017,9386000.0
72.1,3,16,17,2025,11042000.0
40.1,1,1,5,1972,4738000.0
58.2,2,15,17,2008,7627000.0
50.8,2,7,9,1978,7399000.0
67.9,3,17,17,2024,11122000.0
38.2,1,3,25,2012,5030000.0
85.2,3,3,5,1969,9918000.0
81.0,3,6,17,2007,11923000.0
30.0,1,6,12,2013,3586000.0
62.9,2,15,25,2015,9070000.0
29.1,1,7,9,1993,3294000.0
42.0,1,11,17,2025,6910000.0
56.3,2,3,5,1966,6597000.0
32.6,1,1,9,1986,3715000.0
35.7,1,2,5,1972,3715000.0
76.2,3,22,25,2014,9935000.0
58.3,2,8,17,2014,8785000.0
60.0,2,8,17,2017,8661000.0
43.3,1,21,25,2001,6798000.0
91.0,3,5,5,1973,11188000.0
76.9,3,5,9,1994,10891000.0
63.7,2,3,5,1966,7003000.0
78.8,3,7,9,1994,10365000.0
75.3,3,9,9,1976,7622000.0
61.5,2,9,9,1976,6221000.0
48.3,2,1,9,1979,6004000.0
29.5,1,1,5,1962,2751000.0
29.6,1,2,5,1962,3030000.0
39.4,1,4,5,1960,4634000.0
23.4,1,12,25,2018,3419000.0
27.7,1,11,17,2019,4099000.0
67.3,3,21,25,2011,11350000.0
38.5,1,1,9,1996,4286000.0
96.7,4,4,9,1980,11789000.0
56.1,2,12,17,2020,8298000.0
40.9,1,1,9,1994,5519000.0
58.5,2,2,9,1980,6688000.0
34.3,1,2,9,1987,4430000.0
90.7,4,4,5,1980,10656000.0
82.5,3,8,9,1984,8643000.0
23.8,1,2,9,1975,2440000.0
80.1,3,9,12,2015,11129000.0
77.4,2,4,5,1973,10542000.0
40.7,1,9,9,1992,5037000.0
54.8,2,2,17,2013,7651000.0
61.5,2,1,5,1984,7797000.0
52.4,1,9,9,1984,6393000.0
83.7,3,2,17,2019,12756000.0
49.5,1,3,5,1981,8064000.0
53.8,2,1,5,1964,5250000.0
35.6,1,1,9,1976,3956000.0
105.2,4,2,9,1991,13339000.0
74.5,3,7,12,2000,11219000.0
32.9,1,6,17,2000,4543000.0
43.0,1,4,5,1965,5504000.0
39.9,1,11,12,2025,6368000.0
75.4,3,2,12,2006,10054000.0
28.4,1,4,5,1966,3262000.0
74.1,3,2,12,2024,10030000.0
74.1,3,1,9,1990,10942000.0
59.8,2,3,9,1993,6647000.0
31.1,1,4,5,1968,3220000.0
54.9,2,5,9,1975,6820000.0
53.1,2,5,9,1992,7089000.0
61.3,2,15,17,2006,8868000.0
82.0,2,2,5,1977,9158000.0
58.6,2,8,9,1984,6643000.0
49.7,2,9,9,1994,6053000.0
78.7,3,12,17,2001,11296000.0
38.2,1,7,12,2010,4992000.0
62.8,2,5,12,2017,9240000.0
58.5,3,10,17,2010,7576000.0
36.2,1,8,17,2013,4518000.0
62.0,2,6,9,1987,6921000.0
67.0,3,4,12,2000,9579000.0
59.6,2,16,17,2024,8338000.0
43.8,1,12,25,2009,7137000.0
52.5,1,9,17,2014,7732000.0
40.0,1,9,9,1993,4448000.0
40.2,1,2,5,1976,5295000.0
105.2,4,3,9,1984,11445000.0
49.5,2,11,17,2021,7012000.0
51.8,1,6,9,1982,7451000.0
77.6,3,6,9,1997,8747000.0
54.4,2,15,17,2006,7208000.0
46.6,1,6,9,1992,5610000.0
54.5,2,5,17,2003,6580000.0
39.6,1,5,9,1980,4830000.0
98.9,4,2,9,1976,10312000.0
51.4,2,7,9,1987,6400000.0
76.8,3,12,17,2020,11599000.0
37.9,1,4,5,1971,4305000.0
79.0,3,3,5,1964,7507000.0
56.7,1,24,25,2018,9060000.0
105.3,4,4,5,1961,10329000.0
74.8,3,11,12,2010,12076000.0
60.1,2,4,12,2022,8518000.0
83.2,3,8,9,1982,9948000.0
78.0,3,1,12,2003,7168000.0
88.1,3,9,9,1978,8805000.0
37.4,1,7,12,2010,4201000.0
42.0,2,2,9,1988,5560000.0
79.2,3,11,12,2008,10637000.0
79.5,3,4,5,1979,10105000.0
65.2,2,6,12,2025,10532000.0
63.8,3,3,5,1973,8133000.0
40.1,1,5,9,1977,4950000.0
85.2,3,6,9,1987,10650000.0
40.7,1,4,5,1973,5338000.0
43.1,1,10,17,2016,5911000.0
52.2,2,8,9,1977,5789000.0
63.3,2,6,25,2014,10465000.0
51.6,2,25,25,2020,5890000.0
51.6,2,12,12,2001,6996000.0
43.0,1,1,5,1980,5124000.0
53.2,1,9,9,1999,6240000.0
92.0,3,6,17,2009,11672000.0
61.5,2,9,9,1996,7499000.0
48.5,2,3,5,1974,5981000.0
52.1,2,5,12,2018,7848000.0
77.6,3,2,17,2020,10982000.0
38.4,2,13,17,2011,5538000.0
27.6,1,5,5,1976,3514000.0
84.3,3,8,12,2015,12457000.0
112.7,4,4,9,1982,15237000.0
63.6,2,6,9,1999,9467000.0
100.8,4,6,17,2004,13009000.0
61.4,2,5,9,1999,8807000.0
58.1,2,1,9,1998,7316000.0
28.5,1,3,5,1974,3608000.0
61.6,2,7,17,2007,7836000.0
43.9,1,15,17,2017,6673000.0
29.1,1,8,12,2020,3494000.0
26.5,1,17,17,2007,4007000.0
32.1,1,2,5,1978,4215000.0
67.3,2,7,9,1991,8629000.0
65.0,2,4,9,1978,7656000.0
33.7,1,1,5,1963,3818000.0
95.2,4,5,9,1994,13923000.0
38.9,1,8,25,2019,6084000.0
51.7,2,5,5,1968,6858000.0
40.3,1,2,9,1988,5767000.0
35.6,1,4,9,1975,4096000.0
20.0,1,2,9,1983,2722000.0
57.2,2,23,25,2022,8782000.0
59.8,3,7,9,1987,6814000.0
39.8,1,3,9,1995,5222000.0
46.6,2,14,17,2017,6466000.0
26.1,1,5,5,1969,3046000.0
76.6,3,7,9,1978,8862000.0
74.0,3,1,9,1989,8551000.0
38.0,1,1,12,2003,5045000.0
48.1,2,9,25,2019,7917000.0
113.5,4,14,17,2010,15805000.0
62.4,2,5,9,1986,7395000.0
66.1,2,13,17,2012,11378000.0
54.1,2,1,5,1961,5136000.0
51.9,2,5,5,1967,5533000.0
113.4,4,9,9,1978,13141000.0
106.9,4,4,9,1983,16231000.0
75.8,3,3,12,2001,10375000.0
59.4,2,1,12,2022,7393000.0
55.9,2,2,25,2004,6432000.0
64.7,2,3,12,2004,7385000.0
104.3,4,4,12,2022,14444000.0
59.4,2,3,5,1963,7171000.0
49.8,2,1,5,1978,4728000.0
34.4,1,6,12,2008,5075000.0
57.2,2,7,9,1986,6333000.0
91.2,4,2,17,2002,10576000.0
58.9,2,1,5,1964,6484000.0
27.3,1,1,5,1961,2659000.0
37.8,1,4,9,1997,5897000.0
63.5,2,3,9,1987,7655000.0
83.5,3,2,5,1966,10434000.0
116.4,4,14,17,2020,19599000.0
76.2,3,3,5,1967,7970000.0
55.9,2,6,12,2024,10376000.0
50.8,2,3,9,1994,6713000.0
47.0,2,1,5,1970,4693000.0
56.4,2,4,9,1986,6976000.0
45.8,2,1,17,2017,5734000.0
50.7,2,2,9,1992,7564000.0
59.5,2,10,17,2015,9685000.0
35.1,1,4,5,1979,5058000.0
33.1,1,4,17,2021,4375000.0
72.3,3,9,9,1980,8407000.0
80.4,3,7,12,2017,9534000.0
61.1,2,2,12,2016,9714000.0
44.8,1,3,25,2017,6377000.0
77.1,3,4,9,1998,10523000.0
52.6,2,4,5,1980,6199000.0
56.0,2,2,5,1962,5260000.0
50.5,2,16,17,2008,7689000.0
56.6,2,3,12,2006,8609000.0
53.4,2,11,17,2023,8031000.0
96.5,3,9,9,1996,9319000.0
43.9,1,8,9,1981,6070000.0
42.8,1,1,5,1978,4527000.0
38.8,1,15,25,2000,5700000.0
49.0,1,5,12,2000,6509000.0
20.0,1,3,25,2000,2685000.0
38.2,1,4,9,1985,5251000.0
30.6,1,12,12,2022,4069000.0
29.9,1,5,12,2017,4398000.0
42.1,1,9,9,1987,5553000.0
40.5,1,14,17,2021,7485000.0
59.1,2,19,25,2014,8403000.0
65.9,2,7,17,2016,10314000.0
46.9,1,16,17,2009,6000000.0
44.1,2,6,9,1982,6457000.0
101.3,4,4,9,1995,11554000.0
80.7,3,5,25,2008,10783000.0
46.6,1,2,5,1978,6215000.0
80.1,3,11,17,2017,10363000.0
65.0,2,7,17,2007,10034000.0
29.2,1,4,12,2004,3872000.0
26.6,1,18,25,2013,4242000.0
39.0,1,6,9,1987,5703000.0
54.4,2,2,9,1975,6978000.0
58.9,2,2,5,1970,7470000.0
51.9,2,2,9,1986,8290000.0
34.7,1,7,9,1980,4628000.0
41.4,1,1,9,1986,4955000.0
36.8,1,10,17,2002,5357000.0
51.9,2,21,25,2007,8149000.0
96.8,4,1,5,1981,12534000.0
75.0,3,6,9,1976,8698000.0
104.8,4,7,25,2005,12320000.0
55.6,2,1,5,1962,6364000.0
61.4,2,1,5,1966,5545000.0
55.6,2,1,5,1975,6224000.0
64.5,2,3,12,2016,9596000.0
56.3,2,5,5,1971,6297000.0
74.9,3,20,25,2014,10337000.0
66.2,2,2,9,1988,7106000.0
35.4,1,1,12,2000,4064000.0
82.0,3,4,9,1986,11067000.0
71.7,3,7,9,1994,7291000.0
59.0,2,11,12,2022,8643000.0
62.1,2,9,17,2019,8788000.0
32.0,1,8,17,2013,3773000.0
62.5,2,8,12,2015,10510000.0
34.9,1,5,25,2024,4810000.0
44.6,1,12,17,2014,6955000.0
51.9,2,1,17,2007,6202000.0
34.0,1,1,5,1980,3587000.0
56.2,2,2,5,1960,6190000.0
73.3,3,6,9,1987,8761000.0
38.7,1,10,12,2002,5349000.0
58.7,2,5,9,1998,7259000.0
56.9,2,8,9,1986,6517000.0
37.9,1,3,17,2006,5971000.0
49.5,2,12,17,2007,6901000.0
50.1,2,12,25,2016,7190000.0
59.4,2,7,9,1992,7079000.0
65.4,3,11,12,2009,10291000.0
44.3,2,4,9,1989,5672000.0
97.5,4,5,5,1982,8799000.0
52.8,2,1,5,1980,6059000.0
40.4,1,6,9,1995,5103000.0
55.6,2,4,9,1984,7664000.0
39.1,1,9,17,2008,6230000.0
64.7,2,2,5,1960,7972000.0
64.1,2,15,17,2020,8966000.0
60.5,2,6,12,2022,8839000.0
36.4,1,8,9,1979,4755000.0
51.5,2,5,9,1989,7245000.0
45.7,1,1,9,1988,4891000.0
48.2,2,8,12,2025,7271000.0
85.4,3,9,9,1985,11829000.0
111.8,4,1,5,1982,11163000.0
38.3,1,2,5,1976,4802000.0
52.3,2,12,12,2020,9190000.0
55.2,2,18,25,2013,7687000.0
80.9,3,4,9,1980,8222000.0
53.2,2,15,17,2021,7786000.0
25.6,1,2,12,2003,4226000.0
57.9,2,2,25,2012,9099000.0
61.8,2,10,17,2020,8175000.0
63.3,2,3,12,2023,9779000.0
74.0,3,8,12,2021,10360000.0
39.5,1,7,17,2016,6363000.0
102.8,4,3,9,1995,11970000.0
26.7,1,3,9,1986,3686000.0
97.6,4,2,5,1982,13626000.0
79.0,3,6,17,2011,7998000.0
59.0,2,17,17,2023,8807000.0
67.3,2,4,5,1963,8722000.0
38.2,1,4,12,2001,4524000.0
31.3,1,3,9,1994,3956000.0
29.3,1,5,5,1965,3190000.0
45.5,1,24,25,2005,6014000.0
69.6,2,2,9,1996,8518000.0
28.7,1,1,5,1960,2894000.0
72.3,3,8,12,2010,10709000.0
69.2,2,16,17,2022,11747000.0
67.7,2,5,5,1982,9102000.0
62.7,2,3,12,2020,10108000.0
35.0,1,4,12,2011,6050000.0
31.0,1,2,5,1963,4407000.0
31.0,1,2,5,1975,3943000.0
76.6,3,4,12,2018,12335000.0
56.7,2,6,9,1985,7500000.0
25.4,1,21,25,2010,3616000.0
71.2,3,15,17,2012,9748000.0
36.5,1,17,25,2012,5895000.0
54.9,2,1,9,1982,7093000.0
50.2,2,6,25,2010,7489000.0
49.6,2,3,9,1990,6179000.0
76.0,3,3,9,1987,8959000.0
68.7,3,5,5,1983,6474000.0
65.7,2,5,5,1962,7367000.0
26.9,1,1,12,2010,3626000.0
80.0,3,1,9,1995,8273000.0
71.9,2,3,9,1982,9428000.0
30.3,1,8,12,2009,4591000.0
82.5,2,1,9,1996,8417000.0
28.8,1,10,12,2017,4169000.0
38.5,1,4,9,1991,5905000.0
76.3,3,9,17,2006,9599000.0
61.9,2,14,17,2017,8988000.0
34.7,1,4,9,1984,4596000.0
49.7,2,8,9,1994,6542000.0
84.4,3,7,9,1996,11624000.0
34.0,1,3,17,2012,5453000.0
53.0,2,7,9,1981,7442000.0
70.3,3,7,9,1997,8812000.0
29.9,1,2,5,1966,3773000.0
41.8,2,3,9,1994,5980000.0
27.2,1,2,9,1985,3520000.0
58.1,2,15,17,2009,7573000.0
72.7,3,9,9,1986,8645000.0
28.1,1,1,9,1987,3139000.0
72.4,3,7,17,2011,9223000.0
80.4,3,15,17,2011,11261000.0
41.9,1,2,9,1980,5264000.0
58.3,2,8,9,1977,7260000.0
28.0,1,7,9,1982,3057000.0
84.3,3,12,25,2016,11576000.0
57.4,2,5,5,1972,5046000.0
52.3,2,8,25,2007,6524000.0
51.8,2,2,12,2004,7065000.0
59.8,2,2,12,2023,9946000.0
56.6,3,5,5,1963,6280000.0
59.1,2,1,9,1990,6962000.0
72.4,3,6,9,1992,8826000.0
63.1,2,4,5,1963,7043000.0
54.1,1,6,12,2010,8899000.0
73.1,3,23,25,2007,8768000.0
62.7,2,3,12,2025,8691000.0
59.3,2,11,17,2000,8883000.0
102.5,4,5,5,1972,10525000.0
24.8,1,8,9,1995,4050000.0
54.1,2,5,5,1981,6849000.0
41.8,1,1,12,2003,5935000.0
66.9,2,6,25,2003,7678000.0
89.5,3,7,12,2003,13133000.0
97.0,4,3,5,1972,9936000.0
63.0,2,4,9,1993,8872000.0
75.0,3,2,12,2015,10062000.0
80.3,3,9,9,1988,9708000.0
61.5,2,16,17,2009,7681000.0
31.6,1,17,17,2004,3530000.0
61.3,2,8,12,2014,8914000.0
103.2,4,3,9,1980,11636000.0
102.6,4,4,9,1993,11494000.0
45.8,2,4,5,1973,4577000.0
73.1,3,5,9,1985,6578000.0
32.6,1,1,9,1977,3899000.0
52.5,1,6,12,2024,7861000.0
98.5,4,10,12,2001,11777000.0
34.4,1,2,5,1965,4192000.0
33.2,1,6,9,1998,5065000.0
54.9,2,4,5,1967,6582000.0
60.2,2,4,5,1960,6490000.0
52.5,2,16,17,2013,9089000.0
41.0,1,3,5,1975,4804000.0
69.0,3,1,9,1991,6728000.0
68.0,3,5,5,1967,7374000.0
59.6,2,13,17,2016,8385000.0
72.9,2,10,12,2012,11342000.0
46.7,2,2,9,1993,5814000.0
49.6,2,12,12,2008,6482000.0
61.3,2,10,17,2002,7642000.0
51.2,2,13,25,2017,8021000.0
39.2,1,2,9,1975,4976000.0
45.1,1,11,17,2012,6433000.0
61.0,2,13,25,2012,8540000.0
56.3,2,19,25,2011,7953000.0
59.8,2,8,12,2000,6931000.0
76.9,3,9,12,2009,11670000.0
59.7,2,8,9,1993,8711000.0
86.8,3,5,17,2021,12420000.0
31.6,1,3,12,2006,4494000.0
49.7,2,3,12,2013,6385000.0
80.2,3,7,9,1980,11298000.0
50.1,2,13,17,2005,7951000.0
49.4,2,5,17,2008,7182000.0
67.0,2,4,5,1979,8954000.0
80.0,3,14,17,2015,12509000.0
46.6,2,6,12,2004,7072000.0
89.2,3,9,17,2014,11311000.0
108.4,4,1,9,1975,10730000.0
55.3,2,8,9,1978,7118000.0
57.6,2,13,25,2009,8254000.0
43.5,1,5,9,1980,5989000.0
46.3,2,17,17,2022,6918000.0
66.9,2,3,9,1976,8351000.0
76.3,3,12,12,2009,7289000.0
53.7,2,6,9,1996,7986000.0
119.2,4,11,12,2018,17600000.0
49.0,1,9,9,1997,7749000.0
49.3,2,4,5,1968,5507000.0
60.8,2,6,9,1985,6294000.0
49.2,2,1,5,1963,4978000.0
81.9,3,25,25,2023,11683000.0
49.7,1,16,25,2009,6884000.0
48.8,1,4,9,1980,7105000.0
61.5,2,15,17,2002,7840000.0
59.9,2,2,9,1987,7592000.0
74.9,3,1,12,2018,9262000.0
118.7,4,3,17,2002,19375000.0
56.7,1,3,25,2019,7772000.0
65.7,2,5,9,1992,9099000.0
53.8,2,17,17,2011,6366000.0
105.3,4,7,9,1986,12996000.0
78.5,3,17,25,2020,10080000.0
50.6,2,4,5,1971,6684000.0
57.1,2,6,12,2023,9239000.0
40.6,1,1,12,2006,5374000.0
52.6,2,7,12,2008,6334000.0
63.2,2,2,5,1971,7481000.0
50.9,2,15,25,2018,7181000.0
53.4,2,3,5,1963,6622000.0
53.2,2,4,12,2023,7179000.0
52.6,2,6,9,1984,7413000.0
66.3,2,7,9,1993,9555000.0
47.0,1,4,12,2016,6040000.0
32.0,1,9,9,1992,4015000.0
44.4,1,1,5,1969,4836000.0
68.0,3,1,5,1983,8201000.0
37.3,1,6,9,1986,4569000.0
70.6,3,2,17,2022,10309000.0
53.8,1,9,17,2019,9001000.0
67.6,2,3,5,1967,8090000.0
64.7,3,6,9,1993,6702000.0
54.3,2,2,5,1960,5822000.0
33.5,1,1,5,1963,3884000.0
38.8,1,12,12,2005,5665000.0
67.8,3,5,12,2021,7489000.0
63.3,2,2,5,1963,7393000.0
67.0,2,2,9,1990,9513000.0
58.3,2,2,5,1967,7173000.0
58.4,2,9,17,2008,8702000.0
33.8,1,24,25,2014,6027000.0
53.4,2,3,5,1977,6507000.0
60.5,2,1,9,1977,6867000.0
40.1,1,4,17,2023,5561000.0
79.9,3,24,25,2016,10459000.0
82.6,3,3,9,1975,9375000.0
81.5,3,2,5,1966,9946000.0
46.5,1,4,5,1969,5233000.0
36.6,1,2,12,2014,6078000.0
76.7,3,7,9,1997,8840000.0
43.7,1,4,5,1972,5737000.0
32.0,1,6,12,2022,5149000.0
95.6,3,5,5,1964,10376000.0
34.0,1,2,17,2006,5347000.0
51.1,2,2,9,1988,6083000.0
63.5,2,1,5,1973,6546000.0
82.1,3,11,12,2008,10046000.0
41.4,1,2,9,1996,5691000.0
77.7,3,8,25,2005,10269000.0
50.8,2,8,12,2018,8025000.0
70.3,2,1,9,1989,8488000.0
43.4,1,17,17,2015,6541000.0
35.6,1,4,9,1997,4814000.0
62.5,2,18,25,2021,9573000.0
55.8,2,1,9,1986,7562000.0
73.0,3,9,12,2020,8969000.0
56.2,2,5,5,1962,4964000.0
54.0,2,3,9,1977,7030000.0
57.7,2,14,17,2005,7296000.0
84.0,3,14,17,2021,10317000.0
62.8,2,1,9,1995,7891000.0
45.0,1,2,9,1993,5489000.0
80.1,3,8,17,2011,12667000.0
42.6,2,5,25,2015,6223000.0
74.8,2,3,5,1977,8969000.0
67.3,2,7,9,1978,7595000.0
59.7,2,6,9,1994,8049000.0
32.3,1,16,17,2025,4189000.0
41.6,1,1,5,1972,3479000.0
80.0,3,6,9,1987,8374000.0
38.3,1,7,17,2001,5983000.0
63.9,2,4,5,1968,6803000.0
40.0,1,8,9,1985,4487000.0
68.3,2,8,9,1977,8285000.0
36.2,1,7,9,1991,5950000.0
46.4,2,2,9,1986,6560000.0
59.9,2,6,12,2004,7583000.0
34.1,1,4,5,1973,3881000.0
61.3,2,12,12,2025,8011000.0
73.3,3,6,17,2018,9386000.0
55.6,2,9,17,2021,8630000.0
82.1,3,3,5,1976,9357000.0
73.8,3,3,5,1963,7269000.0
110.5,4,8,9,1975,10868000.0
73.4,3,2,9,1991,11388000.0
28.9,1,9,9,1984,3844000.0
105.2,4,4,12,2007,12545000.0
67.2,3,3,5,1970,8639000.0
64.5,3,3,5,1979,6824000.0
27.8,1,3,9,1984,3575000.0
110.3,4,11,12,2018,14655000.0
74.1,3,5,5,1965,8023000.0
74.3,3,10,12,2010,9186000.0
44.9,1,2,9,1990,6088000.0
45.4,1,9,17,2009,5429000.0
106.2,4,15,17,2024,14246000.0
62.0,2,8,9,1996,9354000.0
54.1,2,3,9,1975,7233000.0
76.6,3,7,9,1982,8639000.0
28.9,1,2,9,1991,3292000.0
56.3,2,4,12,2018,6404000.0
48.3,2,13,17,2008,7173000.0
45.2,1,6,12,2019,7003000.0
36.9,1,13,17,2007,5509000.0
37.4,1,9,9,1983,5391000.0
54.6,1,2,5,1975,6937000.0
52.4,2,5,17,2013,7648000.0
87.5,3,4,9,1998,9782000.0
49.0,2,8,12,2005,7870000.0
30.7,1,8,9,1983,3919000.0
38.3,1,3,5,1970,4299000.0
80.6,3,1,25,2021,10552000.0
111.9,4,2,5,1974,15173000.0
41.6,1,18,25,2014,7463000.0
38.3,1,19,25,2004,4911000.0
52.6,2,8,17,2007,8189000.0
85.2,3,3,12,2019,12453000.0
56.3,2,7,12,2002,8443000.0
53.8,2,14,17,2019,8076000.0
50.2,2,9,9,1999,6824000.0
101.1,4,8,9,1978,13175000.0
26.1,1,1,12,2006,2775000.0
95.6,4,7,9,1991,12080000.0
46.0,2,7,9,1986,5178000.0
71.6,2,8,9,1980,8472000.0
70.2,2,10,12,2023,10414000.0
52.4,2,10,17,2022,6963000.0
46.0,2,9,9,1995,5455000.0
61.5,2,25,25,2003,6886000.0
40.6,1,8,12,2017,5712000.0
62.6,2,6,17,2015,9464000.0
50.3,2,6,12,2000,7398000.0
33.3,1,17,17,2016,4351000.0
79.4,3,5,5,1964,9517000.0
28.6,1,16,17,2024,4648000.0
65.2,2,4,5,1982,9334000.0
29.0,1,4,17,2017,3570000.0
58.2,2,2,25,2005,8292000.0
45.8,1,4,9,1997,6704000.0
65.4,2,5,9,1987,6934000.0
44.8,1,16,17,2007,7995000.0
31.2,1,5,9,1999,4064000.0
71.9,3,4,17,2018,10679000.0
61.5,2,1,5,1975,7334000.0
41.4,1,2,5,1977,5281000.0
43.9,1,24,25,2006,7156000.0
84.0,3,3,12,2023,14469000.0
41.5,1,2,17,2008,5325000.0
80.7,3,9,9,1995,9951000.0
52.3,2,7,12,2024,8500000.0
40.3,1,9,12,2000,4710000.0
68.5,2,2,12,2008,10601000.0
77.0,3,9,12,2009,12255000.0
53.9,2,10,12,2020,8919000.0
63.9,2,9,9,1992,8291000.0
50.0,2,9,9,1996,7296000.0
78.1,3,4,17,2000,10600000.0
65.2,2,3,9,1987,7246000.0
40.5,1,6,12,2013,5652000.0
39.3,1,3,9,1997,5282000.0
21.3,1,11,12,2006,3030000.0
37.2,1,9,17,2025,5683000.0
32.8,1,3,9,1982,4095000.0
46.8,2,2,5,1960,5395000.0
35.0,1,5,5,1961,4475000.0
63.3,2,7,12,2010,9116000.0
57.4,2,8,17,2000,8258000.0
46.4,1,2,5,1983,4701000.0
41.3,1,17,17,2011,5804000.0
33.3,1,1,9,1982,4293000.0
32.0,1,8,9,1977,4545000.0
64.4,3,16,25,2009,9758000.0
72.7,2,9,9,1989,9191000.0
31.9,1,6,9,1986,4370000.0
58.5,2,5,5,1961,5876000.0
35.4,1,2,5,1984,5005000.0
66.3,2,9,9,1979,7260000.0
58.8,2,1,5,1968,6631000.0
57.2,2,9,12,2017,8325000.0
48.8,1,8,9,1980,6258000.0
38.2,1,12,12,2010,5809000.0
50.0,2,2,5,1973,6344000.0
79.0,3,8,9,1975,9536000.0
69.2,3,3,12,2022,9406000.0
31.0,1,13,25,2003,5087000.0
54.3,2,3,5,1966,6519000.0
51.9,2,2,17,2008,7802000.0
77.0,3,1,12,2016,9765000.0
21.3,1,4,12,2016,2953000.0
60.8,2,2,12,2010,8877000.0
38.6,1,2,5,1982,4690000.0
56.0,2,5,5,1971,6608000.0
44.1,2,11,12,2014,4255000.0
77.8,3,5,9,1976,8808000.0
81.2,3,20,25,2007,10935000.0
46.2,2,1,9,1994,4964000.0
77.2,2,1,5,1982,9016000.0
38.9,1,5,17,2025,5746000.0
60.8,2,7,9,1976,7403000.0
73.4,2,2,12,2023,10287000.0
40.7,1,8,12,2005,6367000.0
71.6,3,11,25,2000,9895000.0
33.5,1,5,17,2024,5301000.0
62.7,2,12,12,2017,8687000.0
85.0,3,2,12,2003,14132000.0
86.9,3,2,25,2024,12329000.0
81.1,3,4,9,1982,9145000.0
40.0,1,4,5,1967,4254000.0
64.6,3,8,9,1988,8770000.0
42.0,1,6,9,1994,6653000.0
78.0,3,10,12,2013,9861000.0
49.9,2,8,12,2000,6562000.0
75.4,3,7,12,2025,10518000.0
46.2,1,5,5,1979,5525000.0
76.8,2,4,17,2002,8629000.0
85.3,3,2,9,1989,11526000.0
90.3,3,9,12,2018,14234000.0
29.0,1,2,12,2000,3279000.0
86.7,3,1,9,1999,11972000.0
43.1,1,2,5,1962,5887000.0
57.5,2,1,5,1979,4430000.0
56.9,2,17,17,2000,5727000.0
43.4,1,23,25,2018,6430000.0
44.9,1,2,12,2016,7570000.0
77.0,3,5,5,1972,8713000.0
52.2,2,5,9,1994,6904000.0
48.1,1,17,17,2015,7171000.0
75.8,3,2,17,2025,10081000.0
78.9,3,2,5,1971,10251000.0
43.2,2,2,5,1966,4967000.0
30.1,1,10,17,2025,3884000.0
45.2,1,6,9,1998,5763000.0
67.7,2,1,9,1998,8481000.0
62.2,2,3,5,1976,7358000.0
43.5,2,4,12,2010,5892000.0
73.8,3,16,17,2021,10730000.0
70.4,2,10,25,2007,10159000.0
37.4,1,11,12,2009,4753000.0
82.3,3,5,12,2015,12861000.0
53.5,2,2,5,1969,6224000.0
55.8,2,2,12,2023,8624000.0
71.4,3,7,9,1999,9408000.0
74.5,3,7,12,2007,9635000.0
53.6,2,6,9,1979,7224000.0
37.0,1,1,9,1991,4513000.0
102.8,4,4,5,1972,11591000.0
64.4,2,3,9,1999,6520000.0
45.7,2,1,5,1969,5246000.0
46.9,2,2,5,1969,5434000.0
60.5,2,17,25,2025,9725000.0
72.4,3,2,9,1995,10818000.0
51.9,2,8,12,2022,8301000.0
90.3,3,7,17,2011,12442000.0
83.9,3,9,25,2011,11169000.0
75.5,3,10,12,2006,12702000.0
50.5,2,12,17,2010,7465000.0
88.3,3,4,9,1994,11518000.0
47.2,2,4,9,1998,6220000.0
46.7,1,7,9,1999,5913000.0
91.9,3,1,12,2011,9124000.0
59.1,2,10,12,2003,9332000.0
42.4,1,9,9,1992,5015000.0
41.0,1,2,5,1969,4892000.0
41.8,1,1,12,2019,5611000.0
81.3,3,4,5,1961,10201000.0
58.6,2,3,12,2000,7324000.0
34.2,1,1,12,2013,4649000.0
67.0,3,14,17,2016,9845000.0
42.3,1,4,17,2003,5154000.0
69.1,3,5,17,2024,8488000.0
70.6,2,1,9,1983,7420000.0
56.1,2,1,17,2006,7176000.0
71.7,2,5,12,2020,10637000.0
42.8,1,5,5,1981,5167000.0
74.9,3,2,5,1976,9410000.0
41.0,1,9,9,1977,4498000.0
114.4,4,5,9,1975,12765000.0
60.5,2,11,12,2009,8400000.0
55.9,2,5,17,2004,7054000.0
59.3,2,2,5,1963,8352000.0
33.9,1,1,5,1978,3035000.0
61.6,2,19,25,2005,9568000.0
87.1,4,5,5,1965,9673000.0
38.7,1,5,9,1983,5429000.0
73.0,2,2,12,2019,10766000.0
53.7,2,11,12,2008,8513000.0
70.1,2,4,5,1974,8081000.0
42.1,1,3,5,1979,5577000.0
62.2,2,3,5,1967,7315000.0
101.3,4,2,12,2023,13740000.0
35.5,1,5,12,2001,5040000.0
56.0,2,2,9,1984,6404000.0
65.1,2,10,12,2013,8672000.0
49.9,2,15,17,2023,8571000.0
49.6,2,1,5,1961,6519000.0
43.4,2,6,9,1998,6129000.0
42.5,1,8,12,2021,6994000.0
70.9,3,9,9,1987,8559000.0
76.7,3,8,9,1993,10202000.0
25.8,1,5,12,2006,3895000.0
47.3,2,14,17,2011,7389000.0
76.0,3,1,17,2005,10556000.0
101.9,4,11,12,2002,11869000.0
101.5,4,8,17,2004,16774000.0
79.9,3,2,9,1978,9642000.0
32.4,1,6,12,2013,4837000.0
90.1,3,9,9,1980,9857000.0
84.7,3,5,5,1976,9102000.0
67.2,2,3,17,2016,10301000.0
64.5,2,2,12,2023,10177000.0
58.8,2,5,9,1987,7954000.0
59.8,2,25,25,2023,8043000.0
38.3,1,5,5,1971,3261000.0
43.4,1,2,9,1999,4953000.0
36.0,1,2,5,1983,4679000.0
57.8,2,12,17,2001,8120000.0
50.0,1,7,17,2013,7053000.0
63.9,3,7,9,1979,7111000.0
40.1,1,11,12,2007,5936000.0
81.4,3,2,9,1989,10068000.0
75.1,3,7,17,2008,9685000.0
84.2,3,6,9,1990,8866000.0
59.0,2,7,9,1987,6916000.0
35.8,1,11,25,2021,5945000.0
59.8,2,8,9,1989,6980000.0
50.5,1,4,5,1963,6362000.0
122.2,4,1,12,2024,17456000.0
35.5,1,8,25,2015,4852000.0
56.7,2,8,9,1986,6906000.0
76.1,3,3,5,1979,9998000.0
64.8,3,3,9,1996,9379000.0
76.7,3,5,12,2011,9834000.0
43.7,2,3,5,1974,4419000.0
47.4,2,5,12,2004,7342000.0
52.1,2,15,25,2000,7464000.0
43.7,1,8,9,1994,6190000.0
71.1,3,1,9,1977,8276000.0
59.7,2,2,9,1982,6589000.0
34.8,1,2,5,1966,4335000.0
76.2,3,12,17,2012,10185000.0
64.2,2,4,9,1984,8600000.0
79.7,3,9,9,1991,10313000.0
80.7,3,2,12,2010,12091000.0
77.3,3,9,9,1982,9434000.0
43.0,1,7,12,2022,6721000.0
27.6,1,2,5,1974,3535000.0
84.6,3,1,17,2011,10817000.0
60.5,3,21,25,2017,7959000.0
42.7,2,9,12,2009,5774000.0
54.1,2,4,25,2011,7967000.0
37.4,1,2,5,1963,4706000.0
98.7,4,6,9,1989,11157000.0
33.7,1,2,12,2017,4498000.0
47.9,1,3,12,2024,6127000.0
54.8,2,8,9,1987,6131000.0
45.3,1,3,9,1998,5936000.0
65.1,3,2,5,1976,7335000.0
33.7,1,6,9,1975,4098000.0
31.3,1,3,5,1983,3573000.0
46.1,2,16,17,2004,5194000.0
59.1,2,1,9,1991,7018000.0
32.2,1,4,5,1979,4156000.0
47.7,2,3,12,2017,7344000.0
52.6,2,6,12,2008,7957000.0
83.1,3,9,17,2009,11741000.0
49.8,1,7,12,2021,7651000.0
99.3,4,5,9,1999,13629000.0
52.3,2,9,17,2016,8627000.0
37.1,1,5,12,2000,4831000.0
31.8,1,1,5,1963,3642000.0
51.1,2,4,12,2017,6945000.0
51.1,1,25,25,2014,7333000.0
44.9,1,1,9,1989,5962000.0
43.3,1,6,9,1975,5270000.0
52.2,2,2,5,1981,5887000.0
59.7,2,5,5,1983,6806000.0
33.6,1,3,9,1975,3804000.0
50.2,2,2,12,2010,6318000.0
91.8,3,1,5,1970,10616000.0
39.0,1,8,25,2025,6335000.0
86.2,3,4,17,2025,11575000.0
65.6,2,2,12,2005,8172000.0
92.4,4,14,17,2000,10637000.0
29.8,1,5,5,1973,3257000.0
106.3,4,2,9,1998,14898000.0
55.5,2,2,12,2005,7585000.0
58.5,2,7,17,2016,10247000.0
63.0,2,12,17,2008,8777000.0
25.7,1,6,9,1991,3256000.0
80.6,3,18,25,2024,12696000.0
54.4,2,4,5,1973,5444000.0
44.3,1,13,17,2018,6777000.0
44.7,1,20,25,2007,5647000.0
38.4,1,5,5,1983,3701000.0
55.7,2,2,17,2022,8134000.0
58.5,2,3,5,1971,7543000.0
60.5,2,9,9,1976,7152000.0
53.1,1,10,12,2002,7549000.0
45.0,2,12,12,2020,4640000.0
70.8,2,4,25,2012,9907000.0
45.0,1,3,12,2004,6298000.0
46.4,1,6,9,1992,6654000.0
37.0,1,16,17,2000,4621000.0
76.6,3,10,25,2004,11052000.0
46.0,2,5,5,1980,5146000.0
96.8,4,9,25,2011,12445000.0
40.9,1,4,5,1978,5463000.0
71.0,3,4,17,2023,8983000.0
56.3,2,3,9,1980,7561000.0
58.9,2,4,5,1961,5773000.0
41.0,1,3,9,1976,5492000.0
71.9,2,12,12,2019,9743000.0
78.1,3,9,9,1987,9054000.0
41.4,1,4,5,1973,3559000.0
37.7,1,9,12,2005,5058000.0
48.1,2,10,25,2011,6666000.0
99.2,4,5,9,1999,14457000.0
56.7,2,7,9,1987,7233000.0
40.6,1,5,9,1998,5257000.0
72.7,2,1,5,1967,8276000.0
55.8,2,11,17,2013,7560000.0
74.1,3,15,17,2017,11471000.0
76.6,3,5,12,2003,10429000.0
62.0,2,6,9,1980,7001000.0
38.2,1,7,17,2021,6347000.0
81.4,3,2,12,2025,12486000.0
58.6,2,6,17,2005,8823000.0
108.2,4,2,12,2014,14247000.0
42.9,2,16,17,2023,6746000.0
83.3,3,2,12,2023,14259000.0
74.2,3,3,9,1987,9354000.0
41.2,1,1,25,2006,5097000.0
106.2,4,9,12,2012,16312000.0
34.7,1,10,12,2020,5601000.0
92.3,3,4,9,1980,10588000.0
94.2,4,5,12,2005,14300000.0
48.1,1,7,12,2013,6230000.0
55.0,2,1,5,1962,5938000.0
64.7,2,3,5,1970,8542000.0
68.8,3,3,12,2012,10481000.0
80.0,3,2,17,2002,9619000.0
56.8,2,8,12,2011,7043000.0
83.4,3,5,9,1997,11040000.0
44.0,1,1,12,2021,6439000.0
43.9,1,4,5,1980,5015000.0
67.2,2,2,9,1996,9215000.0
69.1,2,1,5,1981,6622000.0
26.4,1,1,5,1979,3350000.0
45.5,2,7,9,1979,5299000.0
52.9,2,5,9,1987,6662000.0
80.8,3,4,5,1982,10640000.0
33.1,1,3,9,1985,4669000.0
65.9,2,12,12,2016,9468000.0
68.6,2,8,9,1984,9559000.0
83.0,3,4,9,1986,10661000.0
47.5,2,14,17,2005,7514000.0
87.5,3,5,5,1964,7675000.0
73.0,3,10,12,2021,10341000.0
44.2,2,4,5,1960,4935000.0
27.9,1,3,5,1979,3478000.0
84.2,3,7,12,2023,12692000.0
60.7,2,7,12,2019,9057000.0
56.9,2,17,17,2014,8382000.0
55.5,2,2,12,2015,7037000.0
69.5,3,7,25,2009,11615000.0
99.5,4,4,5,1983,11257000.0
91.5,4,3,5,1967,10287000.0
43.9,1,4,5,1961,5030000.0
62.6,2,2,5,1981,7866000.0
41.3,1,3,12,2006,5597000.0
47.1,1,7,12,2022,7330000.0
80.8,3,3,5,1960,9335000.0
63.5,2,19,25,2019,7048000.0
40.9,2,11,17,2022,5845000.0
56.9,2,7,9,1980,6801000.0
83.3,3,4,5,1972,11880000.0
34.9,1,3,5,1971,4654000.0
35.7,1,4,5,1978,5209000.0
56.7,2,3,5,1976,7293000.0
60.6,2,8,12,2004,8408000.0
97.0,4,3,9,1998,12633000.0
75.0,3,2,9,1989,10431000.0
64.5,2,6,25,2013,10814000.0
67.9,3,4,12,2002,9243000.0
31.4,1,24,25,2004,4181000.0
77.8,3,5,5,1984,9875000.0
40.1,1,2,9,1988,4867000.0
69.2,3,4,12,2007,9697000.0
55.5,2,2,5,1970,7021000.0
50.0,1,2,5,1984,6448000.0
39.8,1,2,12,2014,5351000.0
63.9,2,1,12,2012,7802000.0
65.5,2,4,9,1979,7834000.0
39.1,1,2,9,1987,4621000.0
49.8,2,9,9,1977,5567000.0
58.7,2,1,5,1972,5400000.0
63.0,2,7,9,1985,8467000.0
82.3,3,4,5,1968,9658000.0
31.6,1,3,5,1963,3833000.0
54.2,2,12,25,2016,7524000.0
71.3,3,7,12,2014,9639000.0
62.3,2,1,17,2017,7454000.0
53.4,2,9,9,1990,6913000.0
44.1,2,4,9,1998,5116000.0
37.0,1,6,9,1976,4690000.0
62.8,2,3,5,1965,6801000.0
85.2,3,3,5,1971,11540000.0
31.3,1,4,17,2004,4679000.0
77.4,3,11,12,2024,11156000.0
36.8,1,10,12,2023,5010000.0
57.8,2,3,9,1991,6504000.0
77.9,3,6,25,2018,11518000.0
67.3,3,1,5,1971,8233000.0
81.7,3,8,9,1979,10169000.0
84.2,3,8,9,1998,11133000.0
57.6,2,6,17,2006,8143000.0
52.3,2,17,25,2001,7182000.0
58.6,2,3,9,1986,7621000.0
72.6,2,1,17,2022,8994000.0
57.8,2,15,17,2004,7180000.0
56.5,2,5,9,1996,7603000.0
53.5,2,3,9,1982,7699000.0
65.1,3,2,9,1979,8389000.0
58.7,2,3,25,2015,7401000.0
40.7,1,1,5,1968,4321000.0
68.9,2,16,17,2000,10006000.0
57.8,2,8,9,1979,8222000.0
44.8,2,13,17,2000,7150000.0
71.9,3,3,9,1991,8877000.0
59.7,2,11,12,2000,8747000.0
81.6,3,12,17,2014,11599000.0
60.6,2,12,17,2004,8240000.0
53.0,2,1,17,2008,6713000.0
86.8,3,4,5,1977,10361000.0
43.0,1,8,12,2005,6852000.0
30.6,1,1,5,1980,3031000.0
35.2,1,5,9,1986,4847000.0
49.0,2,12,12,2013,7665000.0
45.2,1,4,9,1981,6646000.0
109.4,4,6,12,2006,15018000.0
44.5,2,7,25,2018,5985000.0
67.9,2,1,5,1965,7614000.0
38.0,1,1,12,2002,5455000.0
38.8,1,4,9,1990,4926000.0
39.7,1,2,5,1975,5145000.0
66.2,2,2,5,1977,7936000.0
54.5,2,24,25,2004,7040000.0
55.0,2,8,17,2019,7781000.0
59.1,2,16,25,2003,8204000.0
85.5,3,12,25,2015,10811000.0
48.6,1,8,9,1978,5499000.0
82.5,3,6,9,1998,9767000.0
58.4,2,9,12,2012,8572000.0
60.4,2,3,9,1988,6628000.0
37.1,1,6,9,1991,3882000.0
56.9,2,5,9,1977,7920000.0
38.1,1,8,12,2024,5261000.0
119.4,4,4,12,2002,14960000.0
54.1,2,4,5,1976,7199000.0
100.0,4,5,9,1987,10262000.0
57.0,2,11,12,2020,7155000.0
46.8,1,6,12,2019,6608000.0
47.1,2,4,9,1984,6522000.0
45.8,1,2,17,2023,6995000.0
76.5,3,4,5,1971,8806000.0
85.1,3,2,9,1983,10056000.0
61.9,2,12,17,2025,9772000.0
53.5,2,3,12,2020,8969000.0
49.8,2,2,9,1975,7841000.0
112.0,4,1,12,2003,12742000.0
21.0,1,8,12,2018,3634000.0
79.6,3,16,17,2005,11712000.0
57.1,2,5,17,2014,8398000.0
99.6,4,10,12,2017,10528000.0
79.8,3,1,9,1979,8263000.0
108.1,4,5,5,1967,10844000.0
56.8,2,9,9,1985,7093000.0
34.8,1,8,9,1979,4348000.0
66.8,2,4,12,2020,9244000.0
51.2,2,8,12,2007,8580000.0
78.6,3,7,9,1985,10919000.0
44.8,1,3,5,1980,4576000.0
56.3,2,7,9,1994,7221000.0
28.4,1,1,9,1984,3542000.0
81.4,3,13,17,2008,12489000.0
46.9,1,4,5,1961,5256000.0
56.2,2,10,12,2016,7940000.0
32.9,1,10,25,2003,4697000.0
62.5,2,2,5,1971,7930000.0
60.3,3,2,9,1993,6493000.0
48.7,1,2,5,1984,5069000.0
34.7,1,7,12,2018,5864000.0
28.8,1,9,12,2018,3896000.0
55.7,2,5,9,1981,8416000.0
64.6,2,8,12,2012,8389000.0
37.9,1,14,17,2001,5218000.0
52.4,2,1,5,1967,5709000.0
46.7,1,3,5,1965,4384000.0
74.9,3,14,17,2010,13152000.0
68.4,3,1,12,2008,8006000.0
90.7,4,12,17,2007,10837000.0
83.0,3,6,12,2019,10368000.0
48.6,2,14,17,2023,7470000.0
68.5,2,9,9,1994,8838000.0
58.7,2,2,17,2014,7457000.0
31.7,1,11,25,2020,4139000.0
34.4,1,1,12,2025,5279000.0
37.3,1,2,5,1970,4260000.0
67.3,2,3,9,1989,7196000.0
53.4,2,2,5,1982,6587000.0
37.6,1,5,9,1996,4957000.0
38.7,1,2,9,1979,5895000.0
54.9,2,7,12,2015,7483000.0
30.4,1,10,12,2001,4133000.0
103.9,4,8,9,1989,12838000.0
31.4,1,8,12,2004,4204000.0
57.0,2,5,5,1974,6824000.0
71.2,2,2,5,1982,8008000.0
35.1,1,1,5,1970,3769000.0
41.8,2,1,12,2005,5410000.0
53.1,2,1,9,1980,6604000.0
76.2,3,2,9,1979,8577000.0
61.6,2,6,9,1999,7807000.0
41.1,1,17,17,2000,6294000.0
40.9,1,5,5,1979,4679000.0
40.2,1,5,12,2006,5723000.0
42.8,1,4,12,2015,7440000.0
45.8,2,11,17,2016,6657000.0
115.1,4,5,25,2014,15054000.0
55.8,2,4,5,1979,6773000.0
50.3,2,1,5,1981,5225000.0
62.9,2,11,17,2009,9232000.0
75.2,3,6,9,1982,8273000.0
42.3,1,7,12,2022,6952000.0
72.1,3,8,12,2008,9778000.0
85.6,3,2,12,2022,12534000.0
31.7,1,15,25,2018,5583000.0
51.8,1,23,25,2009,6419000.0
104.0,4,9,17,2019,14257000.0
85.7,3,8,9,1977,10802000.0
28.6,1,16,17,2024,4124000.0
60.7,2,3,5,1970,7873000.0
60.9,2,4,9,1985,7307000.0
55.0,2,13,17,2007,7885000.0
44.3,2,9,9,1984,5251000.0
42.5,1,1,9,1983,5045000.0
55.8,2,3,5,1969,6626000.0
85.8,3,6,17,2009,11628000.0
83.9,3,8,12,2017,11216000.0
45.5,1,11,12,2004,6032000.0
79.7,3,4,9,1979,9831000.0
40.0,1,17,17,2006,5469000.0
70.7,2,16,17,2019,9613000.0
96.3,3,6,9,1994,12726000.0
56.6,2,4,9,1982,6759000.0
47.5,1,4,9,1991,7379000.0
33.3,1,21,25,2005,5930000.0
50.8,2,5,12,2024,8615000.0
74.6,3,16,25,2012,11633000.0
98.9,4,9,9,1987,12178000.0
83.9,3,14,17,2012,11302000.0
76.8,3,3,17,2015,8662000.0
52.0,2,1,12,2001,5709000.0
73.2,3,14,25,2004,9092000.0
40.8,1,6,9,1984,5961000.0
84.1,3,4,5,1969,9843000.0
62.8,2,11,12,2024,8734000.0
80.5,3,15,17,2010,8961000.0
37.8,1,8,12,2019,7019000.0
72.8,2,2,9,1999,10336000.0
56.4,2,11,12,2023,9126000.0
98.2,4,2,9,1983,10943000.0
83.3,3,7,9,1987,10181000.0
53.4,2,5,12,2012,7329000.0
54.3,2,13,17,2001,7428000.0
54.3,2,1,9,1979,7150000.0
37.0,1,7,9,1999,4527000.0
44.2,1,7,9,1979,5610000.0
26.7,1,2,5,1971,3397000.0
67.3,2,6,17,2019,9716000.0
69.8,3,20,25,2007,10350000.0
68.1,3,8,9,1980,6760000.0
37.7,1,11,17,2017,6701000.0
27.9,1,2,17,2007,3461000.0
31.9,1,16,17,2020,4282000.0
46.0,1,2,5,1982,5676000.0
44.9,1,19,25,2019,6330000.0
65.1,2,6,9,1999,9148000.0
53.6,2,1,9,1976,6058000.0
53.3,2,3,5,1969,6354000.0
47.8,2,2,9,1999,5530000.0
36.8,1,2,5,1979,4625000.0
50.6,2,2,9,1980,6291000.0
69.9,3,1,9,1979,8449000.0
56.7,1,16,17,2015,8583000.0
38.4,1,7,17,2002,5615000.0
38.4,1,1,9,1997,5703000.0
30.8,1,9,17,2003,3851000.0
54.5,2,2,17,2000,7091000.0
33.2,1,17,17,2013,4117000.0
60.1,2,1,5,1973,7542000.0
30.9,1,8,12,2023,5522000.0
50.0,2,10,25,2018,8388000.0
20.0,1,6,12,2005,3008000.0
59.4,2,5,9,1986,7859000.0
35.7,1,8,12,2017,5095000.0
32.3,1,8,12,2008,5021000.0
71.7,3,5,12,2019,8840000.0
57.1,2,4,5,1982,6231000.0
47.7,1,7,9,1999,6356000.0
53.8,2,13,17,2012,9089000.0
64.0,2,13,17,2018,8835000.0
64.1,2,1,5,1972,6637000.0
49.0,2,4,25,2018,7335000.0
69.4,3,2,9,1993,9622000.0
34.9,1,10,12,2020,5942000.0
73.9,2,3,17,2009,9215000.0
44.6,1,12,17,2005,6298000.0
78.3,3,1,25,2002,9520000.0
82.2,3,2,9,1990,10658000.0
60.8,3,13,17,2008,8946000.0
77.9,3,1,5,1976,8947000.0
89.4,4,8,17,2022,12399000.0
58.4,2,17,17,2008,8654000.0
84.1,3,2,12,2004,12290000.0
97.1,4,3,9,1993,13007000.0
32.8,1,3,17,2014,4592000.0
58.4,2,2,5,1969,7375000.0
54.4,2,2,5,1963,6978000.0
75.5,3,14,17,2023,10285000.0
86.4,3,7,9,1986,10802000.0
84.6,3,1,17,2013,12164000.0
79.4,3,1,9,1989,9289000.0
49.7,2,1,5,1978,5451000.0
42.7,1,5,17,2004,6950000.0
38.1,1,11,12,2011,5304000.0
37.2,2,1,5,1962,3167000.0
53.4,2,17,17,2014,6701000.0
53.3,2,10,12,2014,8503000.0
67.9,2,12,12,2011,9607000.0
85.5,3,9,9,1989,10225000.0
53.5,2,2,17,2005,8177000.0
89.1,3,16,17,2016,12662000.0
83.5,3,15,17,2022,11679000.0
53.7,2,4,5,1974,7023000.0
49.8,2,13,17,2014,6862000.0
80.7,3,2,12,2010,11556000.0
70.6,2,12,12,2021,9088000.0
30.8,1,4,9,1986,3624000.0
48.3,1,14,17,2021,6702000.0
40.2,1,2,17,2018,6021000.0
30.1,1,2,5,1960,3277000.0
49.6,1,3,9,1990,6228000.0
20.9,1,5,17,2010,2994000.0
56.5,2,1,5,1960,5694000.0
102.5,4,16,25,2022,11980000.0
48.3,2,6,12,2003,4950000.0
90.1,3,12,12,2005,11908000.0
74.1,3,9,9,1978,8496000.0
52.8,2,5,9,1998,6116000.0
65.0,2,16,25,2024,10100000.0
37.1,1,6,9,1976,4867000.0
73.7,3,10,17,2016,9990000.0
73.5,3,8,9,1975,10319000.0
67.2,2,3,5,1972,9055000.0
34.0,1,2,5,1971,4009000.0
92.7,3,3,12,2022,12756000.0
31.5,1,9,25,2001,3774000.0
36.1,1,6,9,1993,5495000.0
74.5,3,4,9,1986,9420000.0
60.6,2,3,9,1978,8064000.0
72.3,2,2,12,2024,8468000.0
77.7,3,4,9,1992,10608000.0
60.8,2,9,17,2025,8624000.0
54.8,2,4,12,2001,7884000.0
27.9,1,12,12,2000,3895000.0
33.7,1,5,5,1983,4147000.0
82.7,3,15,25,2012,10585000.0
53.8,2,8,9,1998,7510000.0
30.9,1,2,5,1964,3362000.0
21.2,1,12,12,2018,3342000.0
71.1,2,11,12,2000,8930000.0
56.1,2,3,9,1976,6850000.0
62.0,2,6,9,1988,7378000.0
64.7,2,4,17,2008,9193000.0
47.3,1,1,5,1967,4599000.0
52.3,2,9,17,2025,7184000.0
78.5,3,1,12,2010,11857000.0
40.6,1,1,9,1978,5027000.0
65.4,2,1,9,1977,7470000.0
58.6,2,7,9,1979,7610000.0
59.2,2,16,17,2023,9050000.0
30.0,1,11,12,2013,4378000.0
81.8,3,9,9,1984,10223000.0
57.2,2,3,12,2005,7250000.0
87.3,3,24,25,2009,13762000.0
40.5,1,9,9,1985,5099000.0
44.4,2,3,25,2019,7006000.0
69.5,3,3,9,1982,9750000.0
53.8,2,1,5,1963,5816000.0
58.4,2,2,9,1995,7113000.0
74.1,2,7,9,1992,10878000.0
44.8,1,3,9,1994,7136000.0
53.1,2,5,5,1973,4880000.0
43.8,1,8,25,2025,6686000.0
39.0,1,16,17,2002,5653000.0
61.5,2,16,17,2011,8476000.0
35.2,1,3,5,1974,3838000.0
119.7,4,1,5,1983,11564000.0
88.8,3,5,5,1967,7771000.0
62.7,2,11,17,2013,9801000.0
76.3,3,10,25,2022,12414000.0
84.4,3,9,9,1980,10941000.0
27.3,1,5,5,1984,3371000.0
89.5,3,7,12,2013,12700000.0
48.1,1,9,9,1978,6418000.0
60.2,2,1,9,1994,6984000.0
50.9,2,4,12,2005,6366000.0
55.9,2,1,17,2015,6823000.0
24.8,1,3,5,1976,3172000.0
23.3,1,2,5,1961,2531000.0
57.1,2,4,25,2017,8668000.0
50.8,2,3,9,1987,5622000.0
64.0,3,3,5,1979,7467000.0
53.7,2,5,5,1975,6437000.0
32.8,1,5,5,1980,4043000.0
28.3,1,8,9,1987,3464000.0
58.6,2,10,17,2013,8976000.0
65.2,2,8,9,1992,8755000.0
40.3,1,7,9,1982,4119000.0
35.2,1,8,12,2004,5226000.0
35.6,1,5,12,2023,5219000.0
35.8,1,12,17,2008,4896000.0
52.5,2,13,17,2014,6897000.0
82.0,3,5,5,1968,7960000.0
60.5,2,1,17,2019,8118000.0
80.2,3,6,9,1984,10344000.0
36.5,1,6,25,2017,5543000.0
50.5,2,5,9,1988,7110000.0
47.8,2,20,25,2017,7331000.0
52.3,2,1,17,2015,5411000.0
54.4,2,8,9,1979,6103000.0
56.1,2,6,12,2009,8815000.0
76.0,2,3,25,2019,9693000.0
44.3,1,12,17,2005,4589000.0
60.8,2,4,5,1968,8439000.0
60.3,2,8,17,2022,9175000.0
117.9,4,5,9,1990,13340000.0
52.3,2,2,5,1970,5669000.0
71.1,2,6,9,1994,9974000.0
40.2,2,1,9,1997,5067000.0
74.4,3,6,17,2017,10782000.0
94.8,4,9,9,1979,10217000.0
67.1,3,10,17,2008,7922000.0
68.1,2,4,5,1970,8037000.0
34.4,1,1,9,1983,4446000.0
57.0,2,9,9,1978,6297000.0
58.0,2,4,9,1982,7699000.0
80.8,3,2,5,1964,8636000.0
33.1,1,1,5,1962,3783000.0
45.0,2,3,12,2021,5975000.0
38.3,1,7,9,1978,4866000.0
76.7,3,2,9,1990,10072000.0
50.2,1,9,9,1987,5875000.0
54.7,2,12,17,2002,7737000.0
38.3,1,18,25,2003,5401000.0
28.5,1,5,9,1975,3550000.0
52.8,2,8,9,1982,6163000.0
39.2,1,5,5,1968,4958000.0
64.7,2,8,25,2021,8624000.0
85.0,3,3,5,1964,9733000.0
104.7,4,2,9,1986,11433000.0
32.1,1,9,9,1983,3932000.0
69.1,3,3,9,1978,8754000.0
47.5,2,2,5,1976,5619000.0
81.4,3,1,17,2011,6951000.0
69.0,3,3,5,1972,6913000.0
32.4,1,6,12,2010,3697000.0
52.0,2,5,5,1982,6227000.0
42.6,1,4,5,1976,5353000.0
84.5,3,17,25,2014,11308000.0
56.8,2,3,5,1968,6246000.0
56.7,2,9,17,2003,7943000.0
56.1,2,5,12,2011,6792000.0
99.7,4,4,5,1962,11650000.0
81.7,3,17,25,2019,11640000.0
58.4,2,5,9,1991,6890000.0
67.7,2,16,17,2021,9549000.0
78.1,3,3,5,1966,8669000.0
81.0,3,2,17,2006,9377000.0
36.9,1,1,5,1980,4537000.0
43.4,1,2,12,2025,7340000.0
30.3,1,10,17,2011,4478000.0
50.2,2,6,25,2025,8209000.0
43.3,1,21,25,2020,8288000.0
59.8,2,16,17,2021,7149000.0
64.5,2,5,17,2009,9105000.0
57.3,2,4,5,1967,5791000.0
58.9,2,6,9,1983,8564000.0
33.2,1,7,9,1988,4514000.0
76.0,3,9,9,1980,8067000.0
69.1,3,7,9,1993,8562000.0
43.7,2,2,12,2021,7292000.0
65.8,3,1,5,1974,7232000.0
42.9,1,7,12,2019,6841000.0
85.1,3,2,5,1979,11690000.0
51.7,1,3,9,1981,7284000.0
63.2,2,8,12,2021,10349000.0
35.8,1,11,17,2023,5411000.0
59.4,2,4,17,2007,6410000.0
23.0,1,9,12,2002,3273000.0
55.9,2,2,5,1970,6181000.0
56.4,2,11,12,2003,8339000.0
85.3,3,5,5,1961,7319000.0
55.6,2,2,9,1975,7300000.0
30.0,1,1,9,1981,3538000.0
45.5,1,5,5,1983,5808000.0
76.4,3,5,9,1986,10011000.0
50.1,2,18,25,2007,6959000.0
57.2,2,14,25,2012,7859000.0
53.6,2,7,9,1980,7406000.0
38.4,1,2,5,1966,4877000.0
40.1,1,4,5,1983,5563000.0
53.6,2,1,9,1994,6314000.0
36.1,1,16,25,2023,5586000.0
41.5,1,3,5,1965,4945000.0
43.6,1,1,17,2011,4732000.0
36.7,1,5,5,1966,3603000.0
35.6,1,8,25,2009,5096000.0
111.7,4,1,9,1981,9528000.0
52.0,2,9,17,2023,7628000.0
83.8,3,3,9,1989,9541000.0
32.3,1,5,12,2020,4851000.0
39.5,1,1,5,1961,4229000.0
68.4,3,5,5,1967,5979000.0
60.4,2,25,25,2016,8554000.0
47.7,1,10,25,2015,6761000.0
61.5,2,11,17,2012,6711000.0
42.8,2,1,12,2017,5326000.0
84.5,3,8,17,2020,12451000.0
32.7,1,4,5,1963,3707000.0
59.6,2,1,9,1986,6518000.0
58.5,2,4,9,1985,7538000.0
95.7,4,3,12,2001,11594000.0
80.3,3,6,9,1994,9985000.0
34.4,1,3,5,1982,3855000.0
62.2,2,5,12,2020,8648000.0
73.8,3,5,17,2015,12211000.0
50.5,2,2,9,1987,6581000.0
82.9,3,4,5,1963,9436000.0
93.5,3,3,5,1961,9602000.0
44.3,1,6,9,1992,5745000.0
43.3,1,2,9,1975,5294000.0
78.0,3,4,12,2025,12272000.0
39.4,1,2,12,2021,6702000.0
35.1,1,9,12,2005,4778000.0
66.9,2,3,9,1994,8809000.0
67.3,3,10,17,2024,9473000.0
38.8,1,6,9,1994,5687000.0
54.2,2,1,9,1993,6711000.0
39.8,1,11,17,2009,5716000.0
30.6,1,2,5,1968,4078000.0
57.3,2,3,5,1976,7342000.0
32.2,1,16,17,2014,4393000.0
75.4,3,8,9,1976,8900000.0
81.0,3,2,12,2016,11122000.0
97.0,3,1,5,1966,8849000.0
33.3,1,7,12,2015,4831000.0
58.2,2,3,9,1991,8446000.0
43.1,1,1,5,1960,5010000.0
42.5,1,3,12,2021,7045000.0
55.2,2,5,9,1996,7920000.0
56.8,2,6,9,1990,7521000.0
45.2,1,3,5,1980,5439000.0
22.2,1,4,5,1963,2771000.0
76.7,3,5,9,1990,8046000.0
54.9,2,3,5,1983,6441000.0
66.3,3,4,25,2002,9728000.0
100.7,4,5,5,1960,9605000.0
54.8,2,2,9,1991,7596000.0
30.9,1,2,5,1964,3535000.0
85.6,3,9,9,1977,10165000.0
32.8,1,10,25,2018,4167000.0
28.2,1,4,5,1970,3885000.0
66.8,3,22,25,2014,8230000.0
58.2,2,3,9,1976,6125000.0
41.4,1,8,17,2024,7136000.0
71.3,2,10,12,2021,10493000.0
54.3,2,1,17,2006,6573000.0
35.4,1,6,12,2017,6125000.0
29.9,1,7,12,2000,4482000.0
41.8,1,5,5,1967,4569000.0
48.5,2,1,5,1975,5222000.0
73.7,3,12,25,2025,11809000.0
59.0,2,3,9,1989,6886000.0
54.7,2,2,9,1978,7696000.0
33.5,1,13,17,2012,4695000.0
32.0,1,1,9,1999,3657000.0
47.8,1,6,25,2011,7742000.0
34.0,1,9,17,2008,5268000.0
40.6,1,10,12,2012,4897000.0
50.1,2,15,17,2010,6989000.0
26.2,1,1,5,1971,2576000.0
75.9,3,7,9,1978,9755000.0
79.1,3,7,9,1977,10984000.0
65.5,2,8,9,1979,8525000.0
21.4,1,2,17,2005,2820000.0
83.5,3,14,25,2025,13157000.0
97.3,4,6,9,1978,11143000.0
40.5,1,5,9,1975,5030000.0
57.9,2,5,25,2022,8141000.0
67.7,3,3,9,1979,8180000.0
53.9,2,3,9,1976,6520000.0
35.7,1,6,9,1988,3598000.0
49.3,2,10,25,2010,6969000.0
62.9,2,7,12,2008,8677000.0
57.5,2,14,17,2007,8288000.0
74.9,3,17,17,2025,8229000.0
54.7,2,3,9,1981,7167000.0
43.7,1,1,9,1989,5257000.0
65.7,2,10,17,2008,9645000.0
53.7,2,3,9,1984,5679000.0
27.7,1,5,17,2017,3632000.0
61.1,2,25,25,2018,6863000.0
68.6,3,3,12,2024,10033000.0
47.8,2,10,17,2021,6794000.0
37.9,1,16,17,2001,5239000.0
30.5,1,1,17,2021,3589000.0
50.9,2,6,9,1988,5753000.0
47.3,2,1,5,1980,3964000.0
52.0,1,5,9,1984,5867000.0
67.6,2,11,12,2004,8698000.0
37.6,1,2,9,1979,4506000.0
41.0,1,5,17,2001,5712000.0
57.3,2,1,9,1996,7387000.0
51.7,1,9,12,2012,7060000.0
80.6,3,2,5,1966,9509000.0
41.6,1,9,17,2024,6889000.0
64.5,2,3,12,2020,10546000.0
52.2,2,4,9,1989,7072000.0
50.3,2,6,9,1995,6716000.0
87.2,3,17,17,2014,10248000.0
56.1,2,7,9,1999,7768000.0
52.2,2,5,9,1980,6233000.0
58.0,2,15,25,2006,9155000.0
67.1,2,8,17,2003,9280000.0
91.0,3,25,25,2003,11287000.0
67.9,2,5,9,1975,9399000.0
40.9,2,8,9,1985,4940000.0
77.7,3,13,17,2004,10348000.0
68.3,3,1,12,2001,9714000.0
52.3,2,1,17,2004,6650000.0
60.5,2,7,9,1979,8314000.0
37.0,1,6,9,1994,5797000.0
41.3,2,5,5,1972,4432000.0
52.6,2,5,9,1986,7314000.0
88.6,3,1,5,1969,8797000.0
46.7,2,1,5,1972,6051000.0
65.9,2,24,25,2008,10548000.0
36.0,1,2,9,1979,4930000.0
55.8,2,7,12,2005,8516000.0
87.3,3,7,17,2016,11354000.0
34.2,1,8,12,2004,5691000.0
50.0,1,5,5,1984,5632000.0
46.0,2,11,17,2010,6750000.0
64.8,2,9,12,2005,8315000.0
63.3,2,1,17,2008,8654000.0
69.2,2,8,17,2011,11506000.0
61.3,2,21,25,2003,8781000.0
33.9,1,12,12,2017,4969000.0
70.7,3,2,9,1989,8739000.0
35.5,1,5,12,2024,5509000.0
45.8,2,2,5,1963,5068000.0
63.1,2,17,17,2013,9951000.0
75.2,3,4,5,1977,9617000.0
73.7,3,4,9,1991,8973000.0
54.5,2,9,17,2001,7453000.0
60.7,2,3,12,2020,11496000.0
35.7,1,4,9,1993,4973000.0
36.7,1,3,9,1996,5773000.0
78.0,3,8,17,2013,10154000.0
82.1,3,1,9,1978,9212000.0
107.0,4,15,17,2001,12765000.0
46.1,1,3,5,1972,5384000.0
67.2,2,10,17,2006,10064000.0
52.6,2,12,17,2021,7049000.0
68.9,2,4,5,1967,7085000.0
62.8,2,6,9,1984,8478000.0
91.2,3,5,5,1980,9899000.0
58.4,2,13,17,2002,7748000.0
35.0,1,4,12,2003,4058000.0
35.2,1,1,12,2020,4185000.0
23.9,1,1,5,1980,2815000.0
59.6,2,5,9,1980,7222000.0
40.8,1,4,5,1984,5803000.0
38.7,1,8,9,1994,4796000.0
59.8,2,1,12,2006,7343000.0
68.8,3,7,17,2006,9284000.0
74.3,3,8,12,2021,10372000.0
27.5,1,3,9,1991,3918000.0
41.7,1,11,25,2024,5711000.0
38.3,1,12,17,2005,5741000.0
111.3,4,13,25,2018,16889000.0
55.7,2,8,12,2017,7409000.0
45.5,1,1,9,1986,5602000.0
75.3,3,1,5,1978,8355000.0
59.7,2,2,17,2010,8913000.0
74.2,3,5,5,1976,8315000.0
38.2,1,2,9,1977,5509000.0
57.3,2,4,12,2014,9941000.0
66.5,2,12,12,2004,9237000.0
78.3,3,10,12,2003,10715000.0
78.2,3,3,5,1960,8551000.0
70.6,2,4,9,1995,8128000.0
45.6,1,6,12,2002,5506000.0
57.6,2,23,25,2009,7156000.0
108.5,4,5,17,2012,14820000.0
65.2,2,18,25,2006,8872000.0
76.3,3,3,17,2013,12149000.0
61.7,2,10,12,2025,6911000.0
60.1,2,3,5,1972,7215000.0
63.9,2,3,12,2023,9889000.0
45.3,2,5,12,2020,7239000.0
71.8,3,12,12,2025,10011000.0
54.0,2,5,9,1998,7513000.0
62.8,2,4,12,2021,9407000.0
42.3,1,8,9,1996,6065000.0
33.1,1,6,12,2004,4691000.0
80.9,3,1,5,1970,10115000.0
25.7,1,13,17,2025,4193000.0
70.0,3,2,5,1981,8613000.0
48.0,2,5,5,1973,5074000.0
70.3,3,6,9,1975,7970000.0
82.0,3,2,12,2023,13553000.0
59.7,2,1,9,1979,4987000.0
74.6,3,3,9,1998,9749000.0
45.1,1,5,12,2002,6336000.0
68.0,2,4,9,1996,9504000.0
70.3,3,23,25,2000,9456000.0
47.7,1,4,25,2016,8184000.0
51.0,2,8,12,2019,7523000.0
71.2,3,7,9,1986,8729000.0
90.5,3,17,17,2025,13624000.0
40.3,1,5,5,1972,5448000.0
54.1,2,4,9,1980,7174000.0
42.3,1,6,9,1977,5883000.0
63.3,2,17,25,2010,8731000.0
58.2,2,1,5,1970,6282000.0
53.4,2,1,12,2020,8095000.0
60.5,2,8,17,2009,8944000.0
44.4,1,2,9,1985,5673000.0
36.7,1,2,5,1975,4607000.0
49.5,1,13,25,2019,8235000.0
58.1,2,6,12,2009,9078000.0
82.2,3,6,12,2011,10317000.0
45.4,1,6,9,1993,6380000.0
28.7,1,8,9,1983,3722000.0
60.3,2,4,9,1978,7365000.0
64.5,2,3,5,1974,8821000.0
33.0,1,4,5,1982,4162000.0
35.3,1,6,17,2020,5034000.0
26.5,1,5,9,1981,3131000.0
66.0,2,3,5,1964,7461000.0
32.9,1,9,12,2018,4577000.0
49.3,2,11,17,2021,6630000.0
53.0,2,3,5,1984,6100000.0
50.7,2,11,12,2014,6660000.0
28.9,1,5,5,1965,3026000.0
74.2,2,2,5,1979,9531000.0
49.9,2,1,5,1974,4358000.0
72.4,3,9,17,2016,9410000.0
36.9,1,4,5,1978,4635000.0
48.9,2,2,5,1962,6211000.0
54.9,2,9,9,1992,6657000.0
40.6,1,15,17,2009,5793000.0
81.4,3,3,9,1989,10088000.0
63.0,2,2,9,1992,6740000.0
55.2,2,2,5,1983,7400000.0
33.1,1,3,9,1989,4684000.0
38.7,1,1,12,2023,5766000.0
60.0,2,4,12,2018,10919000.0
31.7,1,8,9,1994,3757000.0
56.1,2,5,9,1979,5898000.0
55.0,2,2,5,1970,6974000.0
63.5,2,3,9,1983,7717000.0
59.8,2,1,5,1964,5582000.0
20.0,1,17,17,2010,2686000.0
66.6,2,2,25,2021,9198000.0
62.8,2,19,25,2006,10216000.0
45.3,1,1,17,2001,7012000.0
43.6,1,11,12,2019,5497000.0
42.8,1,10,17,2021,5541000.0
33.1,1,5,9,1994,4166000.0
82.6,3,8,12,2020,10917000.0
59.5,2,5,9,1993,7213000.0
27.2,1,8,9,1992,3601000.0
44.2,1,12,17,2015,6267000.0
38.6,1,4,9,1975,4176000.0
65.1,2,7,9,1977,7149000.0
39.3,1,6,25,2025,6999000.0
51.1,2,3,5,1968,5780000.0
56.1,2,9,9,1991,6660000.0
74.2,3,12,25,2007,8485000.0
38.8,1,10,12,2020,5599000.0
67.0,2,9,12,2015,10562000.0
60.6,2,5,9,1986,8184000.0
48.0,2,8,9,1978,6380000.0
80.0,3,7,17,2004,9375000.0
65.0,2,9,12,2006,7918000.0
56.1,2,7,12,2023,9265000.0
62.1,2,4,5,1977,8228000.0
99.7,4,4,5,1981,11333000.0
56.3,2,11,25,2019,8926000.0
84.2,3,8,9,1988,9221000.0
43.7,1,6,12,2007,5500000.0
74.8,2,1,5,1972,6747000.0
76.2,3,10,12,2003,10476000.0
33.9,1,7,25,2011,5060000.0
90.9,4,7,12,2002,11008000.0
35.1,1,4,5,1964,3842000.0
78.9,3,3,12,2003,12996000.0
51.7,2,7,17,2014,7214000.0
38.9,1,4,9,1979,5646000.0
83.8,3,13,17,2008,11181000.0
38.7,1,4,12,2013,5413000.0
30.3,1,17,17,2015,4877000.0
31.5,1,11,12,2002,4787000.0
57.2,2,1,5,1974,6198000.0
108.9,4,4,9,1992,14852000.0
35.9,1,3,9,1992,6069000.0
45.0,2,11,25,2013,5951000.0
34.7,1,3,17,2024,5583000.0
55.6,2,12,12,2006,7029000.0
49.0,1,1,9,1994,5445000.0
21.9,1,4,5,1965,2361000.0
41.6,1,14,17,2025,7438000.0
48.8,2,1,9,1990,4658000.0
75.7,3,8,9,1996,10250000.0
61.2,2,1,12,2018,7353000.0
44.7,1,4,5,1968,6370000.0
53.2,2,6,9,1994,6829000.0
72.8,3,7,9,1975,8235000.0
38.9,1,2,5,1977,5684000.0
27.5,1,14,25,2020,4526000.0
34.7,1,2,9,1988,4860000.0
69.5,2,4,5,1973,9022000.0
57.7,2,3,9,1982,6442000.0
60.5,2,13,17,2022,9603000.0
34.3,1,9,9,1999,4442000.0
26.3,1,7,12,2016,4060000.0
102.4,4,2,5,1977,12301000.0
43.5,1,3,5,1974,4816000.0
67.8,3,6,9,1984,8785000.0
55.4,2,9,17,2019,7942000.0
41.2,1,12,17,2015,5356000.0
55.8,2,3,5,1966,6388000.0
71.0,3,11,12,2016,9944000.0
61.1,2,6,25,2004,8907000.0
73.1,3,3,9,1992,7048000.0
26.1,1,11,17,2013,3992000.0
57.1,2,5,5,1977,6299000.0
88.3,3,24,25,2017,13394000.0
80.2,3,17,17,2014,10564000.0
53.9,2,17,25,2024,7758000.0
61.1,2,7,12,2010,8462000.0
44.6,1,3,9,1979,5874000.0
35.0,1,14,25,2015,5666000.0
39.6,1,7,9,1982,4661000.0
33.6,1,9,9,1987,4072000.0
46.3,1,3,17,2025,8190000.0
32.9,1,2,17,2021,4817000.0
101.8,4,17,25,2016,14265000.0
58.6,2,9,9,1983,6138000.0
51.2,2,6,17,2014,6077000.0
95.6,4,9,17,2006,11126000.0
44.5,1,3,5,1977,5232000.0
65.2,2,5,9,1988,9256000.0
63.9,2,2,9,1982,8921000.0
32.7,1,6,9,1976,3319000.0
74.1,2,15,25,2017,10159000.0
36.4,1,9,12,2003,5507000.0
38.5,1,10,17,2023,5831000.0
49.7,1,4,25,2022,8719000.0
77.4,3,8,9,1976,9743000.0
53.5,2,13,17,2009,7312000.0
60.2,2,7,9,1980,7336000.0
58.2,2,7,17,2010,8160000.0
44.5,1,4,5,1979,5192000.0
67.4,2,15,25,2009,10354000.0
65.5,2,6,9,1991,9167000.0
34.9,1,9,9,1998,4801000.0
54.1,2,3,17,2007,7719000.0
21.4,1,8,9,1980,2461000.0
34.9,1,7,12,2015,5441000.0
78.5,3,4,9,1984,9725000.0
64.9,2,13,17,2022,11510000.0
58.8,2,3,9,1993,6728000.0
65.0,2,2,5,1984,7618000.0
51.8,2,9,9,1978,5090000.0
51.8,2,3,9,1976,6173000.0
58.5,2,2,5,1979,5968000.0
61.0,2,9,9,1976,7897000.0
97.3,4,8,9,1986,12879000.0
95.0,4,4,5,1963,10020000.0
54.2,2,3,12,2015,7005000.0
83.3,3,15,17,2001,9291000.0
55.9,2,4,5,1975,6301000.0
51.6,2,4,12,2014,7854000.0
34.0,1,6,12,2013,4612000.0
62.0,2,2,9,1985,9369000.0
78.3,3,13,17,2014,12478000.0
65.8,3,9,9,1998,8124000.0
85.0,3,7,12,2005,10845000.0
26.1,1,3,5,1983,3195000.0
66.9,2,10,12,2015,11159000.0
31.5,1,4,12,2000,4111000.0
31.9,1,1,5,1984,4093000.0
56.2,2,3,9,1985,7147000.0
58.3,2,23,25,2013,8913000.0
56.7,2,7,9,1976,6341000.0
59.3,2,11,12,2023,8503000.0
28.8,1,13,25,2015,4264000.0
39.6,1,17,17,2003,4985000.0
77.6,3,10,12,2013,12059000.0
32.8,1,13,17,2015,4496000.0
20.0,1,12,17,2014,2786000.0
74.8,3,7,9,1976,10020000.0
99.8,4,1,9,1987,12020000.0
55.5,2,1,9,1991,7541000.0
25.0,1,20,25,2019,3049000.0
39.7,1,7,12,2009,5869000.0
110.8,4,3,5,1974,12633000.0
75.4,3,15,17,2016,9947000.0
48.4,2,8,9,1982,6257000.0
38.7,1,2,5,1961,4382000.0
47.7,1,9,12,2023,7420000.0
33.0,1,1,9,1975,4981000.0
51.0,2,4,17,2022,7775000.0
43.8,1,4,9,1997,6258000.0
101.8,4,7,17,2004,14192000.0
27.2,1,1,12,2002,3510000.0
72.2,2,1,5,1981,7210000.0
21.3,1,13,25,2010,2589000.0
45.8,2,8,12,2015,6568000.0
27.4,1,2,9,1995,3647000.0
84.5,3,2,9,1983,8268000.0
64.6,2,15,17,2003,10296000.0
27.2,1,1,9,1983,3211000.0
74.1,3,5,5,1973,9365000.0
57.3,2,1,5,1969,4722000.0
88.9,3,3,9,1996,13126000.0
58.9,3,15,17,2015,7803000.0
64.0,3,7,9,1983,8774000.0
35.2,1,7,9,1977,4541000.0
26.7,1,2,5,1960,3249000.0
112.8,4,1,9,1996,13225000.0
59.0,2,14,25,2019,8252000.0
46.3,1,3,9,1985,5671000.0
81.3,3,16,25,2025,11338000.0
44.0,1,1,9,1994,4599000.0
54.1,2,5,5,1979,6043000.0
64.9,3,3,17,2000,7912000.0
75.3,3,1,9,1979,6891000.0
41.4,1,16,17,2008,6250000.0
68.8,2,2,25,2002,9398000.0
55.3,2,5,5,1971,6406000.0
60.1,2,5,5,1977,7475000.0
33.6,1,16,17,2001,4601000.0
56.1,2,8,9,1984,6422000.0
56.6,2,3,5,1966,6776000.0
68.9,2,2,5,1981,6078000.0
83.2,3,1,5,1977,8776000.0
60.3,2,12,17,2015,9336000.0
46.4,1,1,5,1972,5692000.0
50.4,2,5,9,1975,5788000.0
76.2,3,9,12,2006,7941000.0
43.1,1,2,9,1985,4158000.0
55.7,2,3,5,1965,6851000.0
34.6,1,4,17,2020,5050000.0
39.9,1,4,5,1964,5693000.0
79.3,3,10,17,2009,9260000.0
72.3,3,13,17,2002,9880000.0
54.5,2,4,9,1989,8209000.0
51.1,2,5,12,2011,7383000.0
80.1,3,2,9,1979,8053000.0
98.8,4,4,9,1988,15192000.0
63.4,2,7,17,2011,10394000.0
56.0,2,17,17,2021,7653000.0
59.0,2,8,9,1985,8100000.0
30.4,1,8,12,2022,5020000.0
57.0,2,22,25,2022,8963000.0
77.9,3,23,25,2012,9237000.0
84.5,3,10,12,2009,11861000.0
68.9,3,2,9,1984,9658000.0
34.7,1,5,9,1998,5049000.0
64.3,2,12,25,2020,9803000.0
43.2,1,1,5,1973,4561000.0
35.6,1,1,12,2019,4393000.0
67.3,3,3,9,1990,7123000.0
60.6,2,6,9,1986,8309000.0
78.2,3,7,9,1997,9896000.0
32.8,1,6,25,2017,4248000.0
54.6,2,1,5,1983,6784000.0
47.6,2,4,12,2003,6141000.0
40.3,1,2,5,1969,4481000.0
25.3,1,4,5,1960,2799000.0
43.2,1,7,9,1992,5720000.0
60.7,2,11,12,2014,9094000.0
95.2,4,3,9,1991,10595000.0
76.5,3,8,9,1995,10807000.0
99.2,4,1,5,1960,9884000.0
69.6,3,4,9,1988,8218000.0
80.7,3,24,25,2011,10883000.0
68.3,2,10,25,2024,9740000.0
50.3,2,4,9,1985,6425000.0
59.5,2,2,12,2019,10013000.0
78.9,3,2,25,2025,10922000.0
39.0,1,4,5,1978,5042000.0
21.8,1,15,17,2024,3116000.0
84.1,3,4,25,2003,11752000.0
51.9,1,2,5,1976,6705000.0
103.4,4,3,5,1977,13422000.0
61.8,2,19,25,2003,7768000.0
37.8,1,8,12,2000,5645000.0
50.4,2,1,5,1965,5907000.0
74.4,3,3,9,1981,8585000.0
30.0,1,5,9,1975,3706000.0
78.3,3,2,12,2005,10674000.0
76.3,3,12,17,2002,9843000.0
40.1,1,12,25,2022,6223000.0
29.9,1,5,9,1990,4272000.0
40.1,1,11,12,2001,5560000.0
35.4,1,10,12,2001,4905000.0
45.4,1,3,9,1985,6104000.0
62.4,2,1,5,1979,6660000.0
61.9,2,11,25,2010,8423000.0
85.3,3,17,17,2007,9946000.0
28.9,1,4,9,1993,3902000.0
60.9,2,10,12,2023,9438000.0
50.9,2,6,9,1997,6621000.0
88.3,3,9,12,2020,11565000.0
60.3,2,3,12,2014,8555000.0
51.9,2,3,12,2019,7882000.0
80.0,3,21,25,2013,11192000.0
29.5,1,7,12,2025,5564000.0
34.4,1,5,9,1992,4340000.0
60.3,2,11,17,2024,8843000.0
73.8,3,5,5,1979,9037000.0
37.4,1,7,9,1979,4436000.0
61.6,2,6,9,1976,8951000.0
56.5,2,2,9,1976,6886000.0
68.6,3,11,17,2001,9533000.0
26.9,1,4,9,1976,3388000.0
42.0,1,5,17,2008,6680000.0
63.1,2,9,12,2011,7983000.0
58.0,2,6,9,1995,8896000.0
71.2,2,17,17,2021,10188000.0
53.1,2,3,9,1994,7469000.0
83.6,3,7,9,1992,9808000.0
70.7,3,8,12,2002,9657000.0
82.9,3,7,9,1993,9525000.0
50.9,2,5,5,1975,6553000.0
106.9,4,10,12,2010,12291000.0
35.5,1,8,12,2025,5560000.0
60.8,2,9,9,1998,7452000.0
57.7,2,7,25,2023,7221000.0
82.2,3,11,12,2014,10334000.0
44.2,2,9,17,2021,6799000.0
75.1,3,1,5,1970,7055000.0
81.9,3,9,12,2009,10390000.0
66.9,2,3,17,2023,10294000.0
82.4,3,6,12,2018,12669000.0
42.6,1,8,17,2022,6925000.0
25.0,1,3,9,1979,3172000.0
100.6,4,4,5,1973,11560000.0
34.9,2,7,9,1983,4442000.0
55.3,2,7,9,1999,6682000.0
57.4,2,13,17,2020,8652000.0
37.7,1,3,9,1980,4323000.0
58.4,2,12,25,2000,8391000.0
58.2,2,24,25,2011,8350000.0
36.4,1,8,9,1988,3785000.0
43.5,1,4,9,1978,6059000.0
51.4,2,16,17,2014,6979000.0
60.6,2,7,25,2016,8220000.0
38.7,1,4,9,1994,5774000.0
52.3,2,1,9,1986,5902000.0
77.7,3,1,12,2000,9711000.0
68.3,2,1,12,2012,8166000.0
75.8,3,2,9,1984,10016000.0
94.1,3,6,17,2003,12731000.0
36.3,1,4,5,1965,4506000.0
41.2,1,2,5,1968,4898000.0
48.6,2,5,9,1992,7396000.0
46.0,2,2,9,1976,6652000.0
50.7,2,8,9,1980,4905000.0
43.2,1,9,9,1985,5872000.0
57.2,2,7,9,1987,6532000.0
27.8,1,4,5,1965,3486000.0
101.6,4,9,9,1986,9470000.0
44.8,1,20,25,2018,6998000.0
73.1,3,7,9,1992,8485000.0
42.3,1,5,9,1993,5473000.0
29.4,1,5,12,2011,4109000.0
44.3,1,19,25,2019,6187000.0
112.4,4,9,9,1987,11893000.0
33.4,1,10,12,2019,4834000.0
65.2,2,5,17,2022,9486000.0
89.6,3,6,12,2003,12272000.0
58.6,2,3,5,1981,8663000.0
54.6,2,10,12,2005,6830000.0
120.3,4,1,5,1972,12273000.0
70.4,3,9,12,2009,10311000.0
66.7,2,14,17,2002,8458000.0
69.7,2,5,9,1983,6788000.0
105.8,4,12,17,2014,11480000.0
94.5,4,4,5,1964,7919000.0
60.9,2,6,17,2025,10504000.0
94.7,3,8,9,1999,13117000.0
34.9,1,8,9,1996,5156000.0
57.5,2,2,5,1981,7870000.0
21.1,1,22,25,2008,2870000.0
36.2,1,4,5,1974,5547000.0
64.0,2,3,5,1972,7909000.0
52.1,2,9,9,1995,6512000.0
46.2,1,2,12,2002,7229000.0
49.2,2,11,12,2018,7637000.0
52.0,2,3,5,1961,6682000.0
113.8,4,2,9,1992,15883000.0
77.4,3,9,9,1988,8830000.0
71.1,2,4,9,1996,9641000.0
67.0,3,2,9,1998,7915000.0
36.1,1,13,17,2012,4432000.0
61.4,2,4,9,1998,8932000.0
115.2,4,6,9,1982,14796000.0
58.8,2,5,9,1984,5956000.0
63.4,2,3,25,2022,8697000.0
38.8,1,16,25,2001,5473000.0
37.5,1,8,17,2009,5517000.0
50.9,2,8,9,1976,7469000.0
103.6,4,3,5,1982,11382000.0
53.3,2,1,9,1978,5797000.0
83.5,3,5,9,1996,11459000.0
80.6,3,1,12,2008,9479000.0
37.0,1,6,17,2020,5316000.0
68.1,2,15,17,2009,9002000.0
54.2,2,12,17,2003,7601000.0
45.4,2,5,9,1977,5459000.0
35.5,1,4,12,2006,5429000.0
85.3,4,2,9,1997,11056000.0
75.2,3,5,5,1982,6135000.0
67.5,2,9,17,2015,8007000.0
70.1,2,4,5,1964,7662000.0
34.1,1,2,9,1987,4947000.0
60.3,2,6,9,1984,7122000.0
83.2,3,8,12,2023,12395000.0
66.3,3,2,17,2001,9246000.0
44.2,1,9,9,1990,5924000.0
46.8,2,7,17,2019,6462000.0
54.0,2,2,9,1975,5796000.0
27.9,1,5,9,1980,3104000.0
37.4,1,5,17,2021,7369000.0
52.0,2,7,12,2018,7911000.0
53.0,2,15,25,2000,8495000.0
44.1,1,5,9,1979,5153000.0
32.0,1,11,12,2011,5258000.0
37.3,1,6,12,2016,5292000.0
28.1,1,14,25,2018,4207000.0
44.6,2,1,5,1967,4552000.0
39.1,1,3,17,2009,5168000.0
32.7,1,8,12,2024,4590000.0
91.6,3,6,9,1977,10811000.0
53.3,1,3,9,1983,6511000.0
47.0,2,2,9,1981,5933000.0
89.7,4,2,12,2023,11412000.0
70.5,2,2,17,2005,10431000.0
59.0,2,5,12,2014,8063000.0
58.1,2,12,12,2012,9129000.0
28.0,1,5,12,2013,4102000.0
72.3,2,1,5,1964,7410000.0
53.3,2,2,9,1998,8302000.0
44.2,1,2,9,1976,5281000.0
64.2,2,4,9,1981,7677000.0
64.0,3,3,5,1960,6499000.0
31.2,1,5,12,2015,4725000.0
48.2,2,9,9,1981,5288000.0
43.7,2,5,9,1989,6082000.0
75.1,3,9,9,1980,8530000.0
68.9,3,1,5,1979,8037000.0
71.3,3,25,25,2018,10235000.0
46.9,2,14,17,2008,6224000.0
34.1,1,5,17,2021,4798000.0
49.7,1,5,5,1965,5448000.0
57.4,2,14,17,2016,8295000.0
52.7,2,16,17,2004,7495000.0
103.8,4,6,17,2014,14540000.0
60.9,2,2,5,1966,7053000.0
57.1,2,3,12,2013,7593000.0
56.9,2,9,17,2019,7824000.0
31.1,1,5,12,2017,4893000.0
61.0,2,5,12,2024,8492000.0
48.8,2,9,9,1996,6516000.0
108.2,4,10,12,2024,15977000.0
54.9,2,3,5,1983,7964000.0
113.0,4,4,12,2016,14540000.0
50.4,2,2,5,1977,5968000.0
29.7,1,8,9,1976,2870000.0
39.4,1,5,9,1992,4818000.0
31.8,1,1,12,2013,3811000.0
68.4,2,3,5,1963,8227000.0
32.0,1,9,12,2006,5410000.0
53.0,2,8,17,2006,7780000.0
103.7,4,1,5,1960,10832000.0
42.9,2,3,5,1967,4652000.0
66.6,3,1,5,1979,6309000.0
52.6,1,11,17,2023,7856000.0
62.0,2,9,12,2009,8164000.0
40.7,1,1,9,1983,4345000.0
74.4,3,3,5,1966,8551000.0
34.6,1,6,12,2002,4295000.0
51.9,2,9,17,2011,7954000.0
52.9,2,2,17,2002,6932000.0
62.1,2,4,12,2004,8507000.0
79.0,3,2,5,1966,8974000.0
36.6,1,4,5,1971,4285000.0
46.0,2,1,5,1982,5840000.0
92.7,3,3,9,1999,10154000.0
52.2,2,5,5,1976,6817000.0
62.9,2,4,9,1988,7808000.0
31.6,1,5,9,1977,4358000.0
77.2,3,22,25,2000,10320000.0
94.2,4,6,12,2021,14086000.0
52.3,2,5,17,2025,7724000.0
71.2,3,11,17,2022,10428000.0
59.4,2,4,5,1977,8068000.0
32.3,1,9,17,2013,4802000.0
37.8,1,5,9,1999,5957000.0
66.9,2,6,12,2012,9843000.0
49.8,2,4,9,1986,5883000.0
66.9,3,3,25,2004,8596000.0
67.9,2,6,9,1977,9048000.0
105.5,4,5,9,1988,11126000.0
55.4,2,20,25,2006,8296000.0
47.1,2,5,5,1966,5009000.0
27.6,1,7,12,2016,3582000.0
52.5,2,17,17,2005,7035000.0
78.6,3,16,17,2014,10137000.0
46.4,1,14,25,2018,6569000.0
102.2,4,1,25,2014,11564000.0
103.4,4,3,5,1966,11376000.0
66.2,2,13,17,2004,8755000.0
39.6,1,1,12,2014,5475000.0
35.5,1,2,12,2019,5893000.0
34.7,1,1,5,1972,4062000.0
44.3,1,5,12,2025,8066000.0
60.5,2,9,25,2006,10116000.0
48.9,1,13,25,2012,6964000.0
52.3,2,5,9,1987,5924000.0
49.4,2,2,5,1972,5736000.0
37.2,1,3,9,1997,5192000.0
58.2,2,5,17,2007,9912000.0
92.4,4,4,17,2004,11458000.0
54.9,2,6,9,1978,6938000.0
66.3,2,3,5,1976,7527000.0
80.9,3,4,9,1994,9978000.0
52.7,2,1,9,1988,5358000.0
69.9,3,2,25,2010,8146000.0
32.3,1,9,12,2009,5318000.0
85.7,3,2,9,1975,11133000.0
35.2,1,12,12,2006,4611000.0
75.1,3,1,5,1965,8370000.0
45.9,1,24,25,2006,5713000.0
67.8,3,5,9,1998,8658000.0
96.7,4,8,9,1989,11896000.0
38.0,1,9,9,1980,5207000.0
101.3,4,8,12,2017,14018000.0
20.0,1,2,12,2001,2958000.0
32.9,1,12,17,2008,4525000.0
64.8,2,3,9,1980,8253000.0
87.7,4,7,9,1996,12310000.0
52.5,2,1,5,1976,4826000.0
49.2,2,8,12,2023,8127000.0
60.9,2,1,5,1970,6355000.0
98.8,4,6,12,2023,11791000.0
93.4,3,1,17,2003,10855000.0
43.1,1,14,17,2006,6967000.0
33.0,1,4,9,1989,4186000.0
39.4,1,6,9,1999,5645000.0
62.0,2,4,5,1976,6335000.0
48.4,1,6,12,2011,5780000.0
35.3,1,8,17,2012,4620000.0
72.2,3,1,9,1995,9182000.0
41.4,1,2,9,1987,5442000.0
54.6,2,13,17,2007,8443000.0
59.4,2,14,17,2006,9196000.0
46.1,1,7,9,1978,5406000.0
49.6,2,2,12,2002,7831000.0
54.8,2,5,5,1976,5997000.0
84.5,3,4,5,1975,10912000.0
35.5,1,17,25,2018,5842000.0
59.4,2,14,17,2001,8126000.0
82.3,3,10,17,2020,11761000.0
74.7,3,1,5,1973,8069000.0
84.0,3,6,17,2015,11830000.0
95.8,4,2,9,1991,11229000.0
73.0,3,9,9,1978,7862000.0
68.9,2,4,12,2007,9232000.0
77.0,3,3,5,1968,9810000.0
51.7,2,13,17,2015,6254000.0
32.1,1,8,12,2015,4527000.0
34.9,1,2,5,1976,4244000.0
43.7,1,4,5,1962,5020000.0
20.1,1,3,5,1981,2662000.0
35.2,1,3,5,1980,3899000.0
40.4,1,8,12,2016,6636000.0
77.7,3,1,17,2017,10683000.0
81.7,3,5,5,1977,9816000.0
50.4,2,3,5,1982,6180000.0
76.2,3,1,12,2005,8497000.0
45.5,1,16,17,2005,6277000.0
73.7,3,9,9,1975,8269000.0
59.1,2,1,9,1990,7359000.0
27.5,1,11,12,2016,4064000.0
39.3,1,7,9,1978,5166000.0
34.2,1,2,5,1975,4094000.0
28.5,1,14,17,2025,4521000.0
34.9,1,11,12,2021,5169000.0
42.2,1,2,12,2021,6582000.0
33.4,1,12,17,2020,4161000.0
28.3,1,12,12,2019,4250000.0
109.1,4,4,9,1976,13115000.0
28.7,1,4,9,1997,4168000.0
53.3,1,5,5,1971,5604000.0
52.4,2,3,5,1975,5903000.0
86.9,3,10,12,2005,10615000.0
65.9,2,12,17,2015,9790000.0
77.6,3,13,25,2006,11109000.0
30.1,1,8,12,2013,4123000.0
47.0,1,5,5,1962,5940000.0
27.1,1,5,5,1960,3387000.0
45.5,2,3,17,2016,6660000.0
60.3,2,12,12,2019,8678000.0
48.0,2,12,12,2003,5200000.0
38.3,1,2,17,2006,5193000.0
57.7,2,1,17,2006,6303000.0
41.9,1,8,17,2003,5387000.0
46.6,2,1,5,1966,5123000.0
48.4,2,8,17,2007,7252000.0
54.4,2,17,17,2008,7805000.0
20.0,1,9,9,1996,2673000.0
81.8,3,6,12,2014,11938000.0
58.4,2,7,9,1978,6039000.0
40.6,1,24,25,2025,5454000.0
102.5,4,5,5,1977,10923000.0
71.6,2,5,12,2024,11298000.0
61.2,2,4,5,1971,6957000.0
42.1,1,13,17,2022,5546000.0
74.4,2,2,5,1965,8007000.0
34.3,1,1,9,1978,3551000.0
54.3,2,8,9,1978,5525000.0
51.7,2,21,25,2017,9161000.0
60.2,2,2,9,1975,8200000.0
33.6,1,3,5,1980,3452000.0
81.4,3,16,17,2005,8796000.0
39.4,1,6,12,2025,5587000.0
35.2,2,10,25,2008,4190000.0
68.5,3,5,5,1976,9503000.0
69.5,2,5,12,2020,9374000.0
46.6,1,7,9,1985,6323000.0
62.5,2,2,5,1980,7363000.0
36.0,1,5,12,2008,4590000.0
68.5,2,9,12,2010,10670000.0
37.0,1,12,17,2003,5575000.0
67.1,2,8,9,1987,8540000.0
60.4,2,5,9,1993,9828000.0
37.2,1,4,9,1977,4809000.0
44.1,1,12,25,2021,6393000.0
27.8,1,8,9,1975,4145000.0
50.5,2,9,9,1991,6503000.0
48.6,2,1,9,1991,6626000.0
62.8,2,3,12,2006,8679000.0
75.7,3,4,9,1988,6583000.0
58.2,1,13,25,2004,6977000.0
80.0,3,7,9,1988,11037000.0
35.4,1,6,17,2010,4847000.0
34.0,1,2,5,1984,4545000.0
59.2,2,10,12,2002,8996000.0
70.7,3,16,25,2005,9627000.0
41.3,2,3,5,1966,4386000.0
48.6,2,1,25,2018,6358000.0
75.3,3,4,9,1983,9266000.0
67.7,3,6,25,2001,8545000.0
37.2,1,3,12,2011,4682000.0
84.5,3,2,9,1981,9834000.0
70.7,3,2,5,1969,7993000.0
53.0,2,4,9,1994,5985000.0
75.7,3,5,5,1974,7631000.0
100.4,4,1,5,1984,9921000.0
55.7,2,2,5,1982,5677000.0
23.4,1,2,9,1998,3283000.0
64.8,2,16,17,2025,9915000.0
35.2,1,5,5,1978,4012000.0
28.9,1,2,5,1965,2976000.0
60.6,2,2,12,2019,9212000.0
42.0,1,4,5,1972,5465000.0
51.2,2,4,5,1979,6386000.0
59.0,3,1,5,1971,6143000.0
57.0,2,7,25,2017,8753000.0
85.9,3,11,17,2015,11846000.0
45.2,1,1,9,1985,4838000.0
80.4,3,11,12,2025,11551000.0
73.4,3,8,12,2024,10165000.0
29.9,1,10,12,2010,4320000.0
33.2,1,7,12,2000,5047000.0
46.9,1,7,12,2000,5764000.0
82.1,3,6,9,1981,10082000.0
82.8,3,4,5,1966,8146000.0
36.9,1,4,9,1978,4252000.0
42.3,2,2,17,2013,6986000.0
37.2,1,7,12,2023,5954000.0
50.1,2,14,17,2004,7006000.0
111.7,4,19,25,2021,12840000.0
32.8,1,4,5,1971,3933000.0
77.3,3,3,12,2003,8130000.0
80.1,3,5,12,2002,10623000.0
121.1,4,8,25,2017,14384000.0
35.3,1,14,25,2023,5705000.0
39.2,1,4,12,2004,5657000.0
44.9,1,7,9,1980,5050000.0
56.4,2,7,17,2013,8355000.0
54.2,2,2,5,1965,7578000.0
34.2,1,14,17,2019,5051000.0
75.3,3,8,25,2024,11810000.0
33.1,1,9,9,1997,3425000.0
45.2,1,6,12,2011,6912000.0
60.9,2,5,9,1986,7321000.0
37.4,1,1,9,1982,4232000.0
37.1,1,1,9,1997,4880000.0
53.3,2,17,17,2019,7216000.0
75.4,3,11,25,2024,9111000.0
76.5,3,12,25,2001,11604000.0
68.4,2,3,5,1964,6729000.0
56.3,2,6,17,2017,7475000.0
62.1,2,11,17,2023,9329000.0
25.7,1,8,9,1999,3624000.0
59.9,2,5,5,1962,6761000.0
47.9,2,2,9,1990,6296000.0
54.1,2,24,25,2004,8300000.0
61.8,2,1,12,2008,8161000.0
51.3,2,11,17,2005,6248000.0
73.2,2,2,9,1993,7120000.0
78.7,3,5,17,2021,11385000.0
31.0,1,5,5,1984,4402000.0
68.8,3,2,9,1990,7558000.0
47.1,1,9,12,2025,6502000.0
35.5,1,5,5,1966,4187000.0
62.2,2,8,17,2003,8936000.0
50.6,2,4,9,1990,7300000.0
70.8,3,9,12,2019,11655000.0
63.9,2,7,9,1991,8522000.0
69.8,2,2,12,2018,9216000.0
32.8,1,3,5,1984,3893000.0
41.1,1,2,5,1976,4886000.0
59.6,2,21,25,2012,9344000.0
63.4,2,2,9,1976,7337000.0
59.8,2,9,17,2001,8910000.0
59.9,2,2,25,2023,7530000.0
89.9,4,9,9,1996,10948000.0
58.8,2,7,9,1997,7269000.0
67.5,3,7,12,2003,9423000.0
41.1,1,14,25,2015,5943000.0
46.7,1,5,25,2003,7131000.0
38.3,1,8,12,2019,5522000.0
42.3,1,6,17,2011,6163000.0
62.9,2,2,5,1981,8474000.0
62.9,2,17,25,2019,9095000.0
60.1,2,9,25,2013,8626000.0
57.6,2,5,5,1960,6642000.0
112.2,4,5,9,1991,13580000.0
95.3,3,2,5,1983,9765000.0
33.5,1,4,9,1992,4265000.0
33.8,1,12,17,2011,3988000.0
41.3,1,8,9,1999,5601000.0
48.8,1,5,5,1969,5905000.0
47.9,2,7,9,1998,6510000.0
48.9,2,19,25,2014,7982000.0
38.6,1,8,12,2016,6489000.0
24.3,2,8,9,1985,3163000.0
51.6,2,3,5,1983,4937000.0
39.3,1,9,25,2024,6444000.0
65.6,2,17,17,2019,8401000.0
75.5,3,8,9,1981,9913000.0
56.3,2,4,5,1979,7171000.0
43.8,1,3,5,1978,5922000.0
25.3,1,4,5,1970,3247000.0
33.4,1,6,12,2000,5780000.0
41.0,1,16,25,2017,6452000.0
81.8,3,9,9,1997,8769000.0
41.0,1,5,17,2021,6895000.0
35.6,1,7,9,1989,4540000.0
25.9,1,13,17,2012,4310000.0
72.2,3,15,17,2023,11967000.0
27.9,1,1,5,1975,3337000.0
28.9,1,9,9,1993,3247000.0
43.4,2,6,12,2005,5721000.0
47.2,2,3,5,1981,6672000.0
44.2,1,4,9,1990,7099000.0
31.4,1,6,12,2017,4726000.0
80.1,3,5,25,2000,10208000.0
90.3,4,3,9,1992,9756000.0
34.5,1,7,17,2008,4398000.0
32.3,1,3,9,1987,4367000.0
40.5,1,13,17,2015,6432000.0
76.5,3,2,12,2021,9280000.0
51.1,2,14,17,2018,8052000.0
81.4,3,4,9,1997,11979000.0
59.0,2,7,12,2000,8490000.0
70.9,3,5,12,2007,11142000.0
79.1,3,9,9,1984,9517000.0
84.0,3,2,5,1966,9793000.0
64.2,2,4,5,1962,7567000.0
37.4,1,1,5,1972,4718000.0
58.7,2,14,17,2019,9036000.0
60.4,2,9,9,1985,6896000.0
44.7,2,2,9,1997,6228000.0
44.4,1,17,17,2019,6634000.0
62.0,2,4,9,1979,7495000.0
50.4,2,4,12,2012,7896000.0
60.1,2,5,5,1971,6857000.0
27.7,1,18,25,2015,4401000.0
59.6,2,3,17,2016,9044000.0
39.3,1,5,17,2013,5367000.0
71.1,3,1,9,1995,7406000.0
48.1,2,9,17,2025,6675000.0
29.9,1,3,5,1969,3607000.0
28.9,1,2,5,1972,4133000.0
61.7,2,1,5,1971,6577000.0
40.7,1,12,12,2003,5673000.0
108.0,4,6,9,1993,14447000.0
51.0,2,10,12,2011,6961000.0
29.9,1,1,5,1984,3363000.0
48.7,2,5,9,1975,6526000.0
31.8,1,9,17,2009,4870000.0
84.7,3,4,9,1995,10255000.0
44.6,1,11,17,2025,6595000.0
102.2,4,7,9,1976,11755000.0
71.9,2,4,17,2004,10221000.0
71.2,3,5,12,2020,11365000.0
36.6,1,9,9,1991,4923000.0
57.0,1,7,9,1978,6521000.0
56.8,2,7,12,2006,7261000.0
62.0,2,5,17,2014,9157000.0
39.5,1,6,9,1975,5013000.0
54.8,2,3,9,1988,6452000.0
54.7,1,1,17,2025,8392000.0
61.6,2,11,12,2014,6841000.0
38.4,1,2,9,1976,4989000.0
30.0,1,8,9,1994,3454000.0
35.6,1,1,9,1976,4383000.0
64.0,2,10,12,2015,8961000.0
37.2,1,7,9,1976,5026000.0
101.0,4,5,25,2015,13067000.0
41.0,1,6,9,1991,6243000.0
67.1,3,8,9,1992,6914000.0
48.1,2,4,12,2018,7615000.0
63.4,2,22,25,2015,8564000.0
36.1,1,14,17,2003,5297000.0
58.3,2,3,9,1991,7912000.0
58.7,2,2,17,2000,6839000.0
54.2,2,12,12,2022,8367000.0
54.1,1,8,9,1995,7691000.0
87.7,3,5,5,1972,9757000.0
99.4,4,7,9,1981,12046000.0
56.7,2,8,9,1983,7221000.0
63.0,2,16,25,2013,9740000.0
65.1,2,2,9,1975,7522000.0
29.9,1,19,25,2007,4658000.0
31.4,1,12,12,2009,4570000.0
56.4,2,4,12,2003,7597000.0
89.3,3,12,12,2024,14486000.0
31.1,1,1,5,1972,3609000.0
65.0,2,5,9,1992,8671000.0
75.3,3,1,5,1968,8138000.0
37.3,1,4,12,2007,5306000.0
47.0,1,4,9,1980,6741000.0
67.2,3,9,17,2020,9519000.0
39.3,1,5,9,1993,5766000.0
31.4,1,1,5,1975,3158000.0
70.7,2,1,9,1975,6330000.0
57.8,2,2,25,2014,8614000.0
87.3,3,2,17,2005,11230000.0
48.9,2,5,9,1984,6059000.0
69.4,2,7,12,2004,7314000.0
65.7,2,4,5,1967,8975000.0
112.0,4,13,25,2000,14341000.0
45.1,1,4,12,2012,7497000.0
34.1,1,3,9,1990,3929000.0
88.4,4,11,12,2016,12067000.0
101.3,4,2,5,1966,11467000.0
35.5,1,16,25,2014,5318000.0
37.9,1,3,5,1983,5034000.0
58.6,2,8,12,2013,7200000.0
48.2,1,1,9,1991,6017000.0
64.2,2,16,17,2024,8754000.0
49.5,1,7,17,2022,7082000.0
35.5,1,5,12,2006,5091000.0
66.5,2,2,12,2023,9517000.0
108.2,4,1,17,2013,12625000.0
69.5,2,5,5,1967,8575000.0
56.6,2,5,9,1987,7133000.0
115.4,4,3,9,1975,12580000.0
70.4,2,15,25,2003,9530000.0
49.5,2,9,9,1985,5304000.0
56.8,2,9,17,2008,8074000.0
42.8,1,8,12,2018,6891000.0
59.8,2,6,9,1996,8210000.0
49.2,2,3,9,1978,6071000.0
29.4,1,6,9,1975,3900000.0
31.3,1,5,9,1993,4009000.0
30.8,1,1,9,1993,3774000.0
57.5,2,5,5,1978,7655000.0
54.8,1,14,17,2010,7739000.0
27.4,1,7,25,2005,4144000.0
78.3,3,9,9,1999,10321000.0
57.0,2,1,9,1981,5910000.0
50.6,1,3,5,1982,6987000.0
63.9,2,8,12,2000,8125000.0
38.6,1,13,17,2014,5951000.0
50.4,2,5,5,1984,5672000.0
61.6,2,5,5,1963,6888000.0
65.5,2,10,17,2012,9430000.0
48.6,2,2,12,2023,7290000.0
39.0,1,3,5,1971,4920000.0
63.5,2,12,12,2000,7732000.0
44.0,1,2,9,1982,5022000.0
41.6,1,1,9,1999,5250000.0
84.8,3,7,17,2020,13366000.0
50.1,2,8,17,2022,7835000.0
112.4,4,1,9,1985,12555000.0
27.7,1,21,25,2009,3809000.0
61.4,2,9,9,1976,7239000.0
45.1,1,7,17,2016,6161000.0
52.9,2,1,9,1987,5837000.0
33.5,1,8,17,2021,5270000.0
32.3,1,19,25,2008,3815000.0
35.5,1,5,5,1975,4950000.0
54.0,2,20,25,2016,6757000.0
44.2,1,10,17,2009,7615000.0
76.3,3,12,17,2016,9770000.0
41.9,1,8,9,1994,5222000.0
32.4,1,1,17,2009,4058000.0
54.9,2,4,17,2021,7726000.0
95.9,4,4,9,1988,10846000.0
42.0,1,9,25,2014,5979000.0
40.1,1,2,5,1968,4899000.0
84.8,3,2,5,1961,8471000.0
40.5,1,12,12,2013,6142000.0
58.7,2,7,12,2020,9823000.0
34.6,1,12,12,2006,3791000.0
50.8,2,3,5,1963,6895000.0
33.4,1,20,25,2012,5277000.0
48.6,2,1,5,1981,5592000.0
77.7,3,5,5,1981,8395000.0
71.2,3,4,5,1963,8023000.0
57.3,2,12,12,2003,8130000.0
77.2,3,1,25,2008,11864000.0
35.1,1,3,12,2010,6226000.0
31.1,1,16,17,2000,3680000.0
49.6,2,4,5,1972,5807000.0
68.6,2,10,12,2020,10137000.0
40.1,1,2,9,1999,6327000.0
59.5,2,2,9,1983,7421000.0
53.6,2,5,5,1984,5947000.0
49.3,2,8,12,2017,7184000.0
61.5,3,6,12,2006,7942000.0
52.1,2,12,17,2013,8168000.0
49.9,1,6,9,1998,8562000.0
62.0,2,4,5,1976,8241000.0
54.0,2,1,12,2017,7714000.0
46.5,1,3,5,1960,6081000.0
48.5,2,8,17,2008,7092000.0
110.8,4,2,12,2009,13986000.0
49.5,1,2,5,1975,6008000.0
32.2,1,16,25,2010,5199000.0
33.1,1,1,12,2020,4638000.0
61.7,2,4,5,1963,6370000.0
69.4,3,6,12,2023,11270000.0
56.1,2,5,9,1993,6802000.0
55.0,1,14,17,2007,7015000.0
50.5,2,15,17,2002,6288000.0
54.3,2,7,25,2021,8238000.0
58.9,2,7,12,2003,8858000.0
42.2,1,2,9,1982,5591000.0
58.4,2,2,17,2022,8149000.0
63.8,2,4,5,1971,6979000.0
34.0,1,1,12,2004,4681000.0
64.1,2,5,12,2002,8668000.0
93.1,4,1,5,1964,9333000.0
28.2,1,4,9,1978,3528000.0
110.0,4,13,17,2023,15732000.0
29.1,1,12,17,2010,4399000.0
46.6,2,5,5,1980,6825000.0
35.9,1,4,5,1975,4673000.0
42.4,1,5,9,1995,5574000.0
43.8,2,14,17,2017,6460000.0
57.3,2,2,5,1984,6552000.0
80.8,3,16,17,2005,9773000.0
62.0,2,3,5,1975,8458000.0
46.3,2,6,12,2000,6458000.0
88.4,3,9,9,1993,11879000.0
60.1,2,14,17,2019,7353000.0
40.2,1,2,9,1990,4856000.0
35.7,1,6,12,2009,5328000.0
67.1,2,3,9,1988,7917000.0
57.3,2,4,17,2017,7123000.0
40.7,1,16,17,2012,5325000.0
39.0,1,4,5,1972,4657000.0
41.6,1,4,17,2025,6681000.0
60.2,2,3,12,2014,10103000.0
36.0,1,1,5,1963,3425000.0
44.8,1,6,9,1992,5444000.0
51.8,2,4,5,1974,5345000.0
73.5,3,1,17,2005,9356000.0
44.4,1,17,17,2009,6189000.0
55.1,2,5,5,1974,5708000.0
26.1,1,5,12,2024,3677000.0
74.9,3,7,17,2000,9693000.0
27.4,1,13,25,2004,3865000.0
81.8,4,12,12,2008,9118000.0
103.8,4,4,25,2022,14614000.0
81.5,3,9,12,2013,9709000.0
46.7,1,4,9,1985,6145000.0
64.6,2,6,17,2005,8768000.0
29.2,1,8,9,1990,4065000.0
76.2,3,5,9,1997,11055000.0
82.8,3,3,9,1983,9708000.0
103.1,4,6,17,2002,13174000.0
51.4,2,12,17,2007,5742000.0
44.7,2,2,9,1991,6972000.0
38.4,2,8,9,1996,4160000.0
57.3,2,8,9,1983,7147000.0
47.3,2,3,12,2016,5089000.0
58.8,2,8,9,1979,6663000.0
74.5,3,9,17,2023,12555000.0
52.3,2,5,9,1985,7397000.0
80.6,3,5,9,1980,10635000.0
74.8,3,3,5,1981,8852000.0
53.0,2,5,9,1988,7941000.0
37.3,1,1,25,2002,4850000.0
51.0,2,5,9,1998,7318000.0
56.6,2,4,5,1976,8720000.0
48.3,1,1,9,1978,6117000.0
59.8,2,7,9,1982,7438000.0
98.9,4,1,5,1965,10126000.0
44.7,1,8,9,1985,6675000.0
43.4,2,10,12,2024,6864000.0
86.1,3,12,12,2000,11558000.0
43.2,2,2,9,1989,6298000.0
69.0,2,5,9,1990,11215000.0
48.1,2,13,25,2001,5927000.0
59.6,2,6,9,1987,8166000.0
29.2,1,9,9,1986,3816000.0
106.6,4,7,9,1988,12338000.0
64.7,2,6,9,1975,7338000.0
65.9,2,11,17,2010,10827000.0
54.1,2,4,9,1978,5972000.0
40.8,1,1,17,2012,4627000.0
112.5,4,4,5,1984,12557000.0
74.5,3,9,9,1994,7431000.0
38.4,1,11,17,2024,5401000.0
104.5,4,5,9,1980,10861000.0
54.5,2,8,12,2004,7565000.0
48.8,2,7,9,1978,6867000.0
46.6,2,8,17,2012,6233000.0
42.3,1,1,5,1977,5224000.0
52.7,2,1,17,2012,7248000.0
37.9,1,3,5,1967,3552000.0
56.4,2,8,17,2018,7754000.0
64.0,2,1,9,1989,7160000.0
88.4,3,14,17,2000,12026000.0
58.4,2,1,9,1985,7050000.0
48.8,1,6,25,2015,7482000.0
74.4,3,5,5,1969,7344000.0
50.1,2,3,5,1966,5452000.0
56.2,2,6,9,1982,5979000.0
39.5,1,3,5,1982,5137000.0
85.5,3,2,5,1979,9848000.0
75.9,3,12,25,2015,11130000.0
77.0,3,10,25,2023,11828000.0
96.5,3,6,9,1984,11408000.0
30.6,1,2,25,2003,4450000.0
75.8,3,8,12,2011,10164000.0
60.1,2,6,9,1995,7079000.0
48.8,1,13,17,2015,6663000.0
56.2,2,4,12,2023,6445000.0
45.4,2,4,25,2017,6320000.0
49.5,1,7,9,1990,6233000.0
35.7,1,3,12,2012,4663000.0
31.6,1,3,5,1975,4278000.0
56.4,2,3,5,1974,7166000.0
30.0,1,1,5,1967,3433000.0
42.4,1,1,25,2014,6031000.0
64.4,2,5,17,2020,9442000.0
104.8,4,17,17,2020,13651000.0
77.1,3,1,12,2006,10094000.0
44.5,1,3,9,1994,6465000.0
96.7,4,3,5,1978,12274000.0
50.1,2,4,9,1996,6639000.0
59.8,2,3,9,1988,6931000.0
48.6,2,6,17,2005,6875000.0
45.7,2,12,12,2012,5814000.0
34.6,1,4,5,1971,4527000.0
55.5,2,1,5,1981,6405000.0
66.2,2,3,5,1966,7731000.0
57.5,2,1,9,1994,6562000.0
74.9,3,11,25,2002,10887000.0
51.0,2,1,12,2002,6844000.0
61.5,2,1,17,2002,7131000.0
55.4,2,9,9,1989,5962000.0
98.0,4,8,9,1990,12115000.0
58.0,2,5,5,1972,7369000.0
86.2,3,1,17,2015,9439000.0
82.2,3,2,17,2001,11325000.0
60.4,2,2,5,1965,6410000.0
54.0,2,2,12,2016,7004000.0
43.5,1,6,9,1980,6088000.0
107.3,4,4,12,2023,15869000.0
41.0,1,8,25,2021,6133000.0
62.0,2,1,12,2017,8727000.0
50.0,1,10,12,2022,8145000.0
67.1,2,4,5,1971,6798000.0
48.9,2,2,5,1978,6063000.0
72.8,3,3,5,1984,10162000.0
61.7,2,5,5,1971,7306000.0
102.4,4,9,17,2023,10500000.0
66.8,2,5,17,2021,8780000.0
43.4,1,5,5,1976,5699000.0
34.8,1,11,17,2001,4609000.0
46.5,2,3,5,1973,6213000.0
45.4,1,4,9,1987,7225000.0
53.8,2,7,9,1998,7050000.0
33.7,1,1,9,1980,3644000.0
55.4,2,6,9,1991,6492000.0
57.0,2,8,9,1983,7713000.0
61.3,2,1,9,1982,6491000.0
35.5,1,24,25,2013,5017000.0
38.4,1,1,5,1961,3595000.0
54.2,2,1,5,1969,5501000.0
43.2,1,3,5,1980,5140000.0
64.0,2,3,12,2002,7004000.0
65.4,2,2,5,1976,7299000.0
48.0,1,11,17,2006,7385000.0
49.4,2,3,12,2024,8348000.0
65.3,2,1,12,2011,8231000.0
32.9,1,10,12,2006,4726000.0
55.2,2,5,5,1962,6145000.0
26.1,1,3,5,1965,3725000.0
62.6,2,6,9,1977,6888000.0
66.8,3,3,12,2003,7744000.0
42.7,1,5,9,1990,5686000.0
53.0,2,1,5,1974,5984000.0
62.2,2,7,25,2000,8391000.0
45.3,1,2,5,1961,4576000.0
61.5,2,1,17,2000,8155000.0
58.2,2,7,17,2025,8578000.0
59.8,2,4,9,1992,8258000.0
46.5,2,3,5,1963,6151000.0
72.9,3,4,5,1965,6966000.0
105.3,4,3,12,2010,11511000.0
46.2,2,12,12,2011,6565000.0
64.4,3,14,17,2007,6918000.0
44.3,1,3,25,2013,6262000.0
54.8,2,4,12,2009,7256000.0
40.0,1,2,5,1984,5402000.0
39.7,1,4,9,1997,5111000.0
56.9,2,11,17,2003,8182000.0
62.5,2,3,9,1989,7211000.0
50.6,2,2,5,1975,5374000.0
61.3,2,1,17,2013,7887000.0
44.1,2,1,9,1989,5180000.0
56.5,2,6,25,2022,8595000.0
29.2,1,3,12,2016,4994000.0
73.0,2,5,5,1971,9310000.0
33.6,1,21,25,2012,5150000.0
53.1,2,2,9,1988,7381000.0
36.5,1,8,9,1985,4905000.0
36.0,1,1,9,1985,4743000.0
45.8,2,2,5,1965,5488000.0
66.3,2,9,9,1975,7216000.0
65.7,2,1,5,1983,6877000.0
49.8,1,1,9,1994,6806000.0
67.1,2,1,9,1982,7423000.0
85.6,3,7,17,2007,13757000.0
81.4,3,4,17,2017,10161000.0
59.5,2,4,5,1981,8344000.0
35.0,1,7,9,1987,4427000.0
60.4,2,5,9,1988,8083000.0
37.4,1,4,5,1974,4052000.0
39.1,1,16,17,2003,4513000.0
46.3,1,14,17,2018,7981000.0
71.7,3,2,5,1972,7935000.0
60.9,2,7,9,1983,8414000.0
56.9,2,4,5,1975,6447000.0
62.7,2,2,12,2025,10296000.0
47.4,1,2,5,1968,5492000.0
61.8,2,16,25,2001,7383000.0
65.7,2,9,17,2020,10257000.0
63.9,2,5,9,1984,8835000.0
84.2,3,9,12,2006,12034000.0
43.5,1,25,25,2008,5878000.0
72.4,3,8,12,2007,8056000.0
59.1,2,4,5,1979,6519000.0
67.6,2,4,9,1993,8260000.0
70.8,2,4,17,2000,9336000.0
69.3,3,4,12,2000,10108000.0
26.0,1,6,12,2024,3948000.0
51.4,2,3,17,2019,5927000.0
58.6,2,15,17,2007,6048000.0
51.4,1,8,25,2003,6764000.0
36.9,1,2,5,1981,4503000.0
75.2,3,8,12,2003,10332000.0
29.5,1,3,17,2014,3728000.0
36.9,1,6,17,2001,4460000.0
118.9,4,6,12,2016,16800000.0
53.1,2,2,5,1967,7026000.0
34.6,1,15,17,2015,4127000.0
62.7,2,12,17,2005,7998000.0
68.0,2,5,5,1960,8097000.0
75.9,3,7,9,1979,9922000.0
56.3,2,3,5,1978,6281000.0
105.3,3,7,9,1992,14886000.0
45.0,1,5,5,1962,5048000.0
59.1,2,9,9,1976,7291000.0
40.2,1,3,12,2025,5764000.0
44.0,1,10,12,2001,6352000.0
55.1,2,7,12,2000,6589000.0
34.0,1,13,17,2002,4527000.0
47.5,2,3,9,1993,6057000.0
66.8,3,5,5,1963,7132000.0
51.4,2,2,17,2002,8704000.0
44.7,1,4,5,1967,6764000.0
67.4,2,23,25,2011,9171000.0
71.7,3,4,17,2003,10921000.0
63.6,2,1,12,2013,7262000.0
50.3,2,6,25,2009,7346000.0
23.0,1,3,5,1976,2693000.0
49.0,1,6,9,1992,6318000.0
50.0,2,6,12,2006,8783000.0
37.4,1,2,9,1987,4750000.0
65.4,3,17,25,2021,8714000.0
65.7,2,3,5,1984,7470000.0
56.2,2,12,12,2012,7004000.0
77.3,3,2,12,2021,9450000.0
77.0,3,6,12,2001,10358000.0
51.0,2,6,9,1982,6516000.0
72.8,3,5,9,1999,9821000.0
95.2,4,10,17,2020,13054000.0
79.9,3,2,5,1981,9094000.0
77.4,3,9,17,2019,10226000.0
56.9,2,5,12,2010,8150000.0
61.0,2,13,17,2001,8249000.0
41.1,1,10,17,2011,5622000.0
35.4,1,6,9,1979,4383000.0
43.9,1,11,12,2020,7666000.0
35.1,1,4,17,2015,6235000.0
48.2,2,1,9,1975,5144000.0
36.2,1,20,25,2011,4900000.0
72.8,3,2,9,1979,8667000.0
85.7,3,2,5,1960,10421000.0
45.1,1,3,9,1977,5671000.0
29.6,1,7,25,2024,4709000.0
69.1,3,7,9,1978,7684000.0
71.4,3,1,17,2008,7686000.0
74.8,3,8,17,2021,11471000.0
101.5,4,7,9,1991,12621000.0
100.3,4,1,5,1971,10716000.0
57.7,2,8,17,2018,6960000.0
33.9,1,2,9,1977,5066000.0
91.0,3,8,17,2019,13193000.0
35.6,1,3,9,1984,3802000.0
83.5,3,7,9,1994,11721000.0
64.9,2,13,17,2007,8704000.0
78.5,3,6,9,1977,9329000.0
33.7,1,5,9,1985,4202000.0
45.5,2,2,9,1989,5819000.0
50.6,2,2,9,1994,6646000.0
78.3,3,12,12,2011,8492000.0
32.7,1,15,17,2002,5004000.0
76.2,3,1,9,1981,8369000.0
92.2,3,9,12,2021,13725000.0
54.9,2,11,12,2000,8038000.0
79.6,3,8,9,1984,9853000.0
62.1,2,8,9,1991,8359000.0
50.6,1,17,25,2005,6154000.0
38.8,1,5,17,2018,5342000.0
57.6,3,12,12,2024,7955000.0
58.5,2,6,12,2011,8435000.0
30.4,1,2,5,1961,3699000.0
52.2,2,10,12,2011,8429000.0
55.3,2,5,12,2018,7971000.0
46.3,1,6,12,2008,6925000.0
59.5,2,9,9,1980,7055000.0
32.8,1,2,5,1976,4020000.0
45.7,1,1,5,1961,4710000.0
50.1,2,19,25,2006,6406000.0
38.6,2,9,9,1980,4497000.0
31.3,1,1,9,1988,3656000.0
54.1,2,1,5,1976,5842000.0
39.3,1,1,5,1977,3689000.0
44.9,1,13,17,2005,6339000.0
30.7,1,8,12,2011,4091000.0
38.4,1,2,12,2005,5442000.0
48.8,1,2,9,1996,5969000.0
71.9,3,3,17,2013,9982000.0
57.6,2,5,5,1972,6348000.0
52.9,1,3,5,1968,6003000.0
42.0,1,3,9,1992,5835000.0
34.6,1,4,9,1984,4680000.0
83.8,3,3,9,1984,10199000.0
63.5,2,2,12,2013,9576000.0
36.4,1,9,12,2008,5037000.0
67.8,2,6,17,2008,9863000.0
53.7,2,3,9,1999,7208000.0
33.8,1,1,5,1968,3315000.0
60.8,2,4,9,1977,6845000.0
56.3,2,4,25,2025,9395000.0
44.5,1,8,12,2008,7435000.0
65.9,2,7,17,2012,10034000.0
60.4,2,2,5,1969,6704000.0
63.8,2,7,12,2024,10856000.0
36.4,1,2,5,1962,4541000.0
58.2,2,11,12,2019,8787000.0
42.6,2,16,25,2003,6914000.0
66.1,2,5,25,2013,8621000.0
60.5,2,7,12,2012,9263000.0
42.1,1,4,9,1994,5266000.0
57.5,2,24,25,2006,7494000.0
59.0,2,9,12,2020,10903000.0
58.6,2,5,5,1966,6793000.0
80.3,3,3,9,1980,11429000.0
76.6,3,7,9,1997,10451000.0
37.6,1,9,9,1982,4801000.0
61.5,3,1,9,1980,6232000.0
61.4,2,2,12,2024,10036000.0
63.3,2,7,9,1978,7803000.0
83.2,3,5,5,1964,8875000.0
63.3,2,2,12,2024,9179000.0
45.5,2,7,17,2024,6706000.0
79.1,3,1,12,2017,10014000.0
28.9,1,3,9,1976,3678000.0
39.7,1,21,25,2024,6069000.0
56.4,2,11,25,2021,7010000.0
83.9,3,6,9,1998,11493000.0
81.4,3,5,5,1973,8883000.0
46.0,1,3,17,2023,4705000.0
65.5,3,13,17,2023,7912000.0
36.1,1,4,25,2013,5064000.0
85.5,4,8,17,2004,12424000.0
68.0,2,6,12,2010,10171000.0
47.2,1,4,12,2025,6779000.0
49.6,1,2,5,1979,6201000.0
47.4,1,7,9,1977,6648000.0
38.9,1,4,9,1990,4886000.0
73.2,3,9,12,2019,9227000.0
43.4,1,9,12,2007,6788000.0
97.9,4,3,17,2019,14882000.0
60.5,2,9,9,1989,6974000.0
57.7,2,9,12,2013,8635000.0
43.2,1,4,5,1973,5334000.0
69.5,3,4,9,1982,7927000.0
62.5,2,11,17,2023,10354000.0
69.9,3,1,12,2000,7696000.0
100.8,4,21,25,2015,14598000.0
27.2,1,8,9,1986,3602000.0
37.2,1,4,9,1988,4851000.0
70.0,3,4,9,1983,8050000.0
72.7,3,9,9,1988,7749000.0
58.5,2,15,17,2012,8107000.0
53.2,2,9,12,2018,7345000.0
52.0,2,7,17,2021,7725000.0
30.4,1,8,9,1990,3582000.0
29.3,1,12,17,2018,4333000.0
48.4,2,4,5,1984,6363000.0
40.7,1,14,17,2016,5656000.0
63.9,2,6,9,1997,9174000.0
102.7,4,3,9,1979,12884000.0
86.9,3,7,12,2002,10096000.0
91.5,3,3,25,2022,12097000.0
77.2,3,3,5,1960,7300000.0
56.1,2,7,9,1996,7783000.0
72.9,3,8,17,2006,9917000.0
82.1,3,4,9,1999,8998000.0
95.8,3,2,5,1984,10953000.0
44.8,2,3,9,1981,5756000.0
54.0,1,9,9,1995,7096000.0
32.0,1,6,25,2022,5470000.0
33.7,1,15,17,2016,4443000.0
107.0,4,5,12,2006,13886000.0
74.3,2,21,25,2012,9502000.0
57.6,3,3,9,1987,7218000.0
53.0,2,2,5,1969,6134000.0
69.6,2,6,9,1994,9435000.0
22.1,1,1,9,1976,2398000.0
28.2,1,5,5,1965,3440000.0
57.8,2,20,25,2006,7446000.0
50.9,2,16,17,2012,6500000.0
39.8,1,1,9,1997,5052000.0
80.7,3,11,12,2007,12901000.0
55.7,2,15,17,2020,6925000.0
83.2,3,20,25,2012,10137000.0
45.5,1,16,17,2025,7180000.0
68.0,2,3,12,2010,10669000.0
30.6,1,6,17,2009,4570000.0
88.5,3,5,12,2023,11936000.0
73.5,2,7,12,2003,10497000.0
59.0,2,5,5,1969,6948000.0
76.7,3,1,5,1976,7587000.0
39.2,1,5,12,2007,6100000.0
30.1,1,2,9,1994,4085000.0
79.6,3,2,5,1964,7315000.0
53.0,2,15,17,2019,7638000.0
56.1,1,3,5,1974,6590000.0
65.6,2,2,12,2022,10958000.0
44.8,1,9,12,2009,5630000.0
42.6,1,3,25,2018,6088000.0
40.7,2,4,9,1992,5462000.0
85.5,3,5,5,1971,11621000.0
33.1,2,4,12,2001,5379000.0
53.8,2,5,17,2006,7431000.0
76.9,3,10,25,2010,10863000.0
40.8,1,9,9,1989,5477000.0
71.4,2,9,9,1986,7771000.0
86.5,3,14,25,2009,11772000.0
23.7,1,3,5,1972,3321000.0
53.9,2,12,12,2021,7644000.0
115.0,4,3,9,1976,15673000.0
103.5,4,2,5,1983,11643000.0
29.7,1,4,9,1989,3923000.0
37.5,1,3,9,1996,5109000.0
39.0,1,6,12,2007,4877000.0
49.3,2,15,25,2005,7566000.0
63.9,2,6,9,1978,7594000.0
45.7,2,2,17,2007,6531000.0
87.2,3,1,5,1979,8823000.0
44.2,1,8,12,2021,7872000.0
84.0,3,1,5,1964,9459000.0
35.7,1,18,25,2019,5413000.0
49.7,1,4,17,2022,6651000.0
60.4,2,7,12,2007,9040000.0
49.9,1,9,17,2013,8143000.0
59.6,2,10,12,2021,7960000.0
87.1,3,21,25,2016,12000000.0
32.1,1,2,17,2022,4932000.0
52.8,2,11,25,2019,8551000.0
40.3,1,11,12,2001,5567000.0
33.5,1,3,5,1978,4659000.0
57.5,2,1,12,2025,7137000.0
63.8,3,2,5,1963,6325000.0
63.9,2,1,12,2013,9709000.0
68.3,2,5,9,1981,7396000.0
76.4,3,7,12,2024,10185000.0
81.2,3,1,5,1975,9252000.0
44.5,1,1,5,1969,4613000.0
68.2,2,8,9,1985,8172000.0
52.9,2,1,25,2021,6870000.0
46.1,2,5,9,1979,4466000.0
59.2,2,6,9,1999,8874000.0
42.5,1,4,17,2011,6318000.0
48.6,2,1,12,2023,5962000.0
65.4,2,3,9,1998,7272000.0
62.4,2,4,9,1998,7232000.0
73.3,3,4,9,1989,7704000.0
87.8,3,20,25,2023,12894000.0
54.0,2,5,5,1983,6605000.0
43.9,2,9,9,1984,5591000.0
65.3,2,4,5,1982,8775000.0
50.0,2,9,9,1976,6150000.0
100.7,4,9,17,2017,15766000.0
55.9,2,1,9,1985,7147000.0
44.8,1,5,5,1964,5537000.0
61.0,2,9,9,1980,7361000.0
47.8,2,4,5,1972,6127000.0
50.3,2,5,5,1984,5789000.0
47.2,2,4,17,2016,6664000.0
34.5,1,16,17,2015,6002000.0
45.6,1,2,25,2022,6566000.0
34.5,1,16,17,2022,4929000.0
67.6,2,2,12,2023,9664000.0
35.4,1,2,5,1960,3894000.0
66.8,3,16,17,2012,8764000.0
27.2,1,1,17,2009,3634000.0
85.3,3,16,17,2012,12059000.0
41.2,1,3,12,2019,6776000.0
33.2,1,1,9,1995,4981000.0
49.7,2,4,17,2017,6939000.0
30.0,1,17,17,2017,4235000.0
81.9,3,4,25,2003,8869000.0
45.3,1,3,5,1962,4637000.0
46.9,2,9,9,1990,5695000.0
68.4,3,1,9,1981,7773000.0
69.2,2,14,17,2006,10073000.0
41.2,1,3,5,1961,5117000.0
31.0,1,1,5,1975,3930000.0
50.9,2,7,25,2004,8199000.0
48.9,1,1,5,1980,5498000.0
54.5,2,4,17,2007,6983000.0
75.5,3,1,9,1982,8776000.0
72.5,3,4,17,2010,10820000.0
34.6,1,3,12,2019,5286000.0
42.5,1,18,25,2009,6049000.0
39.6,1,17,25,2000,5252000.0
64.0,2,4,5,1965,7368000.0
52.2,2,1,5,1966,5835000.0
61.2,3,9,9,1991,6843000.0
51.5,2,2,12,2023,7027000.0
34.3,1,2,17,2015,5396000.0
61.3,2,9,9,1988,6853000.0
37.7,1,1,12,2024,5292000.0
31.4,1,5,5,1983,3910000.0
26.1,1,1,17,2002,3309000.0
55.7,1,23,25,2008,7523000.0
65.4,2,9,9,1984,9210000.0
61.9,2,6,9,1977,7878000.0
37.9,1,2,5,1971,4415000.0
99.5,4,6,12,2003,13189000.0
54.9,2,9,12,2011,9196000.0
32.4,1,3,5,1981,4205000.0
39.1,1,9,9,1997,5909000.0
61.3,2,8,9,1987,6947000.0
102.6,4,12,12,2023,12383000.0
41.6,2,7,12,2006,4536000.0
79.6,3,2,5,1978,11347000.0
58.3,2,6,17,2017,7012000.0
64.6,2,3,17,2017,9527000.0
56.2,2,7,9,1983,8297000.0
66.0,2,4,5,1966,8413000.0
44.7,2,10,17,2006,6435000.0
70.6,3,14,25,2020,11308000.0
36.0,1,5,9,1987,4438000.0
59.2,2,8,9,1980,7726000.0
63.1,2,2,5,1966,7249000.0
58.1,2,3,12,2012,8148000.0
28.9,1,3,5,1984,3839000.0
59.6,2,2,9,1994,8790000.0
53.9,2,1,12,2005,7753000.0
54.8,2,10,12,2016,7701000.0
83.4,3,6,9,1997,9617000.0
52.2,2,6,9,1994,6325000.0
44.0,1,10,12,2017,7863000.0
89.1,4,4,5,1979,11828000.0
71.8,3,1,5,1967,6506000.0
31.3,1,12,17,2017,5459000.0
35.3,1,2,5,1974,4084000.0
34.3,1,14,17,2000,5109000.0
51.4,2,15,25,2000,6462000.0
75.0,3,7,9,1981,11007000.0
67.4,3,8,9,1990,7982000.0
62.9,3,4,12,2022,8053000.0
42.5,1,1,17,2019,5503000.0
50.9,2,8,25,2013,9171000.0
33.3,1,3,17,2020,5170000.0
40.0,1,1,5,1971,3966000.0
68.8,2,2,12,2004,8722000.0
35.1,1,6,9,1981,3726000.0
68.3,2,5,9,1986,9176000.0
61.2,2,3,5,1978,6584000.0
94.0,3,1,5,1964,10465000.0
42.5,1,8,17,2006,6566000.0
80.1,3,3,9,1981,9569000.0
108.2,4,2,9,1987,14571000.0
74.9,3,8,9,1999,10679000.0
74.4,3,16,17,2019,10686000.0
71.6,2,15,17,2016,9544000.0
46.9,2,5,9,1979,6032000.0
58.8,2,1,5,1973,6617000.0
58.1,2,1,9,1985,6962000.0
55.1,2,10,25,2019,8112000.0
81.4,3,3,12,2018,11842000.0
53.7,2,5,12,2022,8175000.0
43.6,1,2,12,2024,7612000.0
49.4,2,3,9,1978,5300000.0
30.7,1,4,17,2021,4196000.0
50.4,2,4,12,2016,7332000.0
26.6,1,3,5,1976,3090000.0
68.9,2,1,5,1962,7214000.0
71.6,3,1,12,2013,7911000.0
65.3,2,25,25,2020,8228000.0
33.2,1,9,9,1980,4870000.0
56.6,2,11,17,2024,8234000.0
49.1,1,6,17,2024,6661000.0
64.7,2,1,9,1984,7272000.0
64.6,2,3,5,1976,8685000.0
77.4,3,5,5,1961,9042000.0
30.4,1,12,17,2011,3792000.0
50.3,2,5,5,1983,5549000.0
77.0,3,5,9,1995,10100000.0
111.2,4,1,12,2015,13429000.0
38.5,1,17,17,2015,4560000.0
67.0,2,5,5,1962,6209000.0
41.2,1,5,9,1999,5119000.0
55.4,2,8,9,1992,5965000.0
31.7,1,10,12,2006,4330000.0
79.6,3,15,17,2009,12115000.0
50.8,1,4,5,1967,5713000.0
53.7,2,13,17,2017,8626000.0
67.2,2,11,12,2016,9731000.0
101.7,4,10,12,2002,12757000.0
49.4,2,9,12,2007,5735000.0
44.2,1,3,9,1994,6724000.0
34.9,1,3,5,1964,4192000.0
38.3,1,7,12,2024,4943000.0
76.1,3,3,12,2019,11173000.0
64.6,2,1,12,2011,7747000.0
62.0,2,2,9,1999,8409000.0
28.6,1,11,25,2005,4176000.0
70.4,3,10,12,2022,11295000.0
57.7,2,4,5,1983,6439000.0
95.3,4,1,9,1984,10724000.0
58.0,2,7,17,2009,9227000.0
44.2,1,15,17,2000,7730000.0
74.6,2,6,9,1983,10367000.0
38.1,1,7,17,2017,5905000.0
46.1,2,7,9,1977,5797000.0
55.3,2,1,9,1975,6972000.0
25.6,1,10,17,2009,3604000.0
31.5,1,15,17,2002,4790000.0
38.0,1,8,12,2017,6931000.0
78.7,3,3,17,2006,10455000.0
40.7,1,4,5,1966,3897000.0
32.5,1,6,17,2021,4512000.0
24.1,1,9,9,1984,3072000.0
70.4,2,2,5,1972,7713000.0
55.5,2,2,9,1978,6587000.0
61.0,3,2,9,1986,7305000.0
37.4,1,6,9,1977,4988000.0
58.9,2,3,9,1997,7128000.0
45.0,2,1,5,1975,4624000.0
103.1,4,2,9,1985,13972000.0
40.3,1,7,12,2002,5402000.0
44.0,1,4,9,1999,6565000.0
66.8,2,2,9,1982,8376000.0
38.8,1,12,17,2006,5542000.0
42.0,1,12,17,2013,6641000.0
62.5,2,4,17,2001,6913000.0
61.2,2,4,9,1984,8075000.0
65.9,2,16,17,2002,9492000.0
68.5,2,1,5,1983,8412000.0
39.7,2,1,5,1970,4073000.0
46.5,2,3,9,1993,6111000.0
57.6,2,6,17,2007,6056000.0
56.2,2,7,9,1994,6920000.0
32.5,1,5,5,1964,3730000.0
39.4,1,1,5,1968,4924000.0
64.7,2,9,17,2012,10893000.0
54.2,2,8,12,2010,7380000.0
76.3,3,1,9,1976,8807000.0
62.0,2,11,12,2011,8648000.0
42.5,1,12,12,2002,4768000.0
40.3,1,3,12,2014,6318000.0
25.0,1,8,9,1975,3701000.0
67.5,2,16,17,2023,9630000.0
63.1,2,9,9,1985,6917000.0
73.4,2,4,12,2024,11003000.0
61.8,2,4,5,1969,7195000.0
74.0,3,6,9,1999,12177000.0
101.4,4,4,9,1977,12787000.0
52.9,2,9,12,2013,7646000.0
86.5,3,2,5,1980,7382000.0
59.9,2,3,17,2015,8491000.0
79.7,3,4,9,1983,11502000.0
69.3,3,2,12,2013,9650000.0
113.9,4,10,17,2020,16921000.0
64.0,2,8,12,2000,9003000.0
58.9,3,17,17,2000,6976000.0
59.6,2,10,12,2003,9550000.0
42.5,1,6,9,1997,5973000.0
58.0,2,1,17,2022,7168000.0
85.5,3,6,9,1997,11088000.0
31.8,1,7,12,2021,5520000.0
58.4,2,15,17,2000,6736000.0
51.7,2,2,9,1993,6978000.0
54.3,2,9,9,1995,6887000.0
61.4,3,8,9,1986,6410000.0
77.6,3,10,17,2019,11815000.0
56.0,2,4,25,2003,7872000.0
40.8,1,4,12,2008,6406000.0
64.8,2,12,12,2006,9513000.0
46.7,2,8,25,2024,6915000.0
54.7,2,1,5,1973,5586000.0
38.9,1,8,9,1997,4601000.0
66.4,2,12,17,2025,9285000.0
34.9,1,15,17,2002,4921000.0
35.1,2,13,17,2014,4544000.0
48.4,1,7,9,1985,6708000.0
59.6,2,2,5,1969,6391000.0
40.0,1,1,9,1994,4038000.0
112.7,4,1,9,1989,11555000.0
58.0,2,7,9,1999,7962000.0
46.7,1,5,17,2016,6082000.0
62.1,2,4,5,1978,6957000.0
83.4,3,10,17,2010,10667000.0
72.9,3,6,9,1994,8849000.0
50.0,2,12,12,2015,7035000.0
48.5,1,2,5,1963,6096000.0
50.9,2,6,9,1981,6043000.0
91.7,3,1,5,1970,8480000.0
65.1,2,2,25,2019,9640000.0
73.1,3,6,17,2025,11124000.0
33.0,1,9,9,1998,5043000.0
55.3,1,2,9,1991,8287000.0
74.4,3,8,25,2018,9161000.0
51.2,2,9,9,1984,6058000.0
41.0,1,2,5,1974,5339000.0
62.1,2,9,12,2005,7851000.0
79.3,3,23,25,2012,10528000.0
29.2,1,1,5,1962,3298000.0
51.7,1,6,9,1982,6847000.0
27.6,1,2,25,2006,3952000.0
74.4,3,2,5,1964,7745000.0
74.1,3,1,5,1977,6759000.0
53.2,2,12,12,2020,7180000.0
43.9,2,8,17,2015,6256000.0
27.7,1,3,9,1983,3067000.0
34.1,1,3,25,2010,4985000.0
79.7,3,9,12,2020,11758000.0
48.4,1,5,5,1978,5430000.0
55.0,2,9,25,2013,8165000.0
55.4,2,9,9,1981,6741000.0
30.2,1,4,9,1986,3851000.0
51.8,2,12,12,2018,6863000.0
58.0,2,7,9,1982,7021000.0
53.2,2,5,5,1980,5734000.0
34.2,1,5,5,1964,3990000.0
39.0,1,5,9,1980,4571000.0
60.6,2,13,17,2010,7877000.0
105.3,4,1,12,2025,13920000.0
36.0,1,15,25,2021,5336000.0
107.2,4,9,9,1977,11740000.0
55.8,2,6,9,1985,5869000.0
84.2,3,3,5,1982,9672000.0
48.5,1,3,5,1984,7386000.0
21.9,1,1,9,1986,2131000.0
41.3,1,8,17,2000,6778000.0
65.5,2,18,25,2003,9211000.0
103.2,4,12,25,2019,13361000.0
45.7,1,1,9,1975,5041000.0
64.4,2,11,17,2005,9994000.0
35.1,1,9,9,1976,3237000.0
65.1,2,1,5,1972,7997000.0
24.6,1,15,17,2015,3748000.0
33.8,1,9,12,2010,5416000.0
39.2,1,4,5,1973,4010000.0
74.9,3,1,9,1980,7913000.0
28.8,1,6,9,1990,2958000.0
36.2,1,8,17,2016,6039000.0
37.8,1,9,9,1984,4221000.0
97.9,4,15,25,2020,12099000.0
68.4,2,4,5,1981,6876000.0
52.4,2,2,9,1987,7007000.0
57.0,2,9,9,1987,6983000.0
40.5,1,9,12,2001,5256000.0
52.8,2,8,9,1975,6571000.0
36.1,1,3,17,2022,5075000.0
62.6,2,14,17,2000,6983000.0
47.9,2,3,25,2006,6404000.0
69.0,2,17,17,2012,10849000.0
36.7,1,4,17,2016,5999000.0
26.9,1,5,12,2008,4059000.0
74.7,3,15,17,2012,10529000.0
56.2,2,3,9,1990,7025000.0
23.0,1,6,9,1979,3147000.0
43.9,1,6,9,1996,6371000.0
70.9,3,7,9,1981,8484000.0
78.4,3,9,9,1975,8917000.0
103.2,4,20,25,2007,11298000.0
37.8,1,5,9,1980,4607000.0
50.9,2,3,5,1971,5335000.0
42.3,1,2,12,2001,5214000.0
54.8,2,4,5,1960,6472000.0
35.4,1,5,5,1974,3659000.0
34.5,1,7,9,1991,4995000.0
31.7,1,6,9,1994,4763000.0
51.9,2,8,9,1977,6313000.0
55.9,2,10,17,2005,7257000.0
57.6,2,14,17,2015,9138000.0
73.0,3,8,9,1984,9421000.0
54.3,2,4,9,1987,7783000.0
67.0,2,7,9,1982,7482000.0
101.9,4,3,17,2016,13415000.0
66.7,2,1,5,1966,6822000.0
38.8,1,5,5,1983,4884000.0
97.5,4,9,17,2004,13346000.0
38.6,1,9,9,1982,4803000.0
59.5,2,2,5,1960,7608000.0
28.0,1,8,9,1976,3388000.0
47.7,2,6,25,2003,5852000.0
56.1,2,13,17,2000,7088000.0
29.9,1,1,17,2020,3750000.0
33.6,2,3,9,1984,4051000.0
80.7,3,1,12,2002,9338000.0
27.3,1,10,25,2001,3742000.0
54.4,2,1,25,2006,6950000.0
34.4,1,1,9,1976,3713000.0
68.8,3,4,17,2024,10957000.0
64.2,2,5,5,1965,5685000.0
79.7,3,7,9,1982,7509000.0
42.8,1,7,12,2002,6632000.0
45.3,1,5,9,1995,6767000.0
41.4,1,6,25,2018,6987000.0
36.1,1,2,5,1968,4648000.0
50.3,2,5,12,2000,6810000.0
99.6,4,7,25,2007,12654000.0
68.5,2,14,25,2005,7949000.0
97.1,4,1,5,1982,10395000.0
27.7,1,6,9,1976,2982000.0
79.9,3,12,12,2022,13536000.0
34.3,1,2,5,1973,3813000.0
71.7,3,4,25,2000,9325000.0
37.7,1,3,25,2006,6211000.0
73.6,3,1,5,1970,7317000.0
50.3,1,3,5,1975,6068000.0
44.9,1,5,5,1983,4104000.0
64.7,2,6,25,2001,7642000.0
63.3,2,5,5,1977,7773000.0
55.3,2,3,9,1993,8483000.0
115.8,4,3,9,1984,12475000.0
55.8,2,2,12,2003,7798000.0
54.3,2,1,5,1983,7811000.0
46.4,1,8,9,1977,6192000.0
69.1,2,19,25,2012,10780000.0
53.5,2,9,25,2005,6826000.0
87.9,3,14,17,2009,13805000.0
62.3,2,4,5,1967,6770000.0
50.1,2,2,9,1984,5780000.0
27.1,1,10,12,2001,4363000.0
31.0,1,9,9,1994,3755000.0
65.5,2,6,25,2014,9380000.0
34.3,1,1,12,2000,5013000.0
38.2,1,5,5,1970,4030000.0
37.7,1,10,25,2023,5634000.0
75.2,3,25,25,2000,8790000.0
36.7,1,5,5,1984,4396000.0
69.5,3,6,12,2021,9943000.0
36.8,1,7,9,1990,5586000.0
34.3,1,4,9,1986,5252000.0
60.9,2,1,5,1971,6624000.0
64.8,2,5,12,2018,8744000.0
45.9,2,2,25,2012,6966000.0
50.4,2,8,12,2007,7025000.0
46.5,1,4,5,1961,5460000.0
54.7,2,1,12,2018,6424000.0
70.2,2,7,9,1988,7567000.0
45.6,1,12,17,2022,6940000.0
72.0,3,2,9,1975,7548000.0
60.2,2,3,5,1984,7202000.0
55.7,2,1,5,1968,6753000.0
63.0,3,15,17,2018,8812000.0
68.6,3,9,9,1988,9011000.0
53.6,2,2,17,2003,7564000.0
21.4,1,3,9,1976,2847000.0
68.4,3,9,9,1984,7510000.0
37.3,1,1,9,1989,4990000.0
29.9,1,2,25,2000,4306000.0
37.6,1,16,25,2010,5326000.0
55.3,2,2,9,1990,7396000.0
70.6,3,3,9,1987,8124000.0
77.4,2,2,5,1967,8771000.0
108.8,4,3,12,2008,14168000.0
23.1,1,2,9,1989,2917000.0
42.1,1,24,25,2024,7477000.0
53.4,2,8,25,2025,7650000.0
95.9,4,8,9,1979,13398000.0
57.6,2,2,9,1995,7686000.0
37.3,1,13,17,2020,5512000.0
37.3,1,7,17,2021,5380000.0
39.8,1,4,5,1979,5287000.0
39.0,1,5,9,1992,5737000.0
39.8,1,7,9,1976,3734000.0
89.2,3,8,9,1996,11500000.0
43.3,2,1,5,1964,3592000.0
54.9,2,2,5,1979,7447000.0
36.6,1,6,12,2015,5975000.0
24.2,1,9,9,1990,3090000.0
44.6,2,5,5,1981,5391000.0
66.0,3,6,9,1978,6733000.0
51.9,2,17,17,2025,6966000.0
78.2,3,12,17,2019,10382000.0
67.9,3,3,9,1996,8356000.0
32.2,1,5,9,1985,4584000.0
36.2,1,7,25,2019,6156000.0
52.4,2,3,9,1990,7212000.0
53.7,2,9,9,1999,6654000.0
41.7,1,4,9,1997,5323000.0
60.0,2,2,5,1971,7205000.0
65.2,2,2,9,1980,8330000.0
70.4,3,3,25,2015,9585000.0
43.1,1,5,12,2018,6045000.0
27.4,1,3,9,1985,3809000.0
46.0,2,5,25,2011,6977000.0
61.6,2,4,5,1963,6127000.0
61.3,2,3,9,1987,7547000.0
70.6,3,12,12,2001,9512000.0
68.8,3,6,12,2018,10650000.0
60.8,2,5,5,1970,6885000.0
26.1,1,4,9,1975,3385000.0
49.1,2,9,12,2008,7041000.0
54.6,2,6,12,2009,8400000.0
88.8,3,5,12,2002,10432000.0
100.9,4,3,9,1982,12144000.0
54.2,2,5,5,1975,5689000.0
61.5,2,5,9,1978,8384000.0
49.0,1,4,5,1970,5355000.0
40.7,1,4,25,2007,6090000.0
32.8,1,6,9,1981,3846000.0
28.8,1,3,9,1994,4217000.0
72.5,2,10,17,2014,10842000.0
33.3,1,1,9,1997,4233000.0
58.8,2,7,9,1982,8806000.0
61.8,2,16,17,2009,8069000.0
55.4,2,4,17,2018,8808000.0
56.7,2,9,12,2004,8717000.0
50.5,1,4,5,1962,6487000.0
101.9,4,2,12,2006,12339000.0
43.0,1,17,17,2005,5688000.0
87.2,3,3,5,1976,9661000.0
50.8,1,7,9,1984,6426000.0
61.4,2,6,17,2020,8246000.0
32.6,1,3,5,1979,4004000.0
32.0,1,12,17,2014,5425000.0
68.3,2,9,9,1976,7652000.0
53.8,2,3,9,1975,6593000.0
26.2,1,1,5,1971,2686000.0
77.5,2,5,17,2012,10998000.0
43.2,1,1,9,1986,5537000.0
53.6,2,8,12,2011,7959000.0
76.6,3,7,12,2006,11748000.0
67.5,3,15,17,2006,7969000.0
51.4,2,11,25,2005,6565000.0
27.7,1,2,12,2012,3895000.0
20.0,1,9,9,1995,2995000.0
102.1,4,5,25,2008,13769000.0
41.1,1,7,12,2015,5235000.0
89.2,3,4,9,1976,11669000.0
70.3,2,4,5,1970,8418000.0
103.9,4,1,17,2002,13012000.0
59.2,2,8,9,1983,8625000.0
65.1,2,1,12,2011,7483000.0
49.8,2,3,9,1976,7027000.0
92.3,4,2,5,1978,10545000.0
97.1,4,9,12,2005,12041000.0
50.9,2,4,5,1982,6472000.0
74.1,3,4,9,1992,8267000.0
54.7,2,2,12,2012,7759000.0
79.1,3,1,9,1988,8647000.0
80.0,3,10,17,2007,9777000.0
59.9,2,7,17,2008,7837000.0
54.0,2,10,17,2012,8548000.0
53.5,2,3,5,1976,6402000.0
56.9,2,4,5,1965,5934000.0
85.7,3,11,12,2019,12662000.0
54.5,2,9,25,2009,8241000.0
33.0,1,17,17,2010,4561000.0
54.8,2,9,17,2009,6746000.0
38.0,1,9,9,1995,3680000.0
49.6,2,5,9,1980,5600000.0
70.0,3,8,9,1980,9295000.0
50.6,2,3,5,1974,6695000.0
74.5,3,1,5,1966,6941000.0
30.7,1,14,25,2024,4606000.0
72.1,3,2,9,1986,9518000.0
55.2,2,5,9,1994,7184000.0
46.0,1,3,5,1968,6090000.0
55.4,2,11,25,2000,7426000.0
92.3,4,6,12,2024,13485000.0
48.1,1,6,12,2023,7125000.0
61.1,2,7,25,2015,8099000.0
78.1,3,3,9,1992,11046000.0
45.3,1,8,12,2022,5870000.0
59.1,2,1,5,1966,5809000.0
58.9,2,3,5,1977,7141000.0
36.0,1,6,17,2007,5620000.0
66.1,2,17,17,2021,8431000.0
30.5,1,3,9,1989,4117000.0
85.6,3,2,9,1980,8857000.0
56.1,1,12,12,2020,8420000.0
45.2,1,2,5,1971,6563000.0
60.8,2,8,9,1989,6314000.0
54.3,2,2,9,1998,6759000.0
52.6,1,6,9,1989,7597000.0
70.1,3,9,17,2009,12336000.0
79.2,3,5,9,1983,10210000.0
77.8,3,3,5,1973,8388000.0
39.2,2,3,12,2020,5663000.0
78.7,3,2,17,2013,9538000.0
73.4,3,8,9,1991,10003000.0
38.3,2,1,5,1970,4510000.0
44.6,1,6,9,1980,6514000.0
33.8,1,3,17,2011,4775000.0
48.4,2,8,12,2016,6424000.0
84.2,3,1,17,2004,11605000.0
50.2,2,6,25,2005,7894000.0
52.2,2,11,17,2002,6421000.0
42.8,1,11,12,2000,5754000.0
24.0,1,8,9,1992,3496000.0
55.3,2,5,5,1973,6152000.0
103.9,4,20,25,2011,13813000.0
50.6,2,9,9,1986,5227000.0
72.9,3,5,5,1970,7050000.0
38.7,1,12,12,2018,5470000.0
63.0,2,4,9,1977,7172000.0
69.7,2,8,12,2001,8386000.0
88.7,3,8,12,2021,12243000.0
45.3,1,8,9,1981,5315000.0
39.6,1,17,17,2020,5709000.0
31.9,1,2,9,1997,4837000.0
82.3,3,4,9,1986,9850000.0
34.6,1,10,12,2018,4974000.0
27.8,1,2,12,2020,4658000.0
56.7,2,11,17,2012,8650000.0
66.8,2,3,9,1993,9479000.0
70.9,3,9,12,2003,7036000.0
97.1,3,1,5,1981,10072000.0
55.9,2,14,25,2011,7461000.0
68.2,3,9,9,1978,7075000.0
52.3,2,7,17,2012,8216000.0
52.7,1,4,5,1979,6352000.0
71.6,3,1,9,1981,6695000.0
52.2,2,3,9,1980,6636000.0
60.9,2,15,17,2011,8615000.0
64.1,2,8,12,2011,8237000.0
43.3,2,4,25,2015,6861000.0
47.8,1,2,9,1987,6650000.0
57.4,2,8,9,1991,7873000.0
76.7,3,3,5,1967,9088000.0
53.6,2,10,17,2000,8046000.0
34.9,1,9,9,1986,4293000.0
103.5,4,15,17,2024,12636000.0
32.6,1,5,25,2019,4812000.0
46.5,1,22,25,2006,5555000.0
57.6,1,2,12,2020,7790000.0
38.2,1,2,12,2011,6484000.0
69.9,2,13,17,2025,9297000.0
59.4,2,2,5,1978,6446000.0
78.9,3,4,12,2012,11583000.0
105.0,4,5,5,1983,12759000.0
76.9,3,5,9,1984,7838000.0
62.0,2,1,5,1961,6483000.0
61.8,2,4,5,1962,6655000.0
72.1,3,3,9,1986,9191000.0
58.1,2,8,9,1979,6959000.0
83.8,3,1,12,2004,8676000.0
60.7,2,1,5,1964,5983000.0
47.6,2,4,12,2006,7017000.0
53.7,2,3,5,1967,7488000.0
52.4,2,9,12,2023,8076000.0
46.9,2,8,12,2018,6558000.0
60.3,2,3,12,2023,7889000.0
60.9,2,14,17,2015,8620000.0
89.5,3,9,9,1984,10005000.0
95.4,4,3,17,2012,13082000.0
34.2,1,4,9,1976,4274000.0
46.1,1,9,9,1978,5823000.0
60.0,2,12,12,2001,7469000.0
70.8,2,4,5,1980,10286000.0
41.5,1,11,12,2002,6186000.0
38.3,1,3,12,2009,5158000.0
73.2,3,7,9,1985,9893000.0
70.4,3,1,5,1962,6180000.0
57.4,2,2,5,1964,6040000.0
55.0,2,24,25,2019,7391000.0
59.0,2,1,12,2005,8312000.0
49.5,1,4,5,1980,6225000.0
62.1,2,6,9,1987,7451000.0
26.8,1,6,12,2004,3868000.0
49.9,2,7,17,2002,7180000.0
36.3,1,3,5,1979,5362000.0
53.5,2,5,9,1986,5798000.0
65.3,2,5,17,2002,10039000.0
56.2,2,4,5,1978,5481000.0
33.6,1,6,9,1989,4884000.0
45.2,1,23,25,2009,7312000.0
57.5,2,10,12,2024,9602000.0
20.0,1,1,9,1980,2436000.0
33.6,1,1,5,1975,3381000.0
59.9,2,1,5,1974,6993000.0
75.9,3,3,9,1976,7996000.0
42.7,1,4,17,2016,5765000.0
62.1,2,7,9,1990,7688000.0
79.9,3,14,17,2002,10171000.0
77.2,3,16,25,2018,11137000.0
36.3,1,2,9,1978,4285000.0
73.1,3,2,5,1979,9029000.0
53.3,2,10,12,2004,6328000.0
103.9,4,7,25,2012,13878000.0
55.7,2,15,17,2019,7915000.0
74.1,3,4,5,1961,8957000.0
77.7,3,9,12,2011,11835000.0
57.2,2,7,12,2016,8118000.0
80.8,3,24,25,2009,8833000.0
27.0,1,2,5,1982,2974000.0
36.7,1,3,12,2008,5892000.0
53.0,2,17,17,2008,6942000.0
81.8,3,7,9,1991,12122000.0
60.7,2,8,9,1983,8319000.0
57.2,2,2,5,1973,7047000.0
62.1,2,9,9,1991,7785000.0
36.2,1,4,9,1991,4308000.0
63.2,2,25,25,2001,7646000.0
66.4,2,3,9,1989,8933000.0
95.5,4,8,9,1985,10954000.0
29.0,1,11,12,2021,4611000.0
60.4,2,2,5,1984,8416000.0
26.6,1,3,9,1979,3329000.0
43.9,1,17,17,2008,5760000.0
49.6,2,5,17,2008,6316000.0
62.1,2,4,12,2013,9601000.0
36.0,1,1,12,2007,5009000.0
49.4,1,2,5,1970,7358000.0
87.2,3,9,25,2011,12162000.0
90.8,4,3,5,1966,9781000.0
29.0,1,2,17,2002,4275000.0
61.3,2,7,9,1977,7286000.0
46.6,1,12,25,2013,6254000.0
66.9,3,12,17,2003,8955000.0
61.3,2,16,17,2024,9545000.0
77.7,3,9,9,1988,9671000.0
40.7,1,6,9,1988,5641000.0
52.2,2,11,12,2002,7883000.0
66.7,2,12,17,2012,9973000.0
41.8,1,5,5,1967,4913000.0
36.9,1,18,25,2023,4933000.0
57.1,2,13,17,2005,8084000.0
56.4,2,4,9,1976,6753000.0
39.8,1,12,17,2005,5039000.0
58.9,2,1,12,2019,8131000.0
27.3,1,1,9,1988,3429000.0
24.8,1,6,9,1981,3326000.0
61.9,2,2,12,2016,9434000.0
38.8,1,16,17,2002,5532000.0
70.3,2,1,9,1988,7935000.0
48.1,2,11,12,2023,8398000.0
55.3,2,10,12,2000,7596000.0
56.4,2,16,17,2025,6286000.0
86.8,4,1,5,1971,6590000.0
55.5,2,2,17,2002,8488000.0
62.4,2,8,9,1993,6696000.0
21.5,1,6,9,1986,2674000.0
67.0,2,6,9,1998,7900000.0
48.6,2,7,9,1988,6060000.0
40.0,1,5,17,2000,5803000.0
46.1,2,4,9,1979,5316000.0
34.0,1,4,17,2006,4471000.0
40.3,1,5,5,1979,5236000.0
38.2,1,7,9,1993,6544000.0
46.8,2,6,25,2025,7373000.0
69.0,3,13,17,2005,8386000.0
31.3,1,4,9,1995,4654000.0
61.3,2,4,12,2017,10435000.0
35.8,1,4,9,1980,5071000.0
33.9,1,1,9,1985,3379000.0
82.6,3,8,17,2002,11491000.0
57.8,2,7,17,2008,7713000.0
30.1,1,5,9,1977,3821000.0
36.2,1,3,25,2024,5354000.0
80.3,3,11,12,2005,11540000.0
29.6,1,1,9,1998,3560000.0
34.1,1,7,12,2008,5620000.0
54.4,2,11,12,2007,7576000.0
60.1,2,3,12,2001,7986000.0
60.0,2,4,9,1993,8336000.0
78.1,3,5,12,2023,11616000.0
27.7,1,5,5,1975,3491000.0
51.2,2,12,17,2004,6952000.0
41.5,1,8,12,2009,6817000.0
59.9,2,5,5,1979,7725000.0
76.8,3,9,17,2021,10931000.0
55.2,2,3,25,2011,8457000.0
64.7,2,11,25,2011,8918000.0
64.2,3,1,9,1980,7336000.0
34.1,1,1,5,1973,4119000.0
65.4,2,12,12,2006,8835000.0
85.2,3,2,5,1980,9395000.0
49.1,2,13,25,2000,5853000.0
33.4,1,1,5,1973,3836000.0
39.7,1,2,9,1989,4908000.0
33.8,1,2,9,1987,4936000.0
38.1,1,7,9,1998,4481000.0
49.0,2,9,17,2000,7506000.0
41.5,1,8,9,1994,5681000.0
38.3,1,4,5,1978,4444000.0
53.3,2,2,9,1993,6688000.0
61.8,2,3,12,2005,8366000.0
59.0,2,2,5,1983,7779000.0
61.1,2,5,12,2004,7378000.0
34.9,1,9,12,2021,4793000.0
32.7,1,13,17,2021,4806000.0
43.5,1,12,25,2016,6461000.0
63.2,2,19,25,2014,9702000.0
44.8,1,9,25,2006,6587000.0
52.9,2,3,9,1991,6624000.0
26.4,1,2,5,1971,3319000.0
68.9,3,8,9,1981,8451000.0
59.8,2,16,17,2012,8285000.0
50.0,2,17,25,2007,7046000.0
74.1,3,4,17,2003,7716000.0
61.4,2,4,5,1967,7837000.0
55.1,2,18,25,2021,8555000.0
67.5,3,7,9,1990,9746000.0
53.5,2,5,5,1975,5663000.0
80.3,3,6,9,1996,10938000.0
64.3,2,3,5,1970,6165000.0
89.6,3,6,12,2008,9990000.0
35.9,1,6,9,1996,4814000.0
36.9,1,8,9,1985,4552000.0
61.8,2,10,12,2004,9395000.0
30.6,1,16,17,2009,4957000.0
43.3,1,4,12,2025,7535000.0
40.4,1,8,9,1980,5482000.0
57.8,2,9,17,2015,8846000.0
79.2,3,13,25,2011,9463000.0
62.7,2,5,5,1967,7927000.0
91.3,3,4,12,2024,14808000.0
56.6,2,1,9,1987,5622000.0
32.3,1,3,5,1972,4172000.0
34.0,1,1,12,2015,4293000.0
65.1,2,7,17,2025,11529000.0
41.0,1,4,5,1970,4522000.0
49.3,1,1,17,2023,6854000.0
46.9,2,14,17,2007,6655000.0
58.8,2,17,25,2022,8642000.0
64.4,2,2,9,1987,10016000.0
65.6,3,14,25,2000,10050000.0
47.4,2,1,9,1994,4708000.0
64.3,2,5,12,2019,9850000.0
96.9,4,3,5,1978,11141000.0
42.8,1,5,5,1963,5205000.0
47.3,2,5,17,2001,6566000.0
74.7,3,5,9,1993,8731000.0
60.2,2,8,9,1993,7090000.0
69.7,3,2,5,1969,7634000.0
50.6,2,2,12,2016,7218000.0
59.5,2,4,5,1982,7594000.0
25.1,1,9,17,2019,3568000.0
98.5,4,3,5,1967,12602000.0
80.8,3,4,5,1968,9667000.0
79.9,3,2,9,1992,11006000.0
61.7,2,4,9,1976,7412000.0
38.7,1,8,9,1992,4683000.0
20.0,1,2,9,1982,2812000.0
67.4,3,20,25,2001,7988000.0
50.7,2,10,12,2021,5954000.0
48.6,1,5,5,1975,6104000.0
64.0,2,1,9,1979,6577000.0
68.0,2,16,17,2009,9230000.0
63.8,2,2,9,1983,8581000.0
64.9,2,1,5,1961,6006000.0
50.5,2,1,17,2015,5489000.0
75.5,3,2,12,2015,11794000.0
31.1,1,4,12,2016,4607000.0
30.2,1,4,5,1961,3977000.0
64.4,2,5,5,1964,7480000.0
104.9,4,4,12,2007,14578000.0
54.6,2,4,9,1998,7449000.0
64.6,2,9,12,2001,8923000.0
51.4,2,6,12,2011,8102000.0
59.7,2,3,9,1987,8266000.0
90.1,4,6,25,2015,11417000.0
77.5,3,13,17,2004,10834000.0
48.4,2,7,17,2011,6427000.0
53.1,2,5,5,1974,5898000.0
42.3,1,4,5,1961,5230000.0
50.4,2,1,9,1986,5415000.0
50.0,2,5,5,1982,6035000.0
61.9,2,13,25,2009,9023000.0
41.0,1,3,5,1967,4772000.0
61.9,3,4,9,1995,8514000.0
67.5,2,8,9,1985,8189000.0
53.0,2,6,12,2011,8210000.0
32.0,1,5,5,1976,3872000.0
43.0,2,5,9,1981,5452000.0
80.4,3,9,9,1989,8692000.0
51.2,2,10,17,2018,7275000.0
55.0,2,3,5,1961,6357000.0
39.6,1,23,25,2005,6225000.0
52.3,2,13,17,2001,6880000.0
73.2,3,4,9,1988,10043000.0
56.4,2,10,17,2025,7793000.0
79.4,3,2,5,1967,9274000.0
83.5,3,3,25,2015,11037000.0
63.8,3,1,12,2018,9338000.0
83.4,3,9,9,1992,11405000.0
41.5,1,1,9,1998,5321000.0
73.5,3,2,5,1972,8053000.0
39.4,1,9,25,2005,4766000.0
36.6,1,5,5,1963,4263000.0
40.3,1,4,12,2020,6225000.0
23.6,1,9,9,1984,3174000.0
59.9,2,9,25,2014,7323000.0
49.2,2,2,9,1997,6670000.0
41.9,1,3,12,2011,6383000.0
48.6,2,3,9,1994,5836000.0
65.4,2,16,17,2011,9366000.0
90.0,3,5,5,1966,8918000.0
34.2,1,5,5,1965,3556000.0
28.8,1,3,9,1979,3476000.0
31.5,1,10,17,2018,4604000.0
43.5,1,2,5,1973,6061000.0
64.8,2,6,12,2000,8489000.0
63.4,2,6,9,1998,7790000.0
45.1,1,6,17,2010,7095000.0
51.6,2,6,25,2022,8408000.0
56.5,2,6,12,2021,8999000.0
95.8,4,5,9,1978,12537000.0
38.3,1,7,9,1995,5339000.0
82.5,3,5,5,1973,9257000.0
51.7,2,5,9,1995,6370000.0
46.6,1,11,12,2017,7945000.0
96.0,4,1,12,2005,11074000.0
79.3,3,25,25,2004,9732000.0
63.6,2,3,9,1991,7960000.0
59.2,2,2,12,2024,9376000.0
56.1,2,6,9,1981,7051000.0
38.7,1,8,12,2010,5738000.0
36.5,1,2,9,1988,4686000.0
77.4,3,4,9,1976,8947000.0
77.3,3,2,9,1996,9813000.0
27.6,1,13,17,2016,4697000.0
73.7,3,15,25,2001,7951000.0
58.4,2,2,9,1989,7881000.0
50.4,1,2,5,1966,6700000.0
54.2,2,2,9,1977,5414000.0
64.0,2,5,12,2022,9390000.0
74.9,3,4,5,1965,9207000.0
85.9,3,5,17,2020,11276000.0
50.3,1,12,25,2025,7966000.0
46.7,2,23,25,2008,5923000.0
71.3,3,1,5,1969,7347000.0
77.4,3,2,17,2020,12391000.0
23.4,1,16,17,2020,4141000.0
54.1,2,6,9,1982,6947000.0
76.2,3,2,12,2006,8926000.0
25.9,1,16,17,2000,3505000.0
44.8,2,4,9,1984,4634000.0
67.3,3,6,9,1992,8274000.0
32.6,1,7,9,1990,4785000.0
84.0,3,10,12,2003,9626000.0
32.4,1,5,5,1968,3649000.0
41.5,1,8,25,2022,5812000.0
37.4,1,6,12,2017,6597000.0
35.5,1,5,12,2010,5371000.0
40.4,1,4,5,1971,5383000.0
54.5,2,6,12,2007,7814000.0
40.2,1,1,5,1960,4532000.0
92.9,3,1,5,1967,10471000.0
60.3,2,5,12,2004,8330000.0
49.7,2,7,9,1975,5706000.0
66.8,2,1,12,2002,7438000.0
68.0,2,5,5,1972,9083000.0
44.5,2,1,9,1990,5622000.0
41.5,1,5,5,1982,3961000.0
81.1,3,13,25,2011,10843000.0
45.9,2,6,12,2006,6633000.0
36.4,1,7,12,2007,6108000.0
59.3,2,6,9,1985,6695000.0
51.5,2,5,5,1972,6099000.0
33.5,1,6,25,2010,4679000.0
72.2,3,3,9,1978,7565000.0
53.8,2,9,9,1980,7195000.0
52.0,2,5,12,2022,6943000.0
51.3,2,2,5,1983,7078000.0
90.4,4,10,17,2018,10351000.0
45.0,1,10,12,2020,6476000.0
52.3,2,7,9,1982,6923000.0
34.7,1,3,5,1965,4437000.0
66.4,2,1,5,1976,7598000.0
26.8,1,3,17,2017,4404000.0
32.7,1,9,12,2002,4473000.0
80.9,3,5,9,1986,11373000.0
64.1,2,3,5,1974,8013000.0
32.0,1,4,12,2006,4918000.0
57.6,2,1,12,2012,7636000.0
51.3,2,3,9,1984,6800000.0
28.7,1,7,9,1993,3502000.0
29.8,1,4,9,1983,3503000.0
112.1,4,2,12,2024,14780000.0
55.4,2,14,25,2011,8246000.0
66.8,2,5,5,1970,7074000.0
72.3,3,5,12,2023,10075000.0
61.7,2,2,9,1999,8256000.0
31.8,1,6,9,1982,4691000.0
34.3,1,4,9,1983,4720000.0
41.6,2,1,17,2003,4381000.0
82.7,3,3,9,1994,10735000.0
32.2,1,9,12,2004,4434000.0
34.4,1,7,9,1981,4324000.0
75.0,3,5,5,1968,8092000.0
37.1,1,1,5,1963,4389000.0
55.5,2,9,17,2022,7534000.0
35.6,1,1,5,1971,4015000.0
51.2,2,6,12,2011,7459000.0
63.4,2,7,9,1980,7693000.0
32.7,1,2,9,1987,4044000.0
56.4,2,8,9,1983,6558000.0
67.3,2,8,9,1999,8690000.0
58.9,2,1,5,1968,6677000.0
63.2,2,3,9,1995,8076000.0
57.0,2,2,12,2002,7703000.0
57.7,2,2,12,2012,7252000.0
54.2,2,6,9,1980,6406000.0
45.9,2,7,9,1992,6144000.0
51.1,2,3,5,1982,5331000.0
51.7,2,3,9,1988,7343000.0
32.1,1,5,5,1982,3706000.0
25.7,1,2,17,2001,4240000.0
33.6,1,7,9,1980,4483000.0
83.6,3,8,9,1994,8721000.0
87.6,3,4,9,1981,10864000.0
59.1,2,4,5,1967,6680000.0
34.2,1,1,12,2009,4590000.0
34.3,1,2,5,1972,4916000.0
84.2,3,4,5,1960,9843000.0
75.0,3,7,12,2004,9766000.0
47.9,1,2,9,1999,5732000.0
82.2,3,6,17,2001,11760000.0
59.2,2,2,12,2003,8527000.0
38.1,1,7,9,1998,5889000.0
55.6,2,2,12,2011,7759000.0
58.5,2,3,5,1964,6929000.0
78.3,3,9,12,2023,10967000.0
40.6,1,4,9,1989,5458000.0
25.8,1,5,9,1984,2854000.0
20.0,1,9,12,2025,3183000.0
30.8,1,7,17,2016,4764000.0
52.0,2,8,25,2013,7046000.0
46.8,1,11,12,2006,7107000.0
63.4,2,3,9,1996,9175000.0
49.7,2,4,9,1976,6902000.0
56.0,2,7,9,1997,6722000.0
52.2,2,4,9,1977,6816000.0
69.4,2,2,9,1978,9674000.0
37.8,1,14,25,2015,5413000.0
48.9,1,6,9,1990,7459000.0
42.4,1,9,9,1996,5131000.0
35.8,1,2,9,1977,4553000.0
23.2,1,1,17,2016,2574000.0
36.4,1,8,12,2025,4566000.0
61.6,2,1,12,2016,6761000.0
100.5,4,1,9,1996,12870000.0
45.7,1,10,17,2019,6354000.0
87.5,3,2,5,1966,9081000.0
27.8,1,12,17,2024,4446000.0
45.7,2,12,12,2007,5598000.0
67.4,2,1,9,1993,8932000.0
70.3,3,1,9,1981,9057000.0
29.7,1,8,12,2000,3227000.0
28.7,1,2,5,1975,3778000.0
34.8,1,10,17,2017,4133000.0
55.0,2,2,9,1999,6405000.0
74.2,3,9,9,1982,8952000.0
87.5,3,1,5,1966,8022000.0
65.5,2,2,9,1984,8491000.0
57.5,2,3,9,1976,7027000.0
82.5,3,2,9,1989,8615000.0
60.3,2,6,12,2013,9170000.0
43.8,1,7,9,1976,5671000.0
90.5,3,12,25,2006,12203000.0
38.4,1,6,12,2022,5476000.0
20.0,1,15,17,2021,3156000.0
42.4,1,3,5,1971,4533000.0
54.0,2,2,9,1979,5998000.0
61.0,2,2,9,1980,7812000.0
54.4,1,11,12,2015,8905000.0
56.4,2,12,17,2011,7603000.0
86.0,3,5,5,1968,9703000.0
81.0,3,3,5,1979,9884000.0
68.0,2,6,17,2011,10025000.0
83.7,3,9,9,1984,9052000.0
79.1,3,11,12,2016,10891000.0
37.9,1,5,12,2024,5801000.0
36.9,1,10,17,2023,6494000.0
74.0,2,4,5,1970,7797000.0
40.7,1,1,5,1977,3977000.0
43.4,1,12,12,2003,7580000.0
47.2,2,10,25,2002,6641000.0
53.3,1,5,9,1993,7624000.0
43.9,1,1,9,1980,5384000.0
53.0,2,5,12,2022,8436000.0
59.3,2,16,25,2007,9004000.0
80.5,3,5,17,2006,11652000.0
63.3,2,5,25,2014,10090000.0
55.7,2,5,5,1971,6403000.0
52.8,2,2,5,1974,7056000.0
30.6,1,6,12,2008,5252000.0
41.9,1,10,17,2001,5992000.0
70.1,3,8,9,1994,9387000.0
71.3,2,6,9,1989,8675000.0
80.9,3,11,17,2017,11165000.0
48.8,2,2,5,1972,6041000.0
36.4,1,3,9,1990,4683000.0
59.8,2,9,12,2014,8646000.0
72.5,2,11,12,2010,10571000.0
47.9,2,3,17,2002,7532000.0
48.6,2,7,9,1984,5610000.0
102.5,4,12,12,2016,13715000.0
79.8,3,8,12,2007,10112000.0
78.2,3,7,12,2004,11216000.0
41.0,1,1,12,2020,6056000.0
37.3,1,1,9,1982,5065000.0
51.8,1,5,5,1974,5868000.0
39.3,1,5,5,1970,4630000.0
53.8,2,8,9,1983,7311000.0
63.0,2,10,12,2024,9998000.0
65.0,2,8,17,2025,7298000.0
74.1,3,4,17,2024,9947000.0
63.5,3,10,17,2001,8832000.0
36.4,1,7,9,1981,4584000.0
79.6,3,3,9,1990,10807000.0
41.8,2,4,9,1981,5753000.0
53.0,2,4,5,1963,5939000.0
70.0,3,1,5,1964,7439000.0
29.6,1,4,12,2013,4993000.0
76.6,3,20,25,2021,12028000.0
61.0,2,5,5,1966,6214000.0
73.5,3,5,5,1972,7933000.0
109.7,4,17,17,2017,14180000.0
65.0,2,7,9,1984,7444000.0
25.3,1,16,17,2001,3928000.0
46.8,1,17,17,2012,6100000.0
36.9,1,6,25,2001,5123000.0
43.5,1,3,9,1989,6419000.0
81.1,3,4,12,2004,10317000.0
38.1,1,8,9,1996,5057000.0
107.4,4,4,12,2010,14656000.0
56.9,2,8,9,1980,6771000.0
45.6,1,4,5,1978,6672000.0
45.3,2,9,12,2014,5895000.0
67.9,2,6,12,2003,7170000.0
69.2,2,1,17,2006,9369000.0
57.4,2,13,17,2022,8179000.0
43.5,1,10,12,2021,6074000.0
57.2,2,2,5,1976,7236000.0
45.3,2,10,17,2009,6629000.0
70.6,3,7,12,2021,9294000.0
79.4,3,17,17,2016,11795000.0
33.3,1,24,25,2010,5263000.0
50.7,1,5,5,1980,7385000.0
64.2,2,14,17,2021,9017000.0
111.1,4,3,5,1975,12809000.0
49.6,2,7,9,1981,6327000.0
37.5,1,10,12,2007,5215000.0
27.0,1,1,5,1975,3163000.0
46.9,1,14,17,2015,7293000.0
28.4,1,3,5,1984,3880000.0
58.8,2,5,5,1981,6735000.0
47.4,2,2,12,2022,6858000.0
34.8,1,17,17,2003,4410000.0
33.6,1,21,25,2025,4793000.0
66.2,2,3,17,2006,9126000.0
80.6,3,10,12,2025,13431000.0
59.9,2,8,9,1991,9395000.0
94.0,4,2,5,1962,11343000.0
52.3,2,1,5,1976,5468000.0
31.2,1,9,12,2010,4725000.0
34.5,1,11,12,2007,3944000.0
58.4,2,6,9,1993,7556000.0
65.4,2,2,17,2006,8721000.0
52.8,2,9,12,2017,9088000.0
83.4,3,2,5,1980,10279000.0
57.3,2,3,5,1974,6951000.0
21.2,1,5,17,2018,3162000.0
69.3,3,12,17,2025,9735000.0
59.0,2,4,17,2002,8481000.0
57.1,2,3,5,1975,6465000.0
45.0,2,19,25,2014,6801000.0
46.3,2,5,9,1979,6538000.0
43.4,1,5,5,1973,5169000.0
55.9,2,23,25,2023,8031000.0
39.7,1,8,9,1976,4953000.0
64.3,2,9,12,2003,9871000.0
36.2,1,4,5,1979,4678000.0
44.4,1,4,12,2012,6115000.0
27.1,1,23,25,2015,4347000.0
63.6,2,9,9,1986,7154000.0
70.3,3,11,12,2004,9147000.0
41.4,1,2,5,1981,5447000.0
64.8,2,11,12,2024,8870000.0
50.5,1,6,9,1995,5673000.0
96.2,3,8,9,1986,12404000.0
27.0,1,5,9,1982,2724000.0
52.3,1,5,5,1964,5352000.0
40.4,1,8,25,2002,6133000.0
97.5,4,1,9,1996,11393000.0
69.1,2,6,9,1987,8707000.0
40.2,1,9,9,1978,4411000.0
39.7,1,6,9,1995,5196000.0
36.2,1,15,17,2007,5504000.0
50.6,1,23,25,2003,7061000.0
81.2,3,4,9,1981,8588000.0
61.0,2,17,17,2002,7214000.0
62.4,2,9,12,2003,8180000.0
30.5,1,4,5,1983,4104000.0
63.6,2,6,12,2007,8953000.0
42.2,1,3,12,2012,5418000.0
45.7,1,4,12,2012,7605000.0
64.3,2,12,17,2008,8326000.0
28.5,1,6,9,1994,4053000.0
51.1,2,6,25,2025,6914000.0
83.4,3,12,17,2019,14721000.0
34.4,1,9,9,1979,4717000.0
72.4,3,4,12,2013,9227000.0
29.4,1,5,9,1979,3780000.0
37.4,1,21,25,2002,4725000.0
59.6,2,3,12,2000,7780000.0
54.5,2,2,5,1969,6696000.0
40.3,1,8,9,1989,5825000.0
69.4,3,10,12,2016,8499000.0
102.0,4,1,5,1971,9462000.0
40.8,1,2,5,1973,5534000.0
79.9,3,9,9,1998,11170000.0
57.1,2,5,9,1978,6478000.0
73.4,3,9,9,1985,9386000.0
31.6,1,4,9,1989,3691000.0
82.0,3,2,5,1973,9253000.0
39.5,1,3,12,2017,5232000.0
76.8,3,1,12,2021,9450000.0
56.8,2,5,9,1983,8508000.0
50.5,2,1,9,1989,5838000.0
36.0,1,12,12,2020,5029000.0
74.6,3,3,5,1962,7763000.0
54.2,2,1,5,1979,5844000.0
60.3,2,3,5,1972,6627000.0
52.2,2,11,17,2001,7192000.0
64.7,3,7,17,2014,8944000.0
49.5,1,2,17,2013,6955000.0
33.4,1,15,17,2006,4521000.0
76.5,3,8,12,2003,10335000.0
61.2,2,6,9,1978,6976000.0
43.9,1,4,12,2023,6558000.0
24.2,1,1,5,1969,2530000.0
76.5,3,10,12,2020,8464000.0
46.8,1,8,17,2018,7632000.0
71.5,2,10,12,2012,8300000.0
73.7,3,3,9,1980,7287000.0
38.3,1,3,9,1982,5392000.0
73.8,3,4,12,2009,8921000.0
56.0,2,9,12,2016,6407000.0
61.4,2,9,17,2008,9737000.0
53.3,2,5,9,1988,6417000.0
59.9,2,6,17,2019,9813000.0
43.8,1,8,12,2004,5651000.0
39.4,1,11,17,2025,5078000.0
66.3,3,8,12,2002,8479000.0
41.5,1,12,12,2008,5003000.0
70.3,3,10,12,2011,10024000.0
24.9,1,4,17,2021,4038000.0
51.3,2,16,25,2000,7590000.0
71.7,3,4,5,1984,8496000.0
30.0,1,1,5,1970,3755000.0
75.8,3,23,25,2004,9162000.0
69.0,2,5,12,2018,10175000.0
53.9,2,5,12,2003,7285000.0
60.6,2,8,9,1986,9248000.0
43.8,1,1,5,1975,5528000.0
51.3,1,17,17,2015,7256000.0
58.0,2,13,17,2020,8674000.0
27.8,1,1,9,1975,3612000.0
47.0,1,2,9,1977,5490000.0
76.4,3,3,17,2022,8707000.0
87.7,3,2,5,1984,9688000.0
63.2,2,2,17,2021,8918000.0
63.6,2,6,9,1994,9536000.0
65.3,2,7,12,2014,10324000.0
59.8,2,4,25,2019,8697000.0
54.6,2,1,12,2024,7658000.0
110.7,4,6,9,1991,12545000.0
31.6,1,7,12,2021,5803000.0
65.3,2,4,9,1978,9003000.0
89.9,3,6,9,1977,10709000.0
52.3,2,9,25,2010,7320000.0
65.0,3,4,17,2000,9115000.0
42.9,1,10,12,2004,6057000.0
37.3,1,5,9,1978,3871000.0
68.1,3,3,5,1979,9392000.0
46.5,2,2,5,1967,6063000.0
60.5,2,2,12,2010,8848000.0
37.9,1,15,17,2010,5283000.0
68.1,3,9,12,2017,9565000.0
67.7,2,1,17,2009,6294000.0
42.1,1,5,5,1972,4388000.0
55.4,2,5,9,1994,8603000.0
54.4,2,8,9,1990,7422000.0
32.5,1,6,9,1991,3518000.0
52.3,2,4,5,1977,5871000.0
71.6,2,15,25,2025,8641000.0
36.4,1,1,9,1977,3814000.0
83.0,3,19,25,2000,10697000.0
27.4,1,6,9,1976,3996000.0
37.5,1,21,25,2022,6167000.0
59.7,2,10,12,2025,8653000.0
57.5,2,17,25,2025,8377000.0
60.4,3,5,5,1965,5908000.0
33.8,1,17,17,2017,5326000.0
62.6,2,4,25,2016,10132000.0
25.8,1,1,5,1973,2493000.0
92.4,3,5,5,1984,8889000.0
56.6,2,8,9,1991,7139000.0
62.1,2,8,25,2025,9100000.0
27.3,1,11,12,2020,4238000.0
77.4,3,9,12,2024,9288000.0
58.4,2,3,5,1968,6361000.0
69.0,3,3,5,1981,8257000.0
46.7,1,9,17,2018,6466000.0
49.3,2,4,5,1961,6068000.0
75.7,3,1,12,2002,10684000.0
65.4,2,16,25,2015,8899000.0
30.4,1,7,9,1990,4431000.0
95.9,4,10,12,2000,11718000.0
36.9,1,3,5,1978,4246000.0
38.7,1,5,12,2017,5376000.0
62.6,2,3,5,1983,8478000.0
70.0,2,8,17,2009,9200000.0
84.8,3,5,9,1997,10484000.0
62.2,2,6,9,1991,7177000.0
61.0,2,2,12,2000,8780000.0
52.7,2,1,5,1964,5707000.0
45.8,2,13,17,2003,7190000.0
96.3,3,6,9,1998,13260000.0
74.5,3,6,12,2023,11140000.0
53.6,2,2,5,1978,6975000.0
28.5,1,10,12,2020,4202000.0
81.0,3,5,5,1966,8750000.0
35.1,1,8,9,1982,4957000.0
48.1,1,8,9,1993,5988000.0
50.1,1,15,17,2007,8428000.0
35.8,1,3,9,1983,4943000.0
84.4,3,5,17,2018,14292000.0
59.2,2,6,17,2017,7572000.0
97.0,4,2,5,1973,9627000.0
30.8,1,8,12,2017,4778000.0
60.2,2,5,5,1964,6661000.0
99.5,4,6,9,1975,10779000.0
82.1,3,17,17,2005,9109000.0
63.0,2,10,12,2006,8507000.0
38.1,1,2,12,2004,5528000.0
74.9,3,4,9,1982,7891000.0
35.3,1,9,9,1980,4118000.0
63.8,2,2,5,1960,7472000.0
47.3,2,15,17,2024,7598000.0
50.7,2,5,12,2011,6972000.0
56.0,2,12,17,2004,7089000.0
63.7,2,1,9,1979,7163000.0
46.6,1,4,9,1989,6082000.0
59.8,2,1,9,1991,5985000.0
66.7,2,3,5,1964,7329000.0
31.0,1,9,9,1993,3758000.0
31.6,1,2,17,2009,4590000.0
40.2,1,7,17,2002,5247000.0
62.7,2,3,12,2010,8356000.0
114.5,4,2,9,1982,13177000.0
29.4,1,5,5,1984,3874000.0
56.5,2,7,17,2012,8105000.0
53.0,2,1,5,1965,6985000.0
23.2,1,12,25,2002,2854000.0
77.5,3,3,9,1998,10989000.0
59.0,2,7,9,1993,7693000.0
73.0,3,22,25,2006,8438000.0
36.3,1,2,5,1961,4086000.0
36.7,1,7,12,2021,4731000.0
25.8,1,7,12,2023,3982000.0
35.7,1,5,9,1993,4693000.0
63.6,3,9,9,1987,6975000.0
39.6,1,7,12,2024,5439000.0
49.5,2,7,17,2010,7689000.0
46.3,1,4,5,1968,5515000.0
58.6,3,19,25,2018,8428000.0
87.3,3,1,5,1978,9517000.0
50.7,2,5,9,1995,6792000.0
47.0,1,8,9,1999,6324000.0
59.4,2,5,5,1973,7808000.0
47.0,1,2,5,1971,7062000.0
35.9,1,19,25,2000,5741000.0
64.6,2,9,9,1975,7458000.0
104.2,4,2,5,1976,11827000.0
69.2,3,3,5,1963,8508000.0
52.4,2,4,17,2012,6883000.0
70.2,2,1,17,2022,10933000.0
103.2,4,4,9,1985,13230000.0
55.8,2,4,5,1977,6638000.0
54.2,2,9,9,1986,6748000.0
73.8,3,2,5,1978,9335000.0
34.5,1,5,5,1979,3999000.0
37.5,1,7,9,1975,5178000.0
52.7,2,6,9,1992,7773000.0
46.4,1,7,12,2001,6337000.0
54.3,2,4,9,1985,6563000.0
67.9,2,14,25,2014,9625000.0
52.3,2,21,25,2014,6626000.0
100.1,4,6,12,2005,10790000.0
30.6,1,9,9,1978,3528000.0
58.5,2,2,9,1986,6741000.0
34.5,1,9,9,1997,5321000.0
60.8,2,1,17,2010,7364000.0
57.9,2,4,9,1982,7580000.0
66.9,2,12,17,2001,8522000.0
30.2,1,5,25,2015,5281000.0
58.1,2,9,9,1976,6594000.0
59.7,2,6,12,2020,7666000.0
44.5,1,4,5,1963,5610000.0
54.1,2,2,9,1976,6762000.0
66.3,2,5,9,1999,10012000.0
117.8,4,8,9,1983,13656000.0
82.1,3,11,17,2025,12007000.0
53.0,2,1,5,1972,4844000.0
76.2,3,8,9,1994,10549000.0
57.2,2,4,12,2001,7824000.0
74.9,3,2,12,2018,10420000.0
44.6,1,1,9,1982,5067000.0
48.3,2,7,17,2010,6618000.0
52.3,2,2,12,2007,7904000.0
54.6,2,4,9,1990,6427000.0
45.3,1,4,5,1982,6288000.0
38.0,1,1,9,1994,3910000.0
43.0,1,2,17,2016,5179000.0
38.7,1,1,12,2025,6130000.0
38.0,1,3,17,2024,5241000.0
52.4,2,1,9,1989,6155000.0
80.2,3,4,5,1966,8779000.0
63.0,2,4,5,1960,7351000.0
70.4,3,4,9,1988,8809000.0
76.3,3,10,12,2015,11731000.0
57.0,2,7,17,2020,7164000.0
38.3,1,2,9,1977,5162000.0
31.5,1,6,9,1992,4231000.0
87.2,3,6,9,1993,9394000.0
36.9,1,7,9,1980,4474000.0
53.3,2,1,9,1997,5384000.0
71.2,2,4,5,1968,6955000.0
81.2,3,1,5,1972,8090000.0
63.3,2,2,5,1971,8427000.0
80.8,3,3,5,1974,9736000.0
37.0,1,2,5,1966,5012000.0
39.9,1,5,12,2011,5873000.0
50.0,2,1,9,1991,6771000.0
100.3,4,11,25,2012,15276000.0
54.6,2,2,5,1982,6187000.0
71.1,3,6,9,1991,9031000.0
67.2,3,3,9,1982,7557000.0
87.8,3,4,5,1977,10252000.0
53.2,2,1,17,2001,7587000.0
54.3,2,5,5,1976,5881000.0
23.7,1,20,25,2024,3210000.0
112.7,4,8,17,2011,13263000.0
105.7,4,3,12,2012,13508000.0
49.7,2,10,12,2014,9786000.0
32.0,1,1,12,2010,4808000.0
27.5,1,5,9,1998,2715000.0
100.8,4,1,12,2008,11837000.0
33.8,1,3,5,1967,3816000.0
93.8,3,5,5,1979,11706000.0
51.9,2,9,9,1999,5863000.0
57.4,2,5,12,2014,7371000.0
69.4,3,2,17,2023,9396000.0
43.6,1,5,5,1976,4847000.0
53.9,2,12,17,2025,8581000.0
92.1,4,5,9,1988,10716000.0
42.2,2,8,9,1979,5735000.0
72.8,3,4,9,1990,8401000.0
98.8,3,2,9,1999,14009000.0
32.2,1,4,5,1967,3430000.0
39.6,1,12,12,2016,5950000.0
55.1,2,11,17,2021,7705000.0
58.6,2,4,9,1985,8099000.0
62.6,2,9,9,1996,5984000.0
63.6,3,10,17,2017,8225000.0
34.8,1,6,17,2001,5451000.0
55.5,2,6,9,1975,6594000.0
40.5,1,5,9,1996,4616000.0
38.8,1,6,17,2008,5204000.0
43.0,2,1,12,2007,5598000.0
82.5,3,5,9,1995,9727000.0
30.0,1,6,9,1998,4638000.0
66.5,2,4,17,2001,10020000.0
54.3,2,2,5,1971,6893000.0
34.2,1,22,25,2005,5379000.0
63.8,2,4,5,1961,6860000.0
69.5,3,8,17,2023,11464000.0
62.3,2,3,9,1986,8795000.0
40.4,1,8,9,1992,5385000.0
66.8,2,13,17,2004,7698000.0
59.0,2,2,9,1987,5766000.0
46.4,1,6,12,2022,7775000.0
38.7,1,1,5,1982,3775000.0
46.5,1,1,5,1963,4489000.0
39.0,1,2,9,1982,5279000.0
26.7,1,11,12,2022,3542000.0
47.3,2,5,5,1969,6586000.0
44.2,2,1,5,1980,5053000.0
92.0,3,2,9,1988,13146000.0
56.7,2,5,12,2019,9146000.0
65.3,3,6,17,2001,6412000.0
60.9,2,1,5,1961,6676000.0
27.1,1,3,5,1963,3197000.0
54.5,2,4,25,2023,8034000.0
84.9,3,9,9,1985,9883000.0
44.2,1,15,17,2021,7422000.0
41.1,1,6,17,2008,6908000.0
33.8,1,17,17,2017,4230000.0
70.3,2,4,5,1982,8870000.0
40.0,1,4,17,2016,6795000.0
43.4,1,9,17,2001,5961000.0
34.0,1,3,12,2024,5330000.0
57.7,2,1,9,1998,7122000.0
49.3,2,1,9,1999,7246000.0
56.5,2,4,5,1966,7056000.0
58.7,2,9,12,2011,10030000.0
43.9,2,9,12,2015,7415000.0
29.8,1,5,9,1984,3797000.0
51.6,2,2,9,1985,6745000.0
28.5,1,9,9,1983,4235000.0
47.3,2,12,12,2003,5455000.0
53.2,2,13,25,2015,8234000.0
41.6,1,5,5,1978,5401000.0
29.2,1,6,9,1994,3867000.0
30.7,1,4,5,1964,3506000.0
41.1,1,6,12,2011,5858000.0
46.1,1,5,17,2009,7150000.0
113.3,4,20,25,2013,17364000.0
49.5,2,7,9,1994,7016000.0
49.3,2,20,25,2019,6296000.0
49.9,2,2,5,1971,6833000.0
73.9,2,10,12,2022,12223000.0
75.7,3,2,5,1963,8184000.0
92.0,3,13,17,2019,12159000.0
81.4,3,12,12,2024,10134000.0
107.6,4,12,12,2008,14823000.0
39.2,1,6,17,2013,4687000.0
55.3,2,4,5,1964,7062000.0
77.2,3,4,5,1968,8372000.0
45.3,2,11,17,2001,6333000.0
104.6,4,6,9,1986,8211000.0
47.0,1,1,5,1971,4273000.0
46.4,2,2,9,1987,5537000.0
100.2,4,7,12,2020,12500000.0
52.0,2,4,5,1970,6626000.0
63.6,2,5,9,1997,8759000.0
27.3,1,3,5,1967,3925000.0
59.3,2,1,9,1995,7437000.0
88.4,3,2,17,2011,11327000.0
56.3,2,20,25,2008,8838000.0
40.6,1,8,12,2011,5656000.0
31.3,1,2,5,1970,3626000.0
75.8,3,20,25,2018,10680000.0
50.3,2,3,12,2007,8142000.0
35.0,1,3,5,1984,5042000.0
52.8,1,5,25,2006,8330000.0
90.3,3,3,17,2020,15332000.0
89.6,3,8,17,2024,14202000.0
36.2,1,5,17,2013,4676000.0
33.7,1,7,9,1998,4919000.0
72.1,3,8,9,1998,10890000.0
57.7,2,5,12,2021,7204000.0
91.8,4,8,9,1976,10454000.0
55.7,2,3,9,1994,6566000.0
58.6,2,16,17,2011,8402000.0
50.7,2,14,17,2000,7642000.0
79.2,3,7,9,1995,11527000.0
55.6,2,8,17,2009,7664000.0
37.1,1,7,17,2000,5525000.0
40.2,1,2,12,2021,5188000.0
74.9,3,8,9,1984,7559000.0
55.7,2,6,9,1982,7755000.0
54.1,2,3,9,1987,4830000.0
53.1,2,4,5,1973,5941000.0
22.3,1,7,9,1984,3104000.0
38.9,1,3,9,1975,4975000.0
44.2,1,1,9,1980,3649000.0
54.8,2,22,25,2011,8165000.0
55.0,2,3,5,1979,6208000.0
68.2,3,15,17,2014,9573000.0
70.8,3,10,12,2012,9134000.0
61.3,2,2,5,1974,6887000.0
55.5,2,12,25,2024,6777000.0
43.3,1,3,12,2015,6195000.0
37.7,1,6,9,1998,5868000.0
42.1,1,11,17,2011,5890000.0
54.5,2,4,9,1994,6921000.0
40.3,1,4,12,2010,5451000.0
56.6,1,2,5,1971,6057000.0
48.6,2,16,17,2001,5947000.0
64.5,2,2,9,1996,8775000.0
59.5,2,4,12,2002,10118000.0
78.1,2,4,9,1991,11168000.0
37.5,1,11,12,2013,5864000.0
38.8,1,8,17,2006,6661000.0
39.5,1,7,9,1994,5631000.0
39.8,1,10,12,2013,6490000.0
52.1,2,9,9,1983,6358000.0
80.9,3,17,17,2009,10921000.0
37.3,1,3,9,1985,4196000.0
64.0,2,8,17,2010,8744000.0
74.3,3,14,17,2018,9878000.0
41.7,1,7,9,1987,5170000.0
39.9,1,2,9,1984,4851000.0
66.7,2,6,9,1990,9890000.0
52.7,2,14,17,2009,7128000.0
61.8,2,5,9,1984,7695000.0
54.4,2,4,12,2011,9445000.0
26.9,1,11,17,2000,4049000.0
55.9,2,2,9,1992,7320000.0
26.3,1,1,12,2019,3946000.0
85.1,3,2,9,1985,9755000.0
69.5,3,4,5,1966,7485000.0
32.7,1,1,17,2013,4177000.0
56.3,1,4,5,1967,6952000.0
43.4,1,2,9,1978,5763000.0
37.7,1,15,17,2002,4806000.0
48.4,1,3,9,1984,6567000.0
60.8,2,7,25,2008,9018000.0
109.0,4,6,25,2014,13935000.0
55.2,2,6,9,1982,6797000.0
39.1,1,1,5,1972,3848000.0
33.4,1,13,17,2021,4308000.0
38.3,1,7,9,1999,4716000.0
48.0,1,5,5,1983,6345000.0
80.5,3,13,17,2006,11378000.0
38.3,1,3,5,1972,5636000.0
109.2,4,4,17,2005,14180000.0
57.3,2,4,5,1969,6789000.0
51.5,2,4,5,1978,6546000.0
68.2,2,3,5,1970,7216000.0
67.9,2,13,25,2015,10648000.0
64.3,2,6,12,2021,9827000.0
27.6,1,12,17,2019,3766000.0
41.2,1,6,9,1995,5844000.0
80.6,3,3,9,1997,11221000.0
35.8,1,4,9,1988,4118000.0
57.8,2,5,9,1997,8543000.0
61.0,2,9,12,2008,8148000.0
39.3,1,8,12,2015,4042000.0
28.3,1,3,9,1983,4030000.0
40.4,1,22,25,2005,6534000.0
51.1,2,2,5,1965,5244000.0
69.3,2,17,25,2017,8366000.0
78.5,3,3,5,1983,10827000.0
64.4,2,7,9,1993,7940000.0
35.9,1,7,9,1991,5476000.0
62.8,2,2,9,1978,6338000.0
52.3,2,3,12,2020,8747000.0
52.5,2,7,9,1993,7640000.0
52.5,2,6,9,1997,7397000.0
71.9,2,7,17,2020,8430000.0
33.0,1,10,12,2010,4627000.0
55.5,2,10,17,2025,9131000.0
22.9,1,9,9,1995,2473000.0
74.7,2,7,12,2021,10422000.0
30.8,1,5,12,2010,4659000.0
73.8,3,2,9,1985,8016000.0
62.6,2,9,9,1996,8945000.0
63.6,2,7,9,1999,9518000.0
77.8,3,1,5,1978,8536000.0
71.8,3,9,9,1982,8627000.0
62.0,2,2,5,1982,7343000.0
36.9,1,5,12,2015,5799000.0
77.0,3,7,12,2024,10436000.0
53.9,2,5,25,2020,7748000.0
63.5,2,15,17,2022,8921000.0
84.3,3,3,5,1967,10895000.0
38.5,1,10,17,2008,6228000.0
44.5,1,8,17,2023,6128000.0
58.4,2,8,9,1986,8440000.0
78.8,3,9,12,2011,9937000.0
57.9,2,11,25,2001,9328000.0
52.8,2,12,12,2005,8020000.0
55.0,2,22,25,2003,9191000.0
44.9,2,2,5,1972,5526000.0
78.2,3,3,5,1963,8424000.0
30.0,1,6,9,1983,3776000.0
60.9,2,1,12,2006,7890000.0
76.9,3,14,17,2005,9244000.0
71.8,2,18,25,2017,7899000.0
38.4,1,8,9,1989,4913000.0
29.1,1,3,5,1975,3656000.0
70.4,3,8,17,2000,9738000.0
33.3,1,6,12,2009,5017000.0
53.7,2,3,5,1963,6235000.0
54.3,1,2,9,1999,8436000.0
42.0,2,16,17,2003,5254000.0
57.2,2,6,17,2017,7734000.0
89.9,3,1,9,1987,12143000.0
59.1,2,6,9,1998,5407000.0
54.0,2,9,25,2021,8839000.0
68.0,2,7,12,2000,9723000.0
41.7,1,9,9,1994,5394000.0
28.6,1,2,9,1984,4063000.0
83.6,3,11,17,2020,12721000.0
63.8,2,5,9,1975,6607000.0
50.4,2,1,5,1961,4641000.0
52.4,1,7,12,2008,7200000.0
79.4,3,9,9,1975,6976000.0
56.4,2,11,12,2014,8073000.0
85.1,3,2,5,1974,10577000.0
99.9,4,5,12,2023,15490000.0
99.5,4,6,9,1999,12654000.0
77.0,3,1,5,1961,7035000.0
38.9,1,1,5,1971,4396000.0
82.8,3,2,25,2017,11527000.0
34.1,1,14,17,2022,5608000.0
82.7,3,4,9,1984,10069000.0
36.1,1,9,17,2012,5765000.0
55.1,2,7,12,2008,7505000.0
33.3,1,6,25,2025,5799000.0
70.7,3,1,9,1999,8451000.0
43.7,1,5,12,2002,5787000.0
64.7,2,3,5,1982,7831000.0
73.3,3,4,9,1996,10132000.0
68.7,2,21,25,2007,8354000.0
36.7,1,11,12,2013,5334000.0
49.1,2,9,9,1998,6931000.0
27.0,1,4,5,1983,3685000.0
62.3,2,16,17,2023,8178000.0
96.8,4,3,12,2025,13966000.0
53.5,2,4,9,1990,6009000.0
30.8,1,24,25,2005,4474000.0
53.5,2,3,5,1968,7142000.0
104.3,4,3,9,1995,13037000.0
32.2,1,25,25,2003,3837000.0
53.3,2,5,9,1997,6988000.0
57.2,2,1,9,1993,6897000.0
78.2,3,7,12,2023,12456000.0
81.6,3,6,17,2014,12542000.0
42.8,1,3,5,1983,4950000.0
70.8,2,3,25,2010,9659000.0
51.0,2,16,17,2020,7773000.0
31.1,1,2,5,1969,3554000.0
35.5,1,17,17,2007,5090000.0
58.5,2,7,9,1977,6195000.0
39.3,1,7,9,1993,5469000.0
87.0,3,6,17,2003,12729000.0
37.3,1,24,25,2012,5500000.0
37.8,1,1,5,1968,4191000.0
31.4,1,1,9,1995,4191000.0
26.8,1,9,9,1996,3342000.0
63.0,2,4,9,1994,8832000.0
67.0,2,3,9,1987,8552000.0
55.4,2,2,5,1968,5909000.0
110.6,4,12,12,2019,15665000.0
70.7,3,9,9,1993,9742000.0
27.9,1,2,5,1975,3896000.0
76.0,3,11,17,2017,11627000.0
52.8,2,13,17,2018,8075000.0
68.0,2,7,9,1991,9181000.0
47.1,2,3,9,1986,5947000.0
38.5,1,3,12,2010,5231000.0
75.6,3,3,9,1998,7795000.0
40.8,1,8,9,1991,4626000.0
57.8,2,14,17,2005,7998000.0
38.3,1,1,5,1974,3745000.0
80.6,3,1,5,1961,8291000.0
73.4,3,1,5,1973,9025000.0
38.4,1,4,5,1962,3058000.0
58.4,2,4,5,1984,6661000.0
61.3,2,19,25,2011,10575000.0
46.2,2,9,9,1999,6410000.0
61.9,2,2,5,1965,7077000.0
50.1,2,1,9,1997,5707000.0
43.2,1,15,25,2004,6494000.0
58.8,2,10,12,2006,8957000.0
62.1,2,3,9,1980,6727000.0
63.6,2,4,17,2020,10718000.0
68.2,3,6,9,1993,9022000.0
39.4,1,1,9,1988,5147000.0
39.0,1,1,9,1992,5225000.0
44.4,1,2,9,1995,6262000.0
33.5,1,4,9,1988,4643000.0
44.9,1,7,12,2007,6789000.0
105.4,4,6,9,1988,12235000.0
22.8,1,11,12,2020,3674000.0
64.0,2,1,5,1978,6898000.0
28.4,1,4,5,1962,3339000.0
56.3,2,5,9,1989,8409000.0
102.6,4,22,25,2020,14034000.0
33.5,1,9,9,1990,4436000.0
83.0,3,1,12,2024,10579000.0
123.2,4,9,9,1989,13634000.0
58.8,2,4,5,1973,8426000.0
40.4,1,4,5,1974,4295000.0
63.1,2,5,9,1998,8514000.0
88.1,3,5,5,1966,8282000.0
30.9,1,1,5,1964,3716000.0
49.6,2,15,17,2008,6895000.0
34.6,1,5,5,1975,3920000.0
46.1,1,8,12,2001,5280000.0
75.4,3,5,9,1996,11247000.0
54.6,2,2,12,2022,6997000.0
27.5,1,8,12,2006,4129000.0
58.8,2,7,9,1986,8193000.0
42.9,1,9,9,1990,6641000.0
39.5,1,4,17,2003,5278000.0
52.7,2,11,17,2001,6550000.0
63.8,2,1,5,1976,6696000.0
30.9,1,4,5,1976,3656000.0
35.6,1,3,17,2002,4070000.0
58.9,2,3,9,1990,8890000.0
76.8,3,10,12,2022,10527000.0
79.5,3,2,9,1979,9354000.0
39.4,1,2,5,1966,5020000.0
53.1,2,3,12,2012,8593000.0
71.9,3,8,12,2008,8606000.0
61.9,2,8,9,1982,8028000.0
82.7,3,2,9,1975,8528000.0
78.2,3,2,17,2003,10722000.0
29.6,1,2,12,2020,4610000.0
47.3,1,2,5,1966,5403000.0
34.6,1,7,12,2010,5152000.0
38.0,1,15,17,2007,5600000.0
79.8,3,12,17,2007,10674000.0
74.0,3,11,12,2019,10251000.0
37.2,1,1,5,1970,3534000.0
60.7,2,14,17,2006,7503000.0
60.6,2,1,12,2010,7218000.0
56.1,2,4,5,1977,6173000.0
59.7,2,7,9,1999,7586000.0
86.6,3,6,9,1996,11074000.0
35.5,1,2,12,2003,5065000.0
30.9,1,2,9,1980,4179000.0
30.4,1,2,12,2006,4421000.0
62.0,2,8,25,2009,8811000.0
31.7,1,7,17,2007,4801000.0
59.2,2,1,25,2003,6633000.0
58.1,2,4,25,2008,7449000.0
63.0,3,3,5,1965,6788000.0
56.4,2,4,12,2016,7576000.0
36.3,1,7,9,1993,4060000.0
74.2,3,4,17,2013,10840000.0
76.6,3,1,9,1975,7285000.0
39.8,1,11,25,2005,6703000.0
29.2,1,11,12,2021,4509000.0
67.2,3,11,17,2006,7671000.0
32.7,1,1,5,1960,3654000.0
47.7,1,2,5,1976,6016000.0
58.8,2,16,17,2020,8873000.0
28.3,1,4,5,1980,3443000.0
27.7,1,10,17,2016,3743000.0
60.7,2,4,5,1966,6022000.0
87.0,3,3,12,2013,10477000.0
71.3,3,8,9,1981,7426000.0
98.1,4,11,12,2021,13036000.0
54.5,1,6,12,2012,7952000.0
36.3,1,6,9,1997,4232000.0
64.7,3,1,5,1981,7661000.0
57.5,2,2,5,1977,7137000.0
32.3,1,6,12,2020,6074000.0
35.2,1,1,12,2006,4352000.0
49.5,1,14,17,2001,8493000.0
57.2,2,9,12,2020,9014000.0
37.8,1,4,9,1993,4122000.0
96.2,4,4,9,1988,10202000.0
38.4,1,1,5,1984,4649000.0
106.3,4,3,9,1975,9958000.0
89.9,3,5,25,2015,11395000.0
46.2,2,1,17,2006,4850000.0
60.1,2,6,9,1990,9464000.0
52.4,2,3,12,2019,8495000.0
43.4,1,1,17,2011,5513000.0
29.1,1,6,9,1979,4270000.0
62.4,2,4,5,1976,8558000.0
64.6,2,2,5,1980,9066000.0
59.6,2,2,12,2023,8346000.0
57.5,2,16,25,2012,7920000.0
42.2,2,8,12,2013,5361000.0
66.5,2,5,5,1981,7785000.0
57.2,2,3,5,1975,6372000.0
66.8,2,12,17,2012,8474000.0
78.3,3,2,17,2017,12231000.0
57.2,2,4,12,2017,8848000.0
56.7,2,3,12,2008,7231000.0
55.2,2,1,5,1960,6134000.0
51.2,2,7,17,2001,7174000.0
61.6,2,4,17,2007,8311000.0
27.1,1,6,9,1987,4150000.0
104.7,4,1,17,2005,12562000.0
32.5,1,6,9,1993,5191000.0
57.6,2,4,5,1978,7483000.0
38.3,1,2,9,1999,5675000.0
41.3,1,2,5,1961,4312000.0
85.6,3,5,9,1984,9886000.0
54.0,2,6,9,1979,7642000.0
71.3,3,6,12,2022,11385000.0
22.3,1,9,9,1996,2806000.0
23.0,1,2,9,1975,2489000.0
44.5,1,4,5,1972,6402000.0
49.0,2,6,12,2011,7677000.0
78.8,3,9,9,1984,8108000.0
71.9,2,4,9,1977,7793000.0
50.1,2,12,17,2014,8493000.0
104.7,4,13,17,2004,12804000.0
34.5,1,17,17,2018,4680000.0
68.6,2,5,9,1993,8401000.0
50.4,2,4,5,1980,6476000.0
36.8,1,10,12,2012,4641000.0
30.4,1,2,9,1982,4021000.0
34.1,1,2,9,1982,3786000.0
67.8,3,2,5,1983,7100000.0
57.2,2,11,17,2005,6825000.0
89.4,3,5,5,1968,8365000.0
56.9,2,11,25,2013,8706000.0
60.8,2,4,17,2004,8972000.0
48.5,2,6,9,1990,6189000.0
66.8,3,11,17,2013,8645000.0
40.2,1,2,12,2009,6631000.0
46.5,1,16,17,2022,7583000.0
53.9,2,9,9,1991,5885000.0
101.1,4,13,17,2015,14089000.0
87.5,4,6,9,1994,11134000.0
64.1,2,6,25,2016,9920000.0
34.5,1,3,9,1990,5888000.0
36.7,1,7,9,1984,4393000.0
77.6,3,15,17,2017,11493000.0
68.7,2,13,17,2005,10913000.0
24.7,1,7,12,2016,4312000.0
79.9,3,5,5,1968,8776000.0
36.8,1,2,9,1996,4394000.0
58.3,2,16,25,2007,6664000.0
52.7,2,13,17,2025,8528000.0
33.1,1,9,17,2025,5280000.0
24.2,1,5,5,1967,2805000.0
30.4,1,1,9,1986,3700000.0
45.0,2,6,12,2017,7161000.0
61.0,2,7,17,2001,8744000.0
40.3,1,1,5,1962,4429000.0
96.3,4,16,17,2023,12579000.0
42.5,1,2,12,2010,6827000.0
41.3,1,4,5,1983,5051000.0
34.5,1,2,9,1995,5175000.0
28.4,1,1,9,1987,3244000.0
90.3,4,5,12,2017,12976000.0
29.4,1,2,5,1970,4227000.0
69.7,2,3,5,1973,8926000.0
85.3,3,2,17,2019,13771000.0
65.3,2,3,5,1963,7199000.0
49.9,2,4,9,1997,6734000.0
84.6,3,3,9,1978,9713000.0
57.4,2,9,12,2009,6723000.0
45.1,1,10,17,2021,7583000.0
61.6,2,2,9,1976,7931000.0
84.7,3,7,17,2017,12477000.0
53.9,2,11,12,2010,8536000.0
58.4,2,3,5,1964,5956000.0
97.3,4,2,5,1976,9571000.0
57.0,2,8,9,1976,7806000.0
34.9,1,4,9,1977,4377000.0
35.0,1,14,17,2024,5493000.0
64.5,2,4,12,2024,8195000.0
42.3,1,9,9,1981,5930000.0
112.8,4,3,5,1980,13982000.0
50.1,2,3,9,1976,5752000.0
80.9,2,7,12,2001,13290000.0
63.2,2,1,9,1982,6151000.0
38.0,2,7,12,2015,5285000.0
50.2,2,2,5,1962,6284000.0
38.6,1,11,12,2022,6565000.0
58.5,2,14,17,2021,7326000.0
60.5,3,6,9,1980,7061000.0
55.4,2,9,9,1993,7432000.0
59.2,2,22,25,2021,9998000.0
35.7,1,3,9,1987,5372000.0
78.0,3,1,12,2003,9966000.0
67.5,3,4,5,1976,8032000.0
49.8,2,12,12,2023,6892000.0
67.5,2,4,5,1968,8313000.0
53.5,2,20,25,2002,8349000.0
62.5,2,16,17,2000,8279000.0
71.1,3,10,17,2000,9062000.0
28.2,1,7,17,2016,4683000.0
49.9,2,10,12,2024,8219000.0
35.5,1,7,9,1987,4456000.0
37.9,1,9,17,2004,4672000.0
71.5,2,22,25,2018,8621000.0
41.9,1,2,9,1999,5904000.0
60.1,2,17,25,2009,7508000.0
43.6,1,11,12,2008,6857000.0
52.8,2,1,12,2005,5439000.0
24.3,1,1,9,1995,3474000.0
56.7,2,4,9,1991,7138000.0
58.3,2,4,5,1981,6686000.0
90.4,4,9,9,1995,10079000.0
82.0,3,12,12,2024,10258000.0
36.6,1,1,9,1981,4879000.0
32.6,1,3,9,1990,4657000.0
48.3,2,19,25,2018,7096000.0
57.6,2,8,9,1979,6259000.0
45.2,1,2,9,1996,6174000.0
32.8,1,3,5,1977,3823000.0
55.9,2,4,5,1966,4786000.0
75.4,3,6,17,2024,10115000.0
79.5,3,5,12,2025,12199000.0
30.3,1,12,17,2024,4457000.0
57.8,2,1,5,1964,5898000.0
47.3,1,9,12,2007,7507000.0
64.4,2,1,9,1983,7918000.0
90.3,3,3,9,1996,13917000.0
80.2,3,1,5,1979,6738000.0
59.7,2,4,5,1963,6259000.0
32.2,1,3,9,1977,4436000.0
67.2,2,1,5,1971,7508000.0
70.2,3,22,25,2008,9600000.0
36.4,1,5,9,1984,4458000.0
37.4,1,4,5,1970,4675000.0
59.7,2,4,5,1975,7361000.0
49.6,2,8,12,2010,5698000.0
75.3,3,2,5,1981,9280000.0
52.1,2,8,17,2007,6883000.0
56.6,2,12,25,2013,8756000.0
53.1,2,5,9,1976,6692000.0
82.0,3,8,9,1978,11669000.0
83.3,3,4,5,1974,9733000.0
94.2,3,10,12,2017,11776000.0
39.0,1,4,9,1985,3836000.0
68.5,3,4,9,1993,7897000.0
50.4,2,4,9,1992,6844000.0
29.6,1,11,12,2008,4543000.0
39.9,1,6,9,1999,5214000.0
60.4,2,4,5,1981,7205000.0
64.4,2,9,12,2022,9583000.0
76.6,3,9,12,2004,10593000.0
60.1,2,3,17,2009,9301000.0
42.6,1,4,5,1976,5041000.0
65.6,2,5,17,2019,8871000.0
42.4,1,12,12,2012,7104000.0
61.0,2,1,5,1963,7406000.0
61.1,2,2,12,2013,8257000.0
65.8,3,3,9,1982,8887000.0
64.6,2,21,25,2020,11561000.0
76.6,3,4,5,1974,10129000.0
77.0,3,5,12,2002,9398000.0
57.6,2,7,9,1991,7583000.0
60.2,2,13,25,2014,7113000.0
42.2,2,8,9,1975,4623000.0
29.5,1,8,25,2004,4183000.0
71.3,3,17,25,2007,9827000.0
88.7,3,1,9,1983,9046000.0
30.8,1,3,17,2025,3443000.0
105.1,4,1,25,2025,13491000.0
40.5,1,1,9,1976,4916000.0
77.5,3,8,9,1979,9977000.0
35.5,1,1,12,2003,4426000.0
82.1,3,9,9,1986,9494000.0
61.1,2,2,5,1978,7698000.0
53.1,2,9,9,1998,7048000.0
43.5,1,7,9,1976,5417000.0
48.9,1,9,9,1990,4774000.0
26.3,1,3,5,1961,3506000.0
73.7,3,1,17,2020,8979000.0
40.6,1,17,17,2009,4905000.0
55.7,2,3,5,1969,6308000.0
81.5,3,10,12,2016,11519000.0
70.2,3,6,12,2011,9035000.0
38.3,1,7,25,2006,5187000.0
70.7,3,1,5,1968,6992000.0
39.0,1,6,9,1988,5362000.0
56.6,2,5,25,2017,7549000.0
55.2,2,2,25,2009,8014000.0
31.3,1,17,17,2015,3804000.0
29.7,1,7,17,2000,4981000.0
53.7,2,5,5,1968,6626000.0
54.2,2,3,12,2012,7492000.0
73.6,3,7,9,1990,9552000.0
57.0,2,4,5,1975,6104000.0
81.1,3,15,17,2001,11271000.0
49.1,2,3,5,1968,6247000.0
101.9,4,2,9,1987,12539000.0
52.9,2,3,25,2007,8034000.0
73.5,3,3,5,1982,8903000.0
33.3,1,20,25,2010,4796000.0
55.9,2,25,25,2016,7162000.0
33.5,1,10,12,2019,5330000.0
37.2,1,1,5,1970,3750000.0
57.0,2,7,9,1985,7533000.0
59.2,2,7,9,1990,7912000.0
34.1,1,4,9,1981,4975000.0
50.2,2,1,9,1996,6365000.0
57.8,2,3,25,2000,6449000.0
36.2,1,5,5,1982,4149000.0
59.8,2,2,17,2014,7976000.0
68.8,2,2,5,1977,7804000.0
43.0,1,10,12,2013,6944000.0
75.3,3,7,25,2012,8078000.0
63.9,2,5,9,1998,9799000.0
80.7,3,4,5,1961,9741000.0
40.0,1,10,12,2019,6142000.0
77.6,3,17,17,2021,10872000.0
20.7,1,4,12,2023,3192000.0
53.7,2,4,9,1985,6923000.0
38.8,1,8,9,1993,5854000.0
74.9,3,15,25,2021,10435000.0
59.9,2,2,25,2005,8774000.0
35.1,1,1,9,1991,3877000.0
47.5,1,6,17,2021,7600000.0
37.9,1,5,9,1975,4613000.0
39.0,1,8,9,1999,5657000.0
56.6,2,3,5,1979,6387000.0
55.6,2,2,9,1979,7176000.0
85.8,3,2,12,2000,11191000.0
97.4,4,1,5,1972,11348000.0
65.6,2,1,9,1975,7345000.0
45.7,1,13,17,2011,7005000.0
52.0,2,3,12,2008,6952000.0
47.8,2,5,12,2021,7256000.0
52.8,2,24,25,2025,8266000.0
63.6,2,5,5,1972,6968000.0
101.5,4,12,12,2009,12129000.0
69.1,3,4,17,2015,8845000.0
41.9,1,8,12,2005,5929000.0
40.3,1,2,9,1995,5152000.0
82.9,3,5,5,1981,9781000.0
89.8,3,16,17,2007,11153000.0
41.8,1,6,9,1997,5695000.0
63.6,2,3,17,2006,7990000.0
56.4,2,11,12,2024,9359000.0
58.4,2,10,12,2024,8717000.0
44.2,1,2,17,2012,6493000.0
67.4,3,1,12,2024,9264000.0
56.8,2,2,9,1991,8714000.0
38.5,1,12,12,2011,5386000.0
67.2,2,8,17,2010,8063000.0
58.0,2,3,9,1980,8047000.0
66.8,3,4,9,1989,7219000.0
32.3,1,3,5,1964,3645000.0
97.4,4,6,25,2015,14678000.0
35.4,1,2,5,1983,4440000.0
63.8,2,3,12,2010,8481000.0
61.3,2,1,9,1984,7166000.0
53.3,2,9,9,1982,6346000.0
54.4,2,4,12,2023,7510000.0
71.3,3,2,5,1964,8639000.0
63.9,2,8,12,2009,10076000.0
55.3,2,9,17,2009,8844000.0
28.6,1,14,17,2000,4215000.0
45.7,1,2,5,1972,5243000.0
49.3,1,11,17,2019,6499000.0
93.8,4,2,12,2022,9970000.0
86.3,3,2,17,2017,13361000.0
96.9,4,5,9,1997,12362000.0
39.3,1,7,12,2004,5347000.0
52.6,2,22,25,2015,6102000.0
31.7,1,4,17,2005,3985000.0
70.0,3,2,9,1996,7427000.0
61.6,2,7,9,1995,9342000.0
23.7,1,9,9,1984,3122000.0
58.3,2,1,9,1981,5686000.0
37.3,1,3,9,1994,5910000.0
65.6,2,7,9,1990,7895000.0
50.2,2,16,17,2000,7032000.0
66.0,2,1,5,1984,7768000.0
106.6,4,5,12,2006,13716000.0
54.4,2,2,5,1984,6664000.0
63.7,2,7,9,1986,8147000.0
70.1,3,4,5,1984,8333000.0
57.4,2,5,9,1997,7864000.0
34.2,1,8,17,2014,5202000.0
70.1,3,12,17,2001,8741000.0
40.1,1,1,9,1992,5410000.0
35.8,1,2,9,1978,4162000.0
46.4,1,3,9,1999,6706000.0
31.7,1,7,17,2012,4491000.0
43.6,1,6,17,2022,6071000.0
39.3,1,7,12,2008,5515000.0
60.0,2,11,12,2003,7680000.0
29.5,1,5,17,2008,4538000.0
35.3,1,4,5,1982,4518000.0
57.5,2,7,9,1998,8775000.0
42.3,1,3,25,2000,5346000.0
42.5,1,13,17,2024,5095000.0
60.4,2,10,12,2007,8746000.0
47.5,1,7,12,2000,7778000.0
27.4,1,2,9,1990,3847000.0
45.1,2,12,12,2023,5756000.0
64.7,2,12,12,2014,7905000.0
59.9,2,8,9,1989,9304000.0
85.8,3,12,17,2004,10997000.0
40.1,2,3,17,2018,5243000.0
58.9,2,2,5,1983,8290000.0
25.5,1,8,9,1985,3290000.0
80.4,3,9,9,1993,7747000.0
41.5,1,7,12,2023,7675000.0
67.1,2,3,9,1995,9413000.0
58.2,2,11,12,2023,7328000.0
63.9,2,14,17,2002,9939000.0
80.8,3,4,9,1996,9321000.0
74.5,3,16,25,2021,9440000.0
38.4,1,2,25,2003,4946000.0
45.7,1,1,5,1980,6288000.0
96.5,3,5,9,1990,14597000.0
61.7,2,18,25,2011,8256000.0
65.8,2,6,25,2006,10686000.0
59.7,2,5,5,1960,4934000.0
67.1,2,2,5,1983,9211000.0
91.9,4,1,5,1970,10422000.0
59.1,2,13,25,2014,9742000.0
59.5,2,1,5,1978,6635000.0
56.0,2,3,12,2022,8743000.0
79.5,3,7,17,2014,10235000.0
58.2,2,5,5,1968,6502000.0
56.8,2,1,12,2012,7146000.0
78.2,4,8,9,1992,9367000.0
67.4,2,10,17,2025,11217000.0
61.8,2,7,9,1997,8438000.0
49.9,2,4,12,2016,8425000.0
53.4,2,2,12,2004,7531000.0
46.1,1,7,9,1990,7523000.0
51.6,2,3,5,1966,6731000.0
60.8,2,2,9,1995,7988000.0
59.8,2,6,9,1979,7515000.0
73.2,3,1,17,2021,8600000.0
49.1,2,7,17,2025,7456000.0
93.4,4,4,9,1985,10006000.0
41.0,1,4,12,2015,6894000.0
43.0,1,10,12,2021,6307000.0
51.4,2,2,17,2025,7955000.0
61.6,2,9,9,1987,5783000.0
35.2,1,4,9,1976,4307000.0
39.0,1,9,9,1986,4692000.0
54.5,2,3,12,2011,8426000.0
57.7,2,9,9,1984,7287000.0
60.5,2,1,9,1987,7681000.0
81.0,3,4,5,1971,9745000.0
83.3,3,7,17,2024,13485000.0
49.6,2,6,9,1993,6791000.0
54.7,2,4,5,1976,5747000.0
47.9,2,4,9,1990,6157000.0
87.9,3,8,9,1991,11043000.0
68.8,3,7,12,2024,6679000.0
27.6,1,4,9,1980,3175000.0
34.4,1,6,9,1997,5714000.0
52.5,1,6,12,2017,7637000.0
52.5,2,1,9,1985,5933000.0
53.2,2,5,5,1971,4704000.0
62.1,2,2,17,2016,7758000.0
45.6,1,4,9,1976,6010000.0
53.5,2,6,9,1987,6531000.0
68.6,3,1,5,1978,6534000.0
54.9,2,8,9,1993,8151000.0
38.1,1,2,12,2023,5423000.0
60.5,2,5,12,2003,7213000.0
62.9,2,4,17,2000,8549000.0
81.1,3,5,5,1961,7766000.0
61.2,2,5,9,1999,7576000.0
61.7,2,15,17,2017,8889000.0
60.8,2,10,25,2011,8053000.0
58.1,2,2,5,1968,5680000.0
59.1,2,7,9,1979,7708000.0
40.0,1,9,9,1990,5527000.0
49.2,2,4,5,1963,5492000.0
47.3,1,1,9,1994,6157000.0
29.3,1,2,5,1962,3318000.0
49.7,2,8,17,2017,5828000.0
34.3,1,6,12,2007,5373000.0
33.8,1,3,5,1981,4304000.0
58.5,2,5,5,1984,7127000.0
56.5,2,9,17,2001,7598000.0
32.2,1,2,5,1971,3882000.0
52.0,2,5,12,2000,7139000.0
37.2,1,7,9,1998,5236000.0
45.3,1,6,12,2023,7810000.0
51.7,2,5,9,1995,7153000.0
22.9,1,4,5,1977,3232000.0
93.8,4,3,9,1984,12766000.0
31.0,1,5,5,1980,3163000.0
67.8,3,1,9,1982,8341000.0
82.1,3,1,12,2003,10444000.0
98.2,4,6,9,1992,12617000.0
64.5,2,1,5,1962,7268000.0
77.6,3,8,12,2002,9982000.0
108.6,4,12,12,2024,15248000.0
43.7,1,18,25,2011,5709000.0
69.7,2,9,12,2018,8710000.0
20.0,1,8,9,1991,2832000.0
63.5,2,12,12,2022,8852000.0
58.2,2,9,25,2016,8401000.0
42.3,1,2,17,2021,5913000.0
68.4,3,1,9,1978,7614000.0
35.0,1,9,9,1981,4094000.0
81.4,3,8,9,1997,10484000.0
36.6,1,7,12,2006,4985000.0
48.0,2,12,17,2021,6499000.0
31.8,1,1,12,2006,4013000.0
44.8,1,1,5,1967,5433000.0
53.1,2,12,17,2018,7361000.0
43.1,1,16,17,2020,6439000.0
47.1,2,9,9,1983,5478000.0
72.4,3,12,12,2023,9247000.0
32.1,1,9,9,1996,4703000.0
75.7,3,14,17,2008,8855000.0
31.0,1,13,17,2013,4526000.0
30.8,1,2,12,2025,4350000.0
50.0,1,11,12,2020,7995000.0
95.4,4,7,17,2017,13119000.0
44.2,1,1,9,1983,5773000.0
82.2,3,9,9,1979,10023000.0
103.4,4,3,17,2007,13595000.0
55.8,2,4,9,1998,8048000.0
56.6,2,5,9,1978,7541000.0
74.3,3,12,17,2019,9548000.0
56.0,2,3,17,2013,8609000.0
35.0,1,4,9,1991,4845000.0
56.8,2,5,9,1995,7897000.0
85.6,3,1,9,1990,9280000.0
84.9,3,9,9,1983,8981000.0
34.1,1,2,5,1964,3630000.0
32.6,1,10,17,2004,3052000.0
82.0,3,4,9,1980,9151000.0
33.5,1,9,9,1980,5069000.0
56.0,2,4,9,1982,7588000.0
36.0,1,14,25,2015,5513000.0
76.9,3,1,9,1988,9444000.0
80.8,3,4,5,1960,8594000.0
45.7,1,5,5,1975,5220000.0
49.8,1,9,12,2014,7148000.0
59.6,2,3,12,2004,7598000.0
28.1,1,5,9,1983,3409000.0
61.4,2,3,9,1977,7503000.0
48.7,2,4,5,1966,5695000.0
31.3,1,3,12,2006,5076000.0
43.6,2,1,12,2015,6222000.0
78.6,3,2,5,1962,7381000.0
61.4,2,2,5,1974,7193000.0
35.9,1,1,5,1966,3445000.0
56.1,2,2,5,1962,4724000.0
86.2,3,9,12,2015,12106000.0
60.9,2,5,5,1965,7075000.0
33.1,1,3,9,1982,4307000.0
38.0,1,2,5,1975,4963000.0
80.1,3,2,25,2023,11117000.0
70.2,3,17,17,2005,8004000.0
48.8,2,9,9,1990,5793000.0
35.2,1,8,9,1976,5031000.0
61.3,2,4,9,1975,7712000.0
77.5,3,7,9,1993,8360000.0
52.4,2,4,5,1973,6377000.0
44.1,1,3,12,2018,7465000.0
74.8,2,3,12,2022,11895000.0
89.7,3,16,17,2003,13433000.0
40.3,1,2,5,1961,4013000.0
59.5,2,14,17,2001,8189000.0
58.2,2,10,17,2011,7952000.0
57.4,2,3,5,1982,7615000.0
40.4,2,8,9,1998,4962000.0
61.8,2,3,5,1970,6685000.0
45.8,1,2,9,1995,6262000.0
28.6,1,9,9,1992,3330000.0
51.4,2,3,12,2018,7673000.0
21.7,1,4,9,1991,2322000.0
54.5,2,10,25,2025,9103000.0
56.7,2,2,5,1963,4684000.0
37.0,1,3,25,2022,6152000.0
57.6,2,3,9,1986,6915000.0
44.1,2,8,17,2024,5615000.0
20.0,1,6,9,1977,2569000.0
55.5,2,4,5,1975,7326000.0
73.2,3,1,17,2003,9753000.0
57.6,2,4,9,1980,7952000.0
58.4,2,8,12,2000,7226000.0
35.0,1,6,12,2004,5072000.0
24.7,1,2,9,1984,2648000.0
38.9,1,3,9,1988,5203000.0
77.7,3,7,17,2004,10701000.0
68.5,2,3,5,1969,7772000.0
39.2,1,11,12,2024,4917000.0
54.0,2,4,17,2008,7105000.0
34.1,1,4,5,1972,5010000.0
41.6,1,5,5,1976,5162000.0
65.5,2,7,17,2018,9069000.0
32.3,1,9,9,1994,4112000.0
62.0,2,5,9,1975,7807000.0
43.9,1,1,5,1968,4042000.0
74.9,2,4,12,2017,9231000.0
75.7,3,1,5,1964,7030000.0
76.2,3,5,9,1988,9001000.0
78.4,3,5,17,2018,13025000.0
87.2,3,6,9,1989,10980000.0
49.6,2,6,9,1978,5783000.0
66.1,2,3,25,2003,9110000.0
52.6,2,6,12,2017,6080000.0
80.8,3,8,17,2017,10313000.0
65.0,2,6,9,1982,7529000.0
34.3,1,16,17,2001,4320000.0
70.1,3,4,5,1975,9245000.0
69.4,3,3,5,1973,8604000.0
68.9,3,5,9,1997,7837000.0
44.3,1,3,9,1975,4841000.0
31.7,1,17,17,2016,3922000.0
31.7,1,5,9,1984,4055000.0
63.7,2,6,12,2015,9345000.0
33.0,1,6,17,2002,4841000.0
64.1,2,6,12,2018,8381000.0
29.2,1,3,9,1985,3756000.0
35.1,1,4,12,2024,5363000.0
52.7,2,3,9,1989,7621000.0
74.6,3,2,5,1977,9523000.0
36.5,1,8,25,2019,4712000.0
63.8,2,3,5,1978,6367000.0
43.6,1,5,5,1966,4911000.0
35.4,1,15,17,2005,4726000.0
60.2,2,7,9,1983,6844000.0
53.1,2,1,12,2012,6279000.0
82.4,3,5,9,1982,10567000.0
67.6,2,4,9,1992,7515000.0
69.1,3,3,9,1977,9700000.0
38.9,1,2,9,1975,4518000.0
20.9,1,9,9,1998,2924000.0
43.1,1,10,17,2017,6015000.0
69.9,3,2,12,2003,7866000.0
28.1,1,6,25,2017,4142000.0
36.0,1,3,5,1975,3940000.0
48.9,2,3,12,2017,7192000.0
32.1,1,5,12,2002,4510000.0
39.5,1,7,25,2013,5412000.0
28.1,1,3,5,1969,3470000.0
41.3,1,10,12,2004,6474000.0
41.7,2,1,17,2007,5171000.0
54.7,2,7,9,1992,6636000.0
32.2,1,7,17,2004,4756000.0
49.8,1,5,5,1971,6066000.0
68.1,3,16,17,2003,8778000.0
62.1,2,13,25,2011,9999000.0
47.1,2,2,12,2012,6494000.0
56.2,2,3,9,1988,8302000.0
34.9,1,3,5,1973,4043000.0
101.0,4,19,25,2018,14929000.0
68.6,2,2,9,1984,8476000.0
37.4,1,1,5,1981,4446000.0
55.8,2,6,12,2008,6223000.0
42.5,1,2,9,1998,7164000.0
43.1,1,3,5,1977,5616000.0
82.7,3,6,9,1991,11491000.0
77.0,3,4,5,1983,8084000.0
33.5,1,7,12,2004,4839000.0
61.0,2,6,12,2001,8143000.0
76.9,3,6,12,2009,9349000.0
24.3,1,3,17,2000,3830000.0
46.4,2,11,17,2007,6558000.0
59.6,2,8,12,2007,8258000.0
53.7,2,1,5,1965,5937000.0
49.1,2,6,12,2020,6585000.0
43.8,2,2,9,1979,5497000.0
93.2,4,1,12,2021,11664000.0
37.0,1,3,12,2020,5674000.0
85.7,3,3,9,1992,11971000.0
37.0,1,24,25,2006,5073000.0
34.0,1,5,5,1963,3614000.0
31.8,1,1,12,2022,4096000.0
62.3,2,3,5,1960,6567000.0
34.9,1,4,25,2021,5886000.0
74.9,3,5,5,1961,7754000.0
51.6,2,2,5,1978,6993000.0
30.4,1,6,9,1977,3943000.0
59.6,2,4,9,1975,6595000.0
76.8,3,2,9,1995,8369000.0
55.3,2,9,12,2012,6718000.0
27.5,1,2,9,1982,3237000.0
77.3,3,2,5,1971,9814000.0
53.3,2,2,9,1982,7542000.0
61.6,2,17,17,2025,8828000.0
36.6,1,12,12,2006,5440000.0
50.4,2,12,17,2022,7034000.0
73.9,3,3,12,2007,9341000.0
33.8,1,6,9,1998,5043000.0
44.9,1,1,5,1974,5117000.0
82.7,3,5,9,1995,11390000.0
46.1,1,1,17,2006,5971000.0
71.0,3,4,25,2011,9365000.0
42.8,1,1,9,1992,5089000.0
52.6,2,5,5,1963,5897000.0
26.2,1,1,5,1965,2881000.0
74.0,3,7,9,1985,8244000.0
54.0,2,7,12,2009,7491000.0
76.2,3,3,5,1978,7691000.0
55.9,2,23,25,2017,7820000.0
45.5,1,3,9,1986,5434000.0
40.8,1,18,25,2016,4227000.0
62.4,2,4,17,2019,11130000.0
59.0,2,3,17,2001,7400000.0
72.0,3,12,12,2018,8728000.0
42.5,2,7,12,2011,6993000.0
57.5,2,12,12,2025,7207000.0
103.4,4,12,12,2010,11084000.0
36.7,1,1,12,2014,4782000.0
78.7,3,6,25,2010,10211000.0
58.7,2,15,17,2010,7748000.0
54.1,2,2,17,2021,7233000.0
34.6,1,8,17,2009,4920000.0
30.9,1,5,9,1993,4876000.0
47.8,1,3,5,1962,4714000.0
89.1,4,7,9,1978,11118000.0
82.1,3,11,12,2002,12512000.0
26.3,1,15,17,2014,3644000.0
107.1,4,2,9,1980,12909000.0
56.0,2,5,12,2008,7737000.0
84.4,3,11,12,2007,9425000.0
39.8,1,5,5,1961,4962000.0
48.0,2,11,12,2018,7009000.0
41.0,2,17,17,2014,5289000.0
30.4,1,1,5,1967,2795000.0
53.3,2,3,12,2018,8160000.0
44.3,2,3,12,2004,6189000.0
36.7,1,5,5,1971,4541000.0
35.4,1,4,5,1971,4589000.0
99.1,4,11,25,2008,11921000.0
37.9,1,2,9,1992,3367000.0
41.6,1,2,9,1999,5723000.0
62.5,2,2,5,1969,7237000.0
55.4,2,1,12,2004,6974000.0
59.3,2,9,12,2014,9785000.0
62.4,3,7,12,2024,8951000.0
41.7,1,2,5,1979,5683000.0
69.7,2,3,17,2023,10729000.0
76.0,3,2,9,1998,8508000.0
81.3,3,3,9,1993,9008000.0
57.1,2,7,9,1995,8441000.0
37.8,1,5,9,1984,4495000.0
59.2,2,3,17,2016,8863000.0
32.0,1,25,25,2005,3891000.0
56.8,2,2,9,1983,7677000.0
30.8,1,6,17,2016,4702000.0
47.3,1,14,17,2017,6864000.0
49.3,2,7,25,2013,7504000.0
62.2,2,6,9,1997,8530000.0
52.5,2,2,12,2005,6730000.0
60.1,2,5,9,1985,7636000.0
58.6,2,3,17,2018,9098000.0
42.3,2,1,5,1975,5128000.0
49.4,2,8,12,2001,6628000.0
33.1,1,2,9,1981,5018000.0
49.2,2,1,9,1995,5432000.0
49.5,2,4,12,2005,5775000.0
56.0,2,4,17,2014,6890000.0
53.6,2,12,12,2024,7574000.0
61.9,2,10,17,2012,8808000.0
88.6,3,2,9,1981,10825000.0
46.1,2,7,12,2019,6284000.0
67.3,2,3,9,1999,11091000.0
60.4,2,1,5,1962,7129000.0
39.1,1,6,12,2014,5119000.0
54.4,2,4,12,2019,7866000.0
56.6,2,11,12,2025,8501000.0
31.6,1,16,17,2002,4756000.0
58.9,2,8,12,2025,7461000.0
64.5,2,3,5,1974,6450000.0
93.1,4,4,5,1962,8719000.0
78.8,3,1,12,2014,11315000.0
41.7,1,2,9,1975,4876000.0
49.8,2,3,5,1980,6679000.0
38.8,1,7,9,1994,5595000.0
38.8,1,9,12,2010,5544000.0
88.1,3,9,9,1999,11825000.0
46.9,1,9,17,2003,5819000.0
54.8,1,6,12,2018,7841000.0
85.1,3,8,9,1996,8535000.0
75.8,3,12,17,2009,10406000.0
81.6,3,7,12,2020,10666000.0
78.3,3,4,12,2003,12664000.0
47.9,2,4,12,2015,6929000.0
29.9,1,3,5,1960,3766000.0
57.7,2,4,12,2012,8736000.0
53.3,2,7,9,1993,6950000.0
48.6,1,8,25,2013,7866000.0
79.6,3,8,17,2012,10989000.0
62.6,2,8,12,2003,8987000.0
41.5,1,2,9,1984,6686000.0
41.2,1,2,9,1982,5426000.0
43.0,1,2,9,1983,5286000.0
73.7,3,2,9,1988,8525000.0
58.0,2,4,9,1982,7202000.0
55.0,2,5,12,2024,8285000.0
56.1,2,4,5,1960,6366000.0
55.8,2,5,25,2010,6623000.0
80.9,3,4,5,1975,7347000.0
56.4,2,23,25,2000,6895000.0
76.1,3,10,25,2018,10783000.0
123.1,4,1,12,2019,15246000.0
104.7,4,13,17,2017,14853000.0
36.7,2,1,9,1981,4266000.0
72.4,3,2,12,2008,9314000.0
51.9,2,1,9,1980,5204000.0
80.8,3,3,9,1994,10861000.0
81.9,3,6,12,2005,11203000.0
70.9,3,6,9,1975,7413000.0
81.6,3,1,12,2005,10438000.0
60.5,2,6,9,1990,8599000.0
29.2,1,5,9,1978,3997000.0
34.7,1,4,5,1962,4473000.0
78.6,3,4,5,1981,8772000.0
42.2,1,7,9,1983,5943000.0
58.8,2,2,5,1983,7279000.0
50.4,2,4,5,1983,7635000.0
64.6,2,1,17,2024,9431000.0
79.6,3,1,5,1981,9016000.0
64.0,2,2,12,2007,10446000.0
79.7,3,7,9,1981,9130000.0
50.3,2,3,17,2011,7513000.0
79.9,3,5,9,1975,11476000.0
47.8,1,2,9,1996,7099000.0
32.7,1,8,12,2011,4849000.0
72.9,3,8,9,1990,8908000.0
55.3,2,7,12,2013,7127000.0
59.5,2,1,5,1970,6159000.0
69.7,2,24,25,2019,9348000.0
66.0,2,1,9,1993,7626000.0
50.8,2,8,9,1993,6602000.0
47.6,1,11,17,2012,7671000.0
60.3,2,2,9,1986,7372000.0
59.5,2,10,17,2009,7857000.0
55.5,2,4,9,1989,7804000.0
56.3,2,16,17,2012,8559000.0
103.8,4,5,5,1972,10769000.0
68.7,2,16,17,2023,10803000.0
66.8,3,12,17,2014,9021000.0
58.6,2,6,9,1991,7472000.0
60.2,2,5,5,1982,8273000.0
38.5,1,1,9,1985,4475000.0
43.4,1,19,25,2009,6034000.0
48.7,2,9,9,1978,5699000.0
68.4,2,9,9,1991,6802000.0
59.0,3,5,5,1973,6409000.0
55.8,2,3,9,1976,6971000.0
65.2,3,6,12,2006,10493000.0
99.7,4,5,25,2015,13548000.0
47.5,1,1,12,2025,6882000.0
52.4,2,12,17,2016,7828000.0
52.2,2,5,12,2021,9427000.0
48.0,1,1,5,1963,5616000.0
38.9,1,4,9,1977,4200000.0
73.0,3,9,12,2022,11726000.0
98.3,4,3,25,2024,12407000.0
75.9,3,1,17,2004,8506000.0
53.2,2,6,9,1980,5743000.0
57.8,2,7,9,1997,9134000.0
46.7,2,4,9,1980,6482000.0
60.0,2,5,25,2005,9311000.0
63.2,2,16,17,2018,10149000.0
24.5,1,3,17,2010,3811000.0
89.4,3,1,9,1993,9909000.0
70.7,3,6,12,2013,9968000.0
48.9,2,5,9,1989,5990000.0
76.6,3,1,9,1979,7542000.0
27.2,1,5,12,2022,3882000.0
52.6,1,2,5,1971,7980000.0
71.0,3,5,5,1972,7509000.0
101.6,4,1,17,2021,13862000.0
52.1,2,10,17,2017,9120000.0
36.4,1,1,9,1977,4460000.0
87.5,3,11,12,2011,11047000.0
24.0,1,3,9,1979,2834000.0
51.1,2,2,17,2012,7349000.0
39.7,1,17,17,2022,7049000.0
76.5,3,4,17,2012,12024000.0
59.5,2,2,17,2005,8663000.0
78.5,3,5,9,1990,9657000.0
33.8,1,1,9,1977,3988000.0
44.8,2,1,9,1981,5121000.0
84.7,3,4,9,1995,11067000.0
31.6,1,7,17,2009,4179000.0
46.5,2,2,9,1978,5206000.0
55.8,2,2,5,1971,6859000.0
91.5,3,1,9,1980,8745000.0
41.7,1,21,25,2017,5847000.0
61.2,2,6,9,1981,7651000.0
78.0,2,6,12,2001,10953000.0
59.9,2,2,9,1997,8900000.0
27.9,1,4,5,1967,2940000.0
50.5,2,7,9,1992,5782000.0
52.7,2,6,17,2023,8838000.0
28.2,1,9,12,2012,4829000.0
54.2,2,10,17,2022,7173000.0
86.1,3,2,9,1977,9339000.0
49.3,1,5,5,1972,6094000.0
53.8,2,17,25,2006,7501000.0
65.4,2,3,9,1975,7975000.0
38.8,1,4,12,2017,5350000.0
28.0,1,12,17,2020,4542000.0
42.4,2,2,9,1990,5370000.0
79.0,3,7,17,2010,10492000.0
38.9,1,1,5,1984,4048000.0
75.7,3,3,9,1991,10303000.0
45.1,2,4,5,1964,5002000.0
28.4,1,9,17,2005,4031000.0
53.7,2,2,9,1988,7727000.0
92.4,4,4,17,2013,11051000.0
37.6,1,19,25,2018,5597000.0
59.5,2,5,12,2004,6912000.0
53.2,2,6,12,2017,7307000.0
36.9,1,1,9,1985,4909000.0
44.2,1,2,9,1998,5179000.0
41.9,1,1,9,1986,5077000.0
34.8,1,3,12,2018,6063000.0
40.4,1,8,25,2020,6449000.0
84.4,3,24,25,2016,11108000.0
106.4,4,6,17,2020,12983000.0
31.1,1,12,17,2016,3740000.0
50.9,2,9,9,1999,7536000.0
22.5,1,7,12,2001,3023000.0
39.6,1,2,17,2005,4629000.0
44.7,1,3,9,1999,5583000.0
60.0,2,24,25,2018,7789000.0
76.0,3,9,9,1980,8243000.0
69.0,2,3,12,2000,11571000.0
57.5,2,12,17,2013,8962000.0
50.5,1,16,25,2022,8073000.0
40.4,1,8,9,1976,5687000.0
75.3,3,5,17,2020,12650000.0
21.4,1,11,12,2020,3409000.0
91.2,4,3,9,1986,12451000.0
49.2,1,9,17,2016,6861000.0
56.9,2,12,12,2022,7298000.0
109.9,4,6,12,2003,12646000.0
44.1,1,3,9,1978,5760000.0
56.8,2,5,9,1981,5218000.0
86.1,3,7,12,2025,14108000.0
44.6,1,8,9,1987,5601000.0
65.8,2,5,5,1976,8244000.0
37.1,1,14,25,2013,4703000.0
34.9,1,12,12,2021,5596000.0
34.8,1,4,17,2016,5902000.0
71.1,3,2,9,1990,9021000.0
39.6,1,2,9,1990,5581000.0
33.0,1,3,9,1980,3792000.0
61.9,2,8,9,1976,7575000.0
34.8,1,1,12,2025,5300000.0
53.7,2,7,12,2016,7518000.0
43.2,1,6,9,1998,6897000.0
67.0,2,2,5,1982,6893000.0
52.5,2,9,9,1976,5876000.0
49.5,2,5,5,1977,4650000.0
42.5,1,4,5,1980,5614000.0
61.4,2,5,25,2019,8778000.0
85.6,3,2,12,2011,11525000.0
34.9,1,3,12,2003,5301000.0
35.3,1,7,9,1983,4451000.0
42.5,1,7,25,2010,7919000.0
58.4,2,10,12,2016,9114000.0
107.9,4,17,17,2012,13680000.0
38.2,1,4,9,1999,4955000.0
43.3,1,6,25,2018,5910000.0
34.7,1,8,17,2007,5206000.0
38.0,1,17,17,2004,4857000.0
64.7,2,2,5,1969,8382000.0
61.0,3,9,9,1989,7186000.0
49.3,1,7,9,1993,6633000.0
74.1,3,8,9,1999,9780000.0
59.5,2,16,17,2008,8196000.0
92.6,3,2,5,1975,11172000.0
53.7,2,4,5,1975,7859000.0
43.4,1,7,9,1982,5911000.0
77.4,3,1,5,1962,8008000.0
54.6,1,8,9,1977,7438000.0
64.7,2,1,17,2009,8089000.0
60.1,3,8,12,2011,7443000.0
43.6,1,2,5,1974,3791000.0
42.1,2,7,9,1989,4322000.0
69.0,3,8,9,1993,9435000.0
102.5,4,2,5,1973,11953000.0
63.3,2,1,12,2010,7914000.0
36.7,1,14,17,2005,6469000.0
65.5,2,14,17,2011,9241000.0
54.5,2,10,17,2017,6034000.0
48.5,2,4,5,1984,6587000.0
81.4,3,19,25,2001,11955000.0
32.1,1,16,17,2025,5307000.0
20.0,1,9,25,2023,3421000.0
53.4,2,4,5,1975,5335000.0
105.9,4,16,25,2003,13716000.0
55.6,2,8,17,2003,6988000.0
100.3,4,7,17,2020,14489000.0
91.8,3,3,5,1976,12472000.0
82.6,3,6,17,2019,11251000.0
71.7,3,15,25,2021,10883000.0
88.3,3,3,12,2009,10953000.0
73.3,3,6,12,2017,10268000.0
61.0,2,24,25,2018,8420000.0
40.3,1,9,9,1985,5916000.0
49.7,1,3,12,2013,6528000.0
22.6,1,8,9,1978,2893000.0
21.0,1,3,25,2015,3543000.0
42.4,1,2,5,1962,4015000.0
82.0,3,5,12,2024,12330000.0
61.6,2,4,12,2021,9169000.0
34.5,1,15,17,2010,4678000.0
80.0,3,3,12,2004,11954000.0
56.0,2,1,25,2020,8659000.0
34.2,1,15,25,2001,5113000.0
75.2,3,4,5,1971,8406000.0
27.3,1,6,9,1987,3085000.0
63.4,2,2,5,1984,8154000.0
29.6,1,2,9,1976,3664000.0
45.9,2,1,12,2004,5632000.0
65.2,3,9,25,2022,8864000.0
49.7,1,3,17,2018,7026000.0
104.0,4,2,5,1983,12281000.0
41.3,1,4,5,1964,4300000.0
68.2,2,6,12,2025,11250000.0
73.5,3,1,12,2002,8073000.0
80.6,3,9,9,1993,9850000.0
44.3,1,8,17,2018,6436000.0
41.2,1,6,25,2010,6384000.0
55.9,2,4,9,1986,7550000.0
40.9,1,16,17,2018,6453000.0
51.3,2,8,9,1994,5979000.0
79.8,3,4,17,2009,10640000.0
46.6,2,3,9,1991,7044000.0
39.6,1,1,5,1971,4227000.0
60.9,2,18,25,2002,9184000.0
77.2,3,7,9,1995,9895000.0
51.3,2,11,17,2007,6925000.0
48.0,2,3,9,1982,6122000.0
21.8,1,5,5,1984,2475000.0
46.2,1,1,5,1984,5908000.0
30.0,1,2,9,1987,3625000.0
53.0,2,10,12,2021,8234000.0
30.4,1,9,9,1987,4227000.0
63.2,2,7,12,2009,9253000.0
55.2,2,7,12,2014,7458000.0
58.9,2,14,17,2022,8865000.0
28.1,1,8,9,1990,3485000.0
80.8,3,15,25,2012,10882000.0
51.5,2,8,9,1985,6193000.0
40.4,1,9,9,1986,4664000.0
44.6,1,2,5,1973,5878000.0
53.4,2,8,9,1994,7741000.0
61.1,2,5,5,1962,7309000.0
50.1,1,5,12,2014,7585000.0
34.6,1,5,9,1985,5197000.0
54.3,1,4,9,1977,6394000.0
98.6,4,5,17,2017,15099000.0
61.2,2,3,9,1982,8360000.0
73.8,2,1,9,1997,8914000.0
77.7,3,1,5,1967,8080000.0
58.5,2,14,17,2012,9176000.0
64.0,2,4,5,1965,7889000.0
42.2,1,2,9,1984,5645000.0
54.3,2,4,12,2014,7429000.0
24.6,1,2,12,2025,3443000.0
56.2,2,7,12,2004,7818000.0
40.1,1,15,17,2000,4960000.0
44.4,1,4,5,1967,5741000.0
38.3,1,1,9,1976,3564000.0
55.0,2,2,9,1975,6874000.0
78.1,3,3,5,1984,9288000.0
47.5,2,5,9,1998,6096000.0
77.9,3,2,9,1990,9512000.0
60.3,2,9,12,2024,6391000.0
53.3,2,4,12,2004,7011000.0
39.5,1,9,9,1993,4647000.0
90.5,3,17,17,2010,10732000.0
37.0,1,1,9,1982,5645000.0
63.8,2,1,9,1978,6079000.0
65.6,2,4,12,2013,9731000.0
51.5,2,1,5,1976,5197000.0
29.7,1,1,5,1968,2941000.0
52.7,2,3,9,1978,5607000.0
85.6,3,25,25,2001,11908000.0
76.4,3,15,17,2009,11638000.0
76.8,3,1,5,1978,7717000.0
32.0,1,5,17,2021,5304000.0
50.1,2,16,17,2008,6282000.0
33.3,1,12,12,2021,4613000.0
77.0,3,13,17,2015,11449000.0
33.6,1,6,9,1994,4118000.0
53.2,2,6,9,1991,6419000.0
85.1,3,10,12,2001,11225000.0
55.0,2,4,12,2022,8158000.0
50.0,2,1,12,2018,5842000.0
42.8,1,5,12,2001,7344000.0
54.8,2,17,25,2015,7216000.0
76.0,3,1,25,2015,10431000.0
54.3,2,5,17,2021,8469000.0
38.0,1,5,17,2013,5145000.0
47.6,1,7,25,2019,7508000.0
48.9,1,2,5,1960,5214000.0
59.9,2,6,9,1983,7587000.0
35.1,1,2,9,1989,5064000.0
63.1,2,13,17,2014,8535000.0
71.6,2,10,12,2024,11100000.0
81.0,3,11,17,2010,10420000.0
36.8,1,2,5,1964,4446000.0
69.8,3,5,9,1982,8550000.0
60.7,2,2,17,2021,8608000.0
62.6,2,3,5,1966,5941000.0
100.9,4,4,9,1980,12636000.0
26.5,1,1,9,1981,3678000.0
63.1,2,9,9,1993,7987000.0
39.6,1,10,17,2013,5473000.0
61.6,2,5,9,1985,7980000.0
58.0,2,8,12,2018,9407000.0
29.2,1,3,5,1973,4083000.0
52.4,2,4,17,2018,8320000.0
57.4,2,4,9,1980,7439000.0
75.4,3,8,12,2000,10548000.0
38.4,1,15,17,2013,5721000.0
33.3,1,9,9,1986,3763000.0
57.0,2,3,17,2011,7764000.0
49.7,1,7,12,2008,6942000.0
58.8,2,9,9,1983,7231000.0
32.9,1,2,5,1973,3359000.0
31.3,1,4,25,2019,4959000.0
83.0,3,4,17,2001,8723000.0
80.3,3,9,9,1988,9887000.0
58.6,2,1,9,1997,7874000.0
71.7,3,1,17,2006,9443000.0
56.8,2,4,12,2014,7408000.0
59.1,2,3,17,2021,9242000.0
90.5,4,2,9,1982,11355000.0
59.5,2,14,17,2018,10135000.0
72.5,2,2,9,1976,9155000.0
60.5,2,8,9,1975,8089000.0
78.5,3,1,12,2018,9517000.0
32.5,1,15,25,2023,4551000.0
27.5,1,8,9,1982,3860000.0
39.6,1,3,9,1981,5541000.0
33.7,1,2,12,2017,4720000.0
35.7,1,9,12,2018,4711000.0
68.6,3,16,17,2012,9555000.0
51.3,2,15,17,2015,7410000.0
55.7,1,5,5,1982,6997000.0
85.2,3,13,25,2010,12660000.0
60.1,2,7,17,2023,9832000.0
52.2,2,16,17,2024,7778000.0
74.3,2,7,12,2021,9849000.0
75.5,3,16,17,2009,9520000.0
38.9,1,5,5,1978,4409000.0
48.8,1,1,9,1999,6036000.0
32.0,1,9,17,2004,4310000.0
67.0,2,9,9,1986,7915000.0
64.7,2,5,5,1963,7089000.0
26.2,1,7,17,2024,3767000.0
42.1,1,1,17,2025,6032000.0
56.6,2,4,5,1975,8118000.0
53.7,2,4,17,2001,7177000.0
57.3,2,5,12,2025,7980000.0
82.9,3,6,12,2003,11336000.0
105.6,4,4,17,2015,13088000.0
28.5,1,6,9,1996,3857000.0
59.9,2,2,5,1970,6613000.0
34.5,1,7,9,1980,3945000.0
61.9,2,3,12,2010,7961000.0
64.4,2,9,12,2009,8446000.0
43.5,1,8,17,2014,5761000.0
73.9,3,17,17,2020,11241000.0
72.6,3,2,12,2025,10958000.0
34.6,1,12,17,2006,5420000.0
39.8,1,1,5,1980,3963000.0
30.6,1,1,5,1974,3329000.0
67.5,2,1,17,2021,9318000.0
78.2,3,4,5,1960,9951000.0
71.2,2,3,9,1982,8244000.0
54.9,2,11,12,2004,6583000.0
79.7,3,9,9,1995,9900000.0
53.5,2,8,17,2025,7457000.0
64.9,2,3,9,1980,9426000.0
63.5,2,1,5,1981,7510000.0
72.5,3,9,9,1998,8694000.0
38.4,1,10,12,2003,5277000.0
42.2,1,1,9,1989,4998000.0
41.4,1,3,12,2003,4787000.0
91.8,3,13,17,2002,12181000.0
73.3,2,22,25,2024,10383000.0
40.5,1,6,9,1990,5764000.0
108.0,4,4,9,1990,11938000.0
74.7,3,2,12,2007,10762000.0
116.0,4,13,25,2020,16789000.0
34.1,1,10,25,2023,5303000.0
82.5,3,6,9,1980,11152000.0
36.3,1,10,17,2020,4458000.0
45.9,1,5,9,1987,6333000.0
43.9,2,5,5,1968,4871000.0
53.6,2,3,5,1968,6241000.0
42.2,1,9,9,1985,4734000.0
69.9,2,7,9,1982,7510000.0
69.3,3,4,5,1972,8737000.0
59.6,2,10,12,2025,9610000.0
53.6,2,5,9,1993,8311000.0
27.5,1,6,12,2024,5055000.0
78.9,3,9,9,1996,8163000.0
51.8,1,5,5,1984,6316000.0
56.3,2,5,9,1975,6998000.0
43.7,1,7,9,1991,6440000.0
70.6,3,2,12,2005,10792000.0
24.8,1,3,5,1971,2732000.0
53.9,2,12,12,2003,6638000.0
61.1,2,2,5,1980,8621000.0
77.8,3,10,12,2015,9020000.0
29.0,1,10,17,2020,3916000.0
50.2,2,4,5,1962,5970000.0
44.2,1,2,9,1999,7411000.0
113.2,4,3,5,1976,10745000.0
58.1,2,6,12,2021,8604000.0
56.3,2,5,9,1992,7775000.0
51.7,2,11,12,2017,8595000.0
20.0,1,5,12,2024,3210000.0
45.4,1,2,25,2025,5713000.0
58.1,2,2,12,2017,7339000.0
118.9,4,12,12,2024,17905000.0
53.7,2,1,9,1982,6318000.0
77.7,3,19,25,2022,9864000.0
36.7,1,16,17,2007,5536000.0
71.0,3,7,9,1987,9070000.0
64.6,2,7,17,2011,6864000.0
47.7,2,9,9,1999,4826000.0
59.0,2,6,17,2014,8715000.0
53.5,2,1,17,2009,8138000.0
54.5,2,1,5,1968,5906000.0
59.5,2,14,17,2002,6132000.0
71.1,2,6,9,1984,7534000.0
46.7,1,6,9,1991,6671000.0
38.6,1,4,9,1989,5523000.0
40.9,1,12,17,2023,6139000.0
42.8,2,2,9,1984,5146000.0
66.0,2,2,5,1979,8799000.0
61.1,2,3,17,2020,9950000.0
64.2,2,3,5,1973,8248000.0
20.0,1,1,5,1975,2037000.0
80.4,3,1,9,1996,10162000.0
31.0,1,2,9,1980,3829000.0
59.1,2,9,9,1981,6577000.0
33.6,1,5,5,1969,3634000.0
58.5,2,20,25,2018,8530000.0
58.8,2,17,17,2017,8559000.0
51.6,2,9,9,1983,4920000.0
64.6,2,9,9,1976,6930000.0
34.9,1,4,9,1983,4321000.0
42.4,1,9,12,2025,7217000.0
54.3,2,2,5,1963,5678000.0
73.5,3,5,5,1970,7741000.0
58.6,2,17,17,2016,8689000.0
35.8,1,5,9,1977,4539000.0
58.9,2,1,9,1989,7896000.0
53.6,2,16,17,2001,7176000.0
74.6,2,12,12,2015,12112000.0
71.3,3,5,9,1978,10237000.0
49.9,2,11,12,2017,7564000.0
28.9,1,3,5,1969,3662000.0
31.6,1,2,17,2005,4758000.0
48.5,2,6,9,1985,6657000.0
62.7,2,11,17,2009,8914000.0
32.3,1,3,25,2000,5039000.0
107.2,4,1,25,2015,13640000.0
30.8,1,11,25,2004,4980000.0
61.7,2,5,12,2008,7376000.0
47.0,1,2,9,1991,6455000.0
68.3,3,2,9,1978,8955000.0
84.4,3,4,12,2001,9838000.0
46.0,1,7,17,2001,6730000.0
80.4,3,1,9,1979,9179000.0
30.4,1,8,25,2001,5001000.0
47.5,2,13,17,2012,6522000.0
71.2,3,16,25,2004,9686000.0
64.6,2,10,17,2000,8258000.0
85.9,3,6,9,1995,10867000.0
73.7,3,4,5,1974,10006000.0
105.5,4,2,5,1978,12108000.0
44.6,1,7,9,1988,5499000.0
39.5,1,6,12,2011,5665000.0
50.8,2,17,17,2001,6219000.0
58.4,2,8,17,2019,8154000.0
51.8,2,12,12,2000,6302000.0
34.5,1,2,5,1962,3853000.0
77.3,3,1,5,1970,7030000.0
101.7,4,4,5,1976,11679000.0
45.3,2,6,9,1998,5486000.0
46.6,1,7,12,2004,7373000.0
31.6,1,5,5,1976,3656000.0
33.7,1,8,9,1992,4736000.0
49.6,2,3,5,1984,6524000.0
83.1,3,8,12,2022,9705000.0
29.9,1,5,9,1977,3676000.0
59.4,2,1,9,1989,8091000.0
66.4,2,6,9,1990,7945000.0
60.1,1,18,25,2014,10903000.0
60.2,2,7,9,1991,8270000.0
56.5,2,9,12,2017,8613000.0
94.0,3,3,17,2022,13769000.0
54.4,2,10,12,2007,8371000.0
66.5,2,14,25,2020,10826000.0
37.3,1,4,9,1988,4940000.0
59.4,1,4,9,1978,7212000.0
51.7,1,4,5,1969,5393000.0
49.9,2,3,12,2019,7882000.0
45.5,1,5,9,1995,6264000.0
37.6,1,1,5,1966,3715000.0
62.0,2,11,12,2022,8630000.0
59.0,2,8,12,2019,8560000.0
21.3,1,2,5,1960,2236000.0
45.6,1,2,12,2020,6934000.0
46.8,2,12,12,2006,5169000.0
40.6,1,1,5,1971,4248000.0
62.5,2,2,9,1978,6792000.0
63.2,2,7,17,2006,8944000.0
36.5,1,5,12,2023,5041000.0
42.4,1,7,9,1989,5335000.0
39.1,1,5,9,1976,6026000.0
29.5,1,12,12,2001,4271000.0
97.4,4,6,25,2004,13302000.0
51.6,2,8,12,2002,7957000.0
51.6,2,1,5,1975,5920000.0
66.0,2,1,9,1978,6278000.0
36.5,1,15,17,2014,4685000.0
36.6,1,1,5,1976,3019000.0
79.6,3,3,25,2010,11085000.0
61.2,3,15,25,2003,7259000.0
55.9,2,1,5,1963,5432000.0
64.5,2,14,25,2003,8557000.0
76.6,3,7,9,1993,9152000.0
31.4,1,8,17,2001,4389000.0
34.2,1,6,9,1990,4448000.0
40.2,1,4,9,1994,5265000.0
61.5,2,4,12,2012,7388000.0
33.0,1,6,17,2007,4859000.0
61.8,2,1,5,1978,8327000.0
74.7,2,12,12,2021,10735000.0
59.9,2,2,5,1961,8331000.0
35.2,1,6,9,1991,4463000.0
33.0,2,1,9,1997,3870000.0
61.7,2,9,9,1986,7456000.0
39.3,1,6,9,1988,5126000.0
35.6,1,4,5,1971,4881000.0
74.2,2,1,5,1981,6500000.0
47.8,1,4,5,1972,5630000.0
79.1,3,5,9,1984,11283000.0
46.0,2,5,25,2003,5991000.0
35.0,1,5,5,1966,4357000.0
55.8,2,17,25,2021,8710000.0
58.5,2,9,17,2001,7894000.0
40.2,1,6,12,2014,6131000.0
29.3,1,9,12,2003,4108000.0
49.0,2,16,17,2008,5396000.0
45.7,1,4,5,1983,6204000.0
29.9,1,2,12,2005,4001000.0
51.6,1,3,12,2016,6630000.0
39.9,1,12,12,2006,5637000.0
64.0,2,4,17,2015,9500000.0
76.8,3,2,5,1976,9946000.0
59.8,2,12,12,2007,7707000.0
67.2,2,8,12,2002,9960000.0
78.8,3,3,9,1999,10305000.0
29.9,1,8,9,1995,4231000.0
23.9,1,6,12,2021,3786000.0
59.1,2,4,17,2019,7484000.0
57.8,2,7,9,1980,7442000.0
61.8,2,14,17,2024,9297000.0
42.9,1,5,9,1997,5757000.0
29.9,1,5,5,1977,3628000.0
43.2,2,1,5,1970,5779000.0
75.3,3,5,5,1965,6470000.0
55.7,2,3,9,1987,7037000.0
32.0,1,4,9,1983,4490000.0
62.1,2,17,17,2007,7194000.0
39.3,1,6,17,2012,5978000.0
48.9,1,1,5,1973,5621000.0
43.5,1,3,9,1975,4578000.0
62.9,2,2,9,1979,7315000.0
72.6,3,5,12,2005,11444000.0
45.9,2,5,5,1968,4302000.0
37.5,1,1,5,1979,4113000.0
45.5,1,1,25,2012,5907000.0
29.8,1,17,17,2000,3956000.0
79.1,3,2,5,1981,9150000.0
47.9,2,3,9,1999,6510000.0
29.7,1,3,9,1980,3789000.0
67.5,2,12,17,2006,10030000.0
66.6,2,8,12,2009,10143000.0
103.0,4,3,5,1963,11525000.0
75.4,3,1,17,2017,9748000.0
39.6,1,7,9,1990,4472000.0
51.4,2,6,9,1993,6833000.0
57.2,2,5,9,1985,8067000.0
40.3,1,4,9,1991,4545000.0
58.6,2,6,9,1976,6199000.0
56.1,2,8,9,1981,8036000.0
38.0,1,6,9,1983,4193000.0
48.3,2,3,5,1984,6039000.0
72.0,2,3,17,2024,10129000.0
40.7,1,4,5,1973,5768000.0
32.5,1,5,5,1976,3999000.0
46.3,2,5,12,2014,7158000.0
40.6,1,2,17,2006,5845000.0
82.8,3,11,17,2006,13340000.0
33.6,1,2,9,1988,4127000.0
35.8,1,6,9,1983,4806000.0
47.1,1,14,17,2008,7653000.0
68.0,2,2,12,2016,11275000.0
47.4,2,1,9,1995,5503000.0
49.5,2,8,25,2001,5366000.0
29.2,1,2,5,1971,3448000.0
82.9,3,16,25,2021,13874000.0
49.1,1,14,17,2015,6731000.0
45.3,1,10,12,2001,6539000.0
32.3,1,13,25,2014,4628000.0
47.0,1,1,17,2005,5988000.0
52.6,2,2,5,1982,7450000.0
39.6,1,6,9,1996,5578000.0
34.5,1,4,5,1970,5078000.0
75.9,3,1,9,1991,9457000.0
31.2,1,14,17,2003,4470000.0
81.7,3,5,9,1993,10296000.0
62.6,2,3,9,1979,7989000.0
37.2,1,5,12,2022,4973000.0
53.9,2,15,17,2011,6823000.0
63.3,2,5,5,1978,7953000.0
46.2,1,1,9,1975,5681000.0
97.0,3,1,5,1970,8686000.0
54.8,2,12,12,2024,8418000.0
83.7,3,4,5,1981,9922000.0
83.6,3,9,12,2005,10254000.0
43.1,1,9,9,1978,5032000.0
35.2,1,1,5,1976,4336000.0
26.3,1,3,25,2011,4076000.0
76.0,3,5,5,1984,9093000.0
71.1,3,4,9,1984,9025000.0
50.9,2,2,5,1982,5646000.0
40.1,1,7,9,1988,5612000.0
35.2,1,3,12,2006,4809000.0
77.7,3,1,9,1997,10878000.0
67.1,3,1,5,1982,7042000.0
40.0,1,3,9,1998,6774000.0
45.6,1,6,12,2010,6528000.0
38.1,1,4,17,2023,5776000.0
41.8,1,1,12,2002,5143000.0
81.2,3,7,12,2007,9573000.0
64.7,2,2,9,1994,9671000.0
58.8,2,5,9,1997,7936000.0
52.3,2,3,5,1964,6395000.0
31.5,1,8,9,1978,4642000.0
32.8,1,6,9,1987,4277000.0
87.4,3,7,12,2003,11489000.0
56.4,2,9,12,2005,7906000.0
56.9,2,22,25,2001,6742000.0
36.4,1,1,5,1964,3178000.0
20.0,1,12,12,2014,2386000.0
38.5,1,14,17,2007,6222000.0
62.8,2,2,12,2001,8258000.0
57.2,2,6,9,1995,8176000.0
55.4,2,2,9,1997,7214000.0
77.7,3,3,5,1964,7289000.0
48.7,2,8,9,1983,6656000.0
47.1,2,8,17,2024,6390000.0
38.4,1,3,5,1967,4894000.0
79.9,3,4,9,1988,10865000.0
59.8,2,9,17,2015,8562000.0
47.5,1,17,17,2024,7262000.0
54.7,2,8,9,1976,5715000.0
56.4,2,1,12,2002,8955000.0
76.1,3,4,9,1978,9457000.0
88.1,3,2,5,1974,11098000.0
44.4,2,6,9,1979,5996000.0
66.4,2,7,12,2014,9380000.0
34.2,1,10,25,2025,5316000.0
56.2,2,5,5,1977,7243000.0
59.7,3,4,12,2012,7912000.0
57.4,2,8,9,1985,7569000.0
49.6,2,8,12,2009,7291000.0
80.7,3,1,5,1963,7459000.0
46.2,1,6,9,1994,6571000.0
46.6,1,15,17,2004,5496000.0
45.1,2,7,12,2021,7248000.0
73.0,3,3,9,1975,9915000.0
67.5,3,3,9,1987,9124000.0
60.0,2,3,9,1988,8871000.0
79.1,3,4,9,1996,9416000.0
64.6,2,2,17,2015,9082000.0
40.1,1,21,25,2012,5955000.0
74.4,3,3,9,1989,9422000.0
26.9,1,5,9,1983,3339000.0
33.4,1,12,17,2002,4275000.0
65.7,2,7,9,1976,9386000.0
25.7,1,9,12,2011,3442000.0
38.0,1,2,9,1998,6135000.0
35.0,1,10,17,2017,5494000.0
36.0,1,6,12,2023,5622000.0
34.7,1,12,17,2025,5642000.0
51.2,2,6,17,2003,8086000.0
84.0,3,3,9,1999,8085000.0
82.1,3,10,17,2019,12027000.0
73.6,3,9,17,2014,10359000.0
61.2,2,4,9,1975,7559000.0
54.9,2,5,5,1967,6662000.0
37.1,1,3,5,1976,4379000.0
45.2,1,5,9,1979,5098000.0
57.0,2,8,9,1981,6121000.0
57.1,2,8,12,2002,7086000.0
70.6,3,1,5,1965,7601000.0
58.2,2,11,17,2012,8689000.0
41.8,1,6,9,1990,6090000.0
74.4,3,7,9,1991,8952000.0
61.9,2,9,9,1980,6993000.0
76.7,3,8,9,1979,10688000.0
79.8,3,8,9,1992,11139000.0
46.8,1,7,9,1978,6384000.0
33.7,1,2,5,1971,3383000.0
42.2,1,1,17,2015,6740000.0
40.4,1,15,17,2010,5824000.0
27.5,1,2,9,1985,3663000.0
47.3,2,2,17,2022,7302000.0
57.9,3,10,17,2005,7873000.0
71.7,3,4,5,1975,8272000.0
64.0,2,15,25,2005,8972000.0
28.7,1,10,17,2008,4406000.0
35.4,1,3,9,1992,5186000.0
63.1,2,4,5,1960,7986000.0
43.4,1,4,5,1977,4880000.0
69.6,3,5,5,1978,7440000.0
81.8,3,11,17,2008,12021000.0
58.6,2,6,9,1988,6352000.0
57.4,2,2,17,2011,8257000.0
32.5,1,13,17,2009,4340000.0
62.9,2,6,12,2008,9283000.0
41.4,1,9,12,2011,5537000.0
45.2,1,2,5,1964,5174000.0
62.6,2,5,9,1997,8125000.0
57.6,2,1,12,2018,7729000.0
50.9,2,2,5,1969,6575000.0
53.0,2,5,5,1961,6297000.0
63.1,2,7,17,2005,8898000.0
72.4,3,4,12,2021,9173000.0
99.8,4,7,9,1979,14517000.0
72.1,3,5,12,2000,9368000.0
74.5,3,6,17,2025,11074000.0
53.4,2,4,9,1992,7157000.0
57.4,2,4,5,1982,7441000.0
34.1,1,8,25,2025,4814000.0
34.7,1,9,9,1989,4586000.0
85.0,3,2,5,1961,11028000.0
77.4,3,4,9,1995,7936000.0
56.0,2,11,17,2014,8048000.0
63.6,2,8,9,1985,7166000.0
32.0,1,8,9,1987,4646000.0
36.8,1,9,9,1994,5304000.0
49.1,2,3,25,2014,6944000.0
57.0,2,1,5,1969,6084000.0
83.3,3,9,12,2016,10618000.0
32.3,1,17,25,2004,3505000.0
54.9,2,3,5,1960,6025000.0
68.0,2,19,25,2018,9683000.0
103.4,4,9,25,2011,13762000.0
82.3,3,17,17,2024,7575000.0
78.9,2,7,9,1981,8138000.0
116.9,4,2,12,2001,12669000.0
59.5,2,15,17,2020,8798000.0
34.7,1,1,25,2014,4887000.0
43.7,2,5,5,1979,4532000.0
37.4,1,10,17,2012,5334000.0
57.4,2,8,9,1981,6740000.0
84.4,3,2,5,1973,11810000.0
78.4,3,2,9,1994,9631000.0
41.0,1,14,17,2015,5825000.0
32.3,1,8,9,1983,3850000.0
40.1,1,3,12,2018,4877000.0
33.6,1,1,25,2021,4890000.0
29.8,1,9,9,1979,3512000.0
50.5,2,8,12,2009,6817000.0
63.0,2,4,9,1982,8032000.0
87.9,3,8,9,1988,9216000.0
39.8,1,5,12,2010,6816000.0
35.3,1,3,25,2000,4033000.0
38.6,1,1,12,2009,5929000.0
33.1,1,10,17,2001,4636000.0
44.1,2,5,5,1966,4679000.0
27.9,1,6,9,1991,4003000.0
50.1,2,4,12,2004,6656000.0
71.5,3,3,5,1983,9517000.0
65.8,2,7,9,1984,8569000.0
56.5,2,1,12,2004,7497000.0
22.9,1,1,5,1964,2701000.0
90.5,3,1,9,1983,9744000.0
52.2,1,2,12,2010,8328000.0
33.3,1,2,12,2014,5178000.0
34.2,1,4,25,2004,5505000.0
33.2,1,1,12,2016,4288000.0
63.2,2,4,9,1993,9439000.0
108.7,4,2,25,2013,13398000.0
74.1,3,4,17,2020,8408000.0
50.7,2,4,9,1998,5877000.0
67.9,2,1,5,1961,6698000.0
64.7,2,9,12,2013,9475000.0
73.2,3,1,12,2019,9331000.0
61.3,2,2,17,2003,9062000.0
52.1,2,3,17,2002,6257000.0
67.8,2,7,12,2014,11388000.0
67.1,2,15,25,2021,11206000.0
36.2,1,7,12,2015,5875000.0
45.0,1,4,5,1969,6166000.0
66.5,2,12,17,2017,8142000.0
79.5,3,1,9,1993,9739000.0
67.8,2,17,17,2001,9403000.0
102.9,4,4,25,2009,14837000.0
31.1,1,4,12,2023,5164000.0
48.5,2,6,12,2001,6885000.0
67.1,2,7,9,1990,9056000.0
73.5,3,9,9,1979,9345000.0
35.2,1,9,9,1978,3978000.0
46.0,2,10,12,2016,6885000.0
40.8,1,10,17,2012,5653000.0
55.7,2,11,12,2022,8105000.0
86.3,3,3,5,1981,7631000.0
47.7,1,3,9,1986,5728000.0
91.8,3,15,17,2016,12272000.0
77.7,3,6,9,1983,9060000.0
34.6,1,1,12,2019,4537000.0
82.5,3,7,17,2000,9530000.0
34.0,1,3,12,2023,5031000.0
43.2,1,5,9,1975,5992000.0
54.6,2,16,17,2001,7200000.0
62.8,2,1,5,1973,7671000.0
60.4,2,1,25,2004,8403000.0
24.0,1,3,5,1960,2630000.0
75.0,3,1,5,1960,7791000.0
54.5,2,8,17,2014,6782000.0
30.4,1,2,9,1996,3735000.0
66.3,2,7,17,2000,9075000.0
36.1,1,6,17,2020,5740000.0
38.4,1,11,17,2015,6618000.0
58.0,2,5,25,2009,8013000.0
59.1,2,1,9,1979,6685000.0
36.1,1,11,17,2001,5113000.0
78.3,3,1,5,1973,9665000.0
47.1,1,3,9,1985,6996000.0
54.0,2,11,17,2018,8160000.0
43.4,1,2,9,1993,6353000.0
54.9,2,4,12,2018,8268000.0
38.5,1,5,12,2002,6005000.0
65.0,2,7,12,2010,9955000.0
61.7,2,23,25,2019,8741000.0
44.0,1,1,5,1975,5004000.0
44.6,1,8,12,2016,6753000.0
59.3,2,13,17,2019,8794000.0
39.7,1,2,9,1978,4781000.0
61.9,2,4,5,1974,7723000.0
44.4,2,8,12,2023,6251000.0
59.5,2,8,9,1985,7109000.0
94.1,4,5,5,1975,10028000.0
57.7,2,1,17,2019,7790000.0
70.2,3,8,12,2020,11187000.0
89.4,3,10,25,2003,12704000.0
80.7,3,13,17,2004,11945000.0
30.1,1,5,12,2018,5321000.0
80.4,3,1,5,1975,7997000.0
90.4,3,8,9,1993,12318000.0
66.2,2,3,5,1983,8952000.0
33.4,1,14,25,2015,5084000.0
101.1,4,3,5,1960,11629000.0
58.5,2,5,9,1977,7222000.0
64.6,2,4,12,2001,9370000.0
85.0,3,1,9,1984,8031000.0
42.4,1,5,9,1980,5430000.0
40.2,1,10,12,2007,6188000.0
54.8,2,1,5,1965,6289000.0
69.6,2,4,5,1979,7857000.0
79.2,3,6,9,1993,9993000.0
54.6,2,11,17,2015,7018000.0
75.4,3,12,12,2003,9135000.0
42.4,1,9,9,1990,5562000.0
52.5,2,11,12,2023,8594000.0
30.2,1,8,9,1983,4274000.0
66.5,2,2,25,2023,10084000.0
76.5,3,3,5,1968,8122000.0
38.4,1,3,12,2007,5443000.0
88.8,3,5,17,2004,14832000.0
46.5,1,11,17,2020,6052000.0
39.9,1,3,5,1976,4410000.0
44.8,1,7,9,1998,6314000.0
49.7,2,6,17,2015,7653000.0
40.7,1,3,5,1977,5584000.0
56.9,2,14,17,2021,8617000.0
61.6,2,4,17,2005,7219000.0
33.6,1,8,17,2009,4762000.0
60.8,2,1,5,1979,5565000.0
50.5,2,2,17,2024,7816000.0
78.9,3,9,12,2015,11486000.0
46.5,1,11,17,2018,6894000.0
35.1,1,4,5,1967,3728000.0
60.2,2,4,5,1977,6764000.0
45.1,2,6,9,1979,4666000.0
49.4,2,4,5,1972,5876000.0
82.8,3,8,12,2014,15121000.0
69.0,3,14,25,2005,9136000.0
30.7,1,8,9,1976,3697000.0
57.6,2,1,17,2022,7826000.0
62.8,2,2,5,1974,6708000.0
83.8,3,4,5,1970,8536000.0
35.8,1,3,5,1964,3987000.0
60.1,2,5,9,1984,8265000.0
90.1,3,8,25,2019,13166000.0
67.8,2,3,5,1979,8241000.0
67.2,2,6,12,2017,10470000.0
77.0,3,4,9,1986,11125000.0
85.4,3,15,25,2024,13216000.0
38.8,1,4,5,1976,4381000.0
43.8,1,4,9,1991,4780000.0
67.3,2,5,5,1963,6043000.0
77.3,3,5,9,1993,10689000.0
107.1,4,8,9,1999,12491000.0
68.3,3,16,17,2022,10570000.0
67.8,2,7,12,2017,9381000.0
33.8,1,8,12,2019,5293000.0
69.3,2,4,12,2020,10875000.0
59.7,2,5,5,1969,6162000.0
58.2,2,6,9,1988,8100000.0
60.0,2,3,25,2019,8186000.0
63.3,2,8,17,2012,8365000.0
77.7,3,10,17,2013,11615000.0
44.9,1,5,17,2003,6751000.0
62.9,2,3,5,1963,7533000.0
57.1,2,4,9,1998,6819000.0
51.4,2,1,5,1982,5570000.0
54.6,2,3,9,1978,7176000.0
43.1,1,2,5,1970,6471000.0
45.3,1,8,9,1975,6695000.0
36.7,1,8,12,2005,4988000.0
41.8,1,12,17,2004,5545000.0
57.1,2,16,17,2004,9217000.0
32.5,1,14,25,2011,5033000.0
63.5,2,5,5,1974,6940000.0
41.7,1,3,5,1965,5038000.0
44.3,2,4,12,2011,5488000.0
53.4,2,1,9,1998,7102000.0
32.0,1,1,9,1996,4509000.0
64.0,2,6,9,1988,9497000.0
74.4,3,4,9,1996,10666000.0
35.0,1,4,12,2022,5166000.0
48.7,2,3,9,1985,6733000.0
32.9,1,9,12,2007,5420000.0
32.6,1,3,12,2019,5378000.0
69.1,2,8,9,1981,9348000.0
42.0,1,2,9,1998,5929000.0
84.7,3,4,5,1965,8622000.0
49.6,1,1,9,1999,7361000.0
31.3,1,11,17,2012,4574000.0
53.4,2,5,17,2005,8275000.0
63.2,2,2,12,2019,11520000.0
56.4,2,1,9,1996,7370000.0
53.9,1,1,12,2001,7604000.0
69.9,3,2,12,2010,8649000.0
94.3,4,5,9,1982,10249000.0
61.5,2,12,12,2021,9688000.0
76.1,3,9,9,1978,8132000.0
54.9,2,6,12,2006,6595000.0
34.0,1,3,17,2014,4191000.0
38.1,1,3,5,1983,4838000.0
42.7,1,1,17,2018,5638000.0
101.9,4,4,5,1969,12367000.0
35.8,1,3,5,1962,3792000.0
57.8,2,13,25,2009,9235000.0
20.4,1,21,25,2018,2692000.0
65.0,2,5,5,1962,6201000.0
46.2,1,5,9,1992,6324000.0
87.0,3,4,5,1964,9742000.0
38.2,1,4,9,1996,5551000.0
75.0,3,9,17,2000,8673000.0
91.7,3,16,25,2005,12700000.0
53.1,2,1,12,2006,5518000.0
46.8,1,5,9,1976,4592000.0
47.6,1,5,12,2016,8388000.0
75.4,3,5,9,1997,10778000.0
32.4,1,24,25,2021,4920000.0
32.6,1,9,17,2002,3663000.0
50.8,2,11,12,2001,6589000.0
36.1,1,8,9,1992,5093000.0
35.3,1,3,9,1988,4469000.0
69.0,2,2,5,1975,9673000.0
55.8,2,15,17,2011,8396000.0
48.1,1,4,9,1992,5895000.0
65.0,2,2,9,1982,6840000.0
53.1,2,4,9,1975,7002000.0
63.6,2,5,17,2002,9411000.0
40.2,1,2,5,1983,5612000.0
63.7,2,8,17,2021,10957000.0
55.2,2,1,17,2006,7208000.0
62.3,2,19,25,2001,8548000.0
41.4,1,7,9,1990,5965000.0
34.8,1,1,9,1983,4567000.0
